ISO-10303-21;
HEADER;
/* Generated by software containing ST-Developer
 * from STEP Tools, Inc. (www.steptools.com) 
 */

FILE_DESCRIPTION(
/* description */ (''),
/* implementation_level */ '2;1');

FILE_NAME(
/* name */ 'SideKick.step',
/* time_stamp */ '2026-09-22T09:45:30+02:00',
/* author */ (''),
/* organization */ (''),
/* preprocessor_version */ 'ST-DEVELOPER v20.2',
/* originating_system */ 'Autodesk Translation Framework v15.15.0.0',
/* authorisation */ '');

FILE_SCHEMA (('AUTOMOTIVE_DESIGN { 1 0 10303 214 3 1 1 }'));
ENDSEC;

DATA;
#10=MECHANICAL_DESIGN_GEOMETRIC_PRESENTATION_REPRESENTATION('',(#13,#14),
#9042);
#11=SHAPE_REPRESENTATION_RELATIONSHIP('SRR','None',#9048,#12);
#12=ADVANCED_BREP_SHAPE_REPRESENTATION('',(#15,#16),#9041);
#13=STYLED_ITEM('',(#9057),#15);
#14=STYLED_ITEM('',(#9057),#16);
#15=MANIFOLD_SOLID_BREP('SideKickTop',#5301);
#16=MANIFOLD_SOLID_BREP('SideKickBottom',#5302);
#17=TOROIDAL_SURFACE('',#5540,1.5,1.);
#18=TOROIDAL_SURFACE('',#5544,1.5,1.);
#19=TOROIDAL_SURFACE('',#5553,0.999999999999984,0.499999999999997);
#20=TOROIDAL_SURFACE('',#5560,0.999999999999997,0.500000000000001);
#21=TOROIDAL_SURFACE('',#5570,21.5,0.5);
#22=TOROIDAL_SURFACE('',#5581,21.5,0.5);
#23=TOROIDAL_SURFACE('',#5597,1.,0.5);
#24=TOROIDAL_SURFACE('',#5601,1.,0.5);
#25=TOROIDAL_SURFACE('',#5608,1.,0.5);
#26=TOROIDAL_SURFACE('',#5610,1.,0.5);
#27=B_SPLINE_CURVE_WITH_KNOTS('',3,(#8267,#8268,#8269,#8270),
 .UNSPECIFIED.,.F.,.F.,(4,4),(0.0548604608145977,0.0979665914485515),
 .UNSPECIFIED.);
#28=B_SPLINE_CURVE_WITH_KNOTS('',3,(#8271,#8272,#8273,#8274),
 .UNSPECIFIED.,.F.,.F.,(4,4),(-0.0979665914485515,-0.0548604608145977),
 .UNSPECIFIED.);
#29=B_SPLINE_CURVE_WITH_KNOTS('',3,(#8328,#8329,#8330,#8331),
 .UNSPECIFIED.,.F.,.F.,(4,4),(-0.0431061295964633,-5.06840778780575E-16),
 .UNSPECIFIED.);
#30=B_SPLINE_CURVE_WITH_KNOTS('',3,(#8332,#8333,#8334,#8335),
 .UNSPECIFIED.,.F.,.F.,(4,4),(5.06840778780575E-16,0.0431061295964633),
 .UNSPECIFIED.);
#31=B_SPLINE_CURVE_WITH_KNOTS('',3,(#8471,#8472,#8473,#8474,#8475),
 .UNSPECIFIED.,.F.,.F.,(4,1,4),(-0.155999573836544,-0.104860877992145,-0.0537221821477469),
 .UNSPECIFIED.);
#32=B_SPLINE_CURVE_WITH_KNOTS('',3,(#8477,#8478,#8479,#8480,#8481,#8482,
#8483,#8484,#8485,#8486),.UNSPECIFIED.,.F.,.F.,(4,2,2,2,4),(-0.00034255911034095,
0.,0.0235249996804655,0.046602994758366,0.0703536769376688),
 .UNSPECIFIED.);
#33=B_SPLINE_CURVE_WITH_KNOTS('',3,(#8487,#8488,#8489,#8490),
 .UNSPECIFIED.,.F.,.F.,(4,4),(0.126259675479879,0.155999573836544),
 .UNSPECIFIED.);
#34=B_SPLINE_CURVE_WITH_KNOTS('',3,(#8547,#8548,#8549,#8550),
 .UNSPECIFIED.,.F.,.F.,(4,4),(0.867853741827796,0.897593640088598),
 .UNSPECIFIED.);
#35=B_SPLINE_CURVE_WITH_KNOTS('',3,(#8552,#8553,#8554,#8555,#8556,#8557,
#8558,#8559,#8560,#8561),.UNSPECIFIED.,.F.,.F.,(4,2,2,2,4),(0.,0.0119786459420388,
0.0352865439549396,0.070170886073801,0.0705114162596792),.UNSPECIFIED.);
#36=B_SPLINE_CURVE_WITH_KNOTS('',3,(#8562,#8563,#8564,#8565,#8566),
 .UNSPECIFIED.,.F.,.F.,(4,1,4),(-0.970131133517012,-0.918992437672404,-0.867853741827796),
 .UNSPECIFIED.);
#37=B_SPLINE_CURVE_WITH_KNOTS('',3,(#8607,#8608,#8609,#8610,#8611,#8612,
#8613,#8614,#8615,#8616,#8617,#8618,#8619,#8620),.UNSPECIFIED.,.F.,.F.,
(4,2,2,2,2,2,4),(-0.000386718525644598,0.,0.0171296588474808,0.0337055930497382,
0.0545327756540701,0.0724067025298376,0.0891011881892088),.UNSPECIFIED.);
#38=B_SPLINE_CURVE_WITH_KNOTS('',3,(#8622,#8623,#8624,#8625,#8626,#8627,
#8628,#8629,#8630,#8631,#8632,#8633,#8634,#8635),.UNSPECIFIED.,.F.,.F.,
(4,2,2,2,2,2,4),(-0.0887879801746421,-0.0884042863665432,-0.0714086064996207,
-0.0549623203967526,-0.0342980368850573,-0.0165639103137896,0.),
 .UNSPECIFIED.);
#39=B_SPLINE_SURFACE_WITH_KNOTS('',3,3,((#8154,#8155,#8156,#8157,#8158),
(#8159,#8160,#8161,#8162,#8163),(#8164,#8165,#8166,#8167,#8168),(#8169,
#8170,#8171,#8172,#8173),(#8174,#8175,#8176,#8177,#8178)),.UNSPECIFIED.,
 .F.,.F.,.F.,(4,1,4),(4,1,4),(0.,0.5,1.),(-1.06499286965962E-16,0.336599212884621,
0.785398163397448),.UNSPECIFIED.);
#40=B_SPLINE_SURFACE_WITH_KNOTS('',3,3,((#8186,#8187,#8188,#8189,#8190),
(#8191,#8192,#8193,#8194,#8195),(#8196,#8197,#8198,#8199,#8200),(#8201,
#8202,#8203,#8204,#8205),(#8206,#8207,#8208,#8209,#8210)),.UNSPECIFIED.,
 .F.,.F.,.F.,(4,1,4),(4,1,4),(0.,0.5,1.),(-0.785398163397448,-0.448798950512828,
0.),.UNSPECIFIED.);
#41=B_SPLINE_SURFACE_WITH_KNOTS('',3,3,((#8220,#8221,#8222,#8223),(#8224,
#8225,#8226,#8227),(#8228,#8229,#8230,#8231),(#8232,#8233,#8234,#8235),
(#8236,#8237,#8238,#8239)),.UNSPECIFIED.,.F.,.F.,.F.,(4,1,4),(4,4),(0.,
0.5,1.),(0.785398163397453,0.864220704513814),.UNSPECIFIED.);
#42=B_SPLINE_SURFACE_WITH_KNOTS('',3,3,((#8245,#8246,#8247,#8248),(#8249,
#8250,#8251,#8252),(#8253,#8254,#8255,#8256),(#8257,#8258,#8259,#8260),
(#8261,#8262,#8263,#8264)),.UNSPECIFIED.,.F.,.F.,.F.,(4,1,4),(4,4),(0.,
0.571428571428571,1.),(0.0548604608145977,0.0979665914485515),
 .UNSPECIFIED.);
#43=B_SPLINE_SURFACE_WITH_KNOTS('',3,3,((#8281,#8282,#8283,#8284),(#8285,
#8286,#8287,#8288),(#8289,#8290,#8291,#8292),(#8293,#8294,#8295,#8296),
(#8297,#8298,#8299,#8300)),.UNSPECIFIED.,.F.,.F.,.F.,(4,1,4),(4,4),(0.,
0.5,1.),(-0.86422070451383,-0.78539816339745),.UNSPECIFIED.);
#44=B_SPLINE_SURFACE_WITH_KNOTS('',3,3,((#8306,#8307,#8308,#8309),(#8310,
#8311,#8312,#8313),(#8314,#8315,#8316,#8317),(#8318,#8319,#8320,#8321),
(#8322,#8323,#8324,#8325)),.UNSPECIFIED.,.F.,.F.,.F.,(4,1,4),(4,4),(0.,
0.571428571428571,1.),(5.06840778780575E-16,0.0431061295964633),
 .UNSPECIFIED.);
#45=B_SPLINE_SURFACE_WITH_KNOTS('',3,3,((#8442,#8443,#8444,#8445,#8446),
(#8447,#8448,#8449,#8450,#8451),(#8452,#8453,#8454,#8455,#8456),(#8457,
#8458,#8459,#8460,#8461),(#8462,#8463,#8464,#8465,#8466)),.UNSPECIFIED.,
 .F.,.F.,.F.,(4,1,4),(4,1,4),(0.,0.571428571428571,1.),(0.0537221821477469,
0.104860877992145,0.155999573836544),.UNSPECIFIED.);
#46=B_SPLINE_SURFACE_WITH_KNOTS('',3,3,((#8497,#8498,#8499,#8500),(#8501,
#8502,#8503,#8504),(#8505,#8506,#8507,#8508),(#8509,#8510,#8511,#8512),
(#8513,#8514,#8515,#8516)),.UNSPECIFIED.,.F.,.F.,.F.,(4,1,4),(4,4),(0.,
0.5,1.),(-5.33824035951986,-4.71238898038469),.UNSPECIFIED.);
#47=B_SPLINE_SURFACE_WITH_KNOTS('',3,3,((#8519,#8520,#8521,#8522,#8523),
(#8524,#8525,#8526,#8527,#8528),(#8529,#8530,#8531,#8532,#8533),(#8534,
#8535,#8536,#8537,#8538),(#8539,#8540,#8541,#8542,#8543)),.UNSPECIFIED.,
 .F.,.F.,.F.,(4,1,4),(4,1,4),(0.,0.571428571428571,1.),(0.867853741827796,
0.918992437672404,0.970131133517012),.UNSPECIFIED.);
#48=B_SPLINE_SURFACE_WITH_KNOTS('',3,3,((#8567,#8568,#8569,#8570),(#8571,
#8572,#8573,#8574),(#8575,#8576,#8577,#8578),(#8579,#8580,#8581,#8582),
(#8583,#8584,#8585,#8586)),.UNSPECIFIED.,.F.,.F.,.F.,(4,1,4),(4,4),(0.,
0.5,1.),(-1.5707963267949,-0.944944947659733),.UNSPECIFIED.);
#49=(
BOUNDED_SURFACE()
B_SPLINE_SURFACE(1,2,((#7801,#7802,#7803),(#7804,#7805,#7806)),
 .UNSPECIFIED.,.F.,.F.,.F.)
B_SPLINE_SURFACE_WITH_KNOTS((2,2),(3,3),(-2.16786136316041E-16,0.241481029547747),
(-0.78539816339745,0.785398163397449),.UNSPECIFIED.)
GEOMETRIC_REPRESENTATION_ITEM()
RATIONAL_B_SPLINE_SURFACE(((1.,0.707106781186547,1.),(1.,0.707106781186547,
1.)))
REPRESENTATION_ITEM('')
SURFACE()
);
#50=ELLIPSE('',#5335,22.7761162452412,22.);
#51=ELLIPSE('',#5410,22.7761162452412,22.);
#52=ELLIPSE('',#5446,2.06828854481704,0.5);
#53=ELLIPSE('',#5447,21.7408382340939,21.);
#54=ELLIPSE('',#5448,21.7408382340939,21.);
#55=ELLIPSE('',#5449,2.06828854481704,0.5);
#56=ELLIPSE('',#5471,1.10352969048315,1.);
#57=ELLIPSE('',#5472,0.551764845241577,0.5);
#58=ELLIPSE('',#5473,0.551764845241577,0.5);
#59=ELLIPSE('',#5474,1.10352969048315,1.);
#60=ELLIPSE('',#5515,1.00434756020836,1.);
#61=ELLIPSE('',#5518,5.751195165151,1.);
#62=ELLIPSE('',#5520,22.7082374287622,22.);
#63=ELLIPSE('',#5524,22.7082374287622,22.);
#64=ELLIPSE('',#5526,1.00434756020836,1.);
#65=ELLIPSE('',#5527,5.751195165151,1.);
#66=ELLIPSE('',#5529,1.5253692259967,1.5);
#67=ELLIPSE('',#5530,0.57162161927079,0.5);
#68=ELLIPSE('',#5535,0.57162161927079,0.5);
#69=ELLIPSE('',#5536,1.5253692259967,1.5);
#70=ELLIPSE('',#5558,2.62483736054953,0.5);
#71=ELLIPSE('',#5566,2.62483736054953,0.5);
#72=ELLIPSE('',#5587,1.11803398874989,0.5);
#73=ELLIPSE('',#5593,1.11803398874989,0.5);
#74=ELLIPSE('',#5594,1.41421356237309,1.);
#75=ELLIPSE('',#5596,1.41421356237309,1.);
#76=FACE_BOUND('',#642,.T.);
#77=FACE_BOUND('',#643,.T.);
#78=FACE_BOUND('',#652,.T.);
#79=FACE_BOUND('',#653,.T.);
#80=FACE_BOUND('',#655,.T.);
#81=FACE_BOUND('',#657,.T.);
#82=FACE_BOUND('',#658,.T.);
#83=FACE_BOUND('',#765,.T.);
#84=FACE_BOUND('',#778,.T.);
#85=FACE_BOUND('',#779,.T.);
#86=FACE_BOUND('',#780,.T.);
#87=FACE_BOUND('',#781,.T.);
#88=FACE_BOUND('',#782,.T.);
#89=FACE_BOUND('',#795,.T.);
#90=FACE_BOUND('',#796,.T.);
#91=FACE_BOUND('',#824,.T.);
#92=FACE_BOUND('',#862,.T.);
#93=FACE_BOUND('',#867,.T.);
#94=FACE_BOUND('',#872,.T.);
#95=FACE_BOUND('',#887,.T.);
#96=FACE_BOUND('',#895,.T.);
#97=FACE_BOUND('',#897,.T.);
#98=FACE_BOUND('',#900,.T.);
#99=FACE_BOUND('',#903,.T.);
#100=FACE_BOUND('',#906,.T.);
#101=FACE_BOUND('',#909,.T.);
#102=FACE_BOUND('',#912,.T.);
#103=FACE_BOUND('',#927,.T.);
#104=FACE_BOUND('',#930,.T.);
#105=FACE_BOUND('',#932,.T.);
#106=FACE_BOUND('',#934,.T.);
#107=FACE_BOUND('',#936,.T.);
#108=FACE_BOUND('',#939,.T.);
#109=FACE_BOUND('',#942,.T.);
#110=FACE_BOUND('',#945,.T.);
#111=FACE_BOUND('',#948,.T.);
#112=FACE_BOUND('',#950,.T.);
#113=FACE_BOUND('',#951,.T.);
#114=FACE_BOUND('',#952,.T.);
#115=FACE_BOUND('',#953,.T.);
#116=FACE_BOUND('',#954,.T.);
#117=CIRCLE('',#5308,4.088);
#118=CIRCLE('',#5309,4.088);
#119=CIRCLE('',#5312,4.088);
#120=CIRCLE('',#5313,4.088);
#121=CIRCLE('',#5316,4.088);
#122=CIRCLE('',#5317,4.088);
#123=CIRCLE('',#5319,22.);
#124=CIRCLE('',#5322,1.3954);
#125=CIRCLE('',#5323,1.3954);
#126=CIRCLE('',#5325,4.088);
#127=CIRCLE('',#5328,4.088);
#128=CIRCLE('',#5331,0.750000000000001);
#129=CIRCLE('',#5332,0.750000000000002);
#130=CIRCLE('',#5336,0.750000000000001);
#131=CIRCLE('',#5337,0.750000000000002);
#132=CIRCLE('',#5345,10.2493955979804);
#133=CIRCLE('',#5347,10.2493955979804);
#134=CIRCLE('',#5452,6.00000026080395);
#135=CIRCLE('',#5453,6.00000026080395);
#136=CIRCLE('',#5456,6.00000026080395);
#137=CIRCLE('',#5457,6.00000026080395);
#138=CIRCLE('',#5460,6.00000026080395);
#139=CIRCLE('',#5461,6.00000026080395);
#140=CIRCLE('',#5464,6.00000026080395);
#141=CIRCLE('',#5465,6.00000026080395);
#142=CIRCLE('',#5467,1.);
#143=CIRCLE('',#5468,1.);
#144=CIRCLE('',#5476,0.5);
#145=CIRCLE('',#5477,0.5);
#146=CIRCLE('',#5478,0.999999999999999);
#147=CIRCLE('',#5479,1.);
#148=CIRCLE('',#5480,0.999999999999999);
#149=CIRCLE('',#5481,1.);
#150=CIRCLE('',#5483,1.);
#151=CIRCLE('',#5486,0.999999999999999);
#152=CIRCLE('',#5489,0.999999999999999);
#153=CIRCLE('',#5492,1.);
#154=CIRCLE('',#5495,1.5);
#155=CIRCLE('',#5497,1.);
#156=CIRCLE('',#5498,1.);
#157=CIRCLE('',#5499,1.3954);
#158=CIRCLE('',#5500,1.3954);
#159=CIRCLE('',#5504,0.499999999999998);
#160=CIRCLE('',#5507,1.5);
#161=CIRCLE('',#5509,0.499999999999998);
#162=CIRCLE('',#5514,1.);
#163=CIRCLE('',#5517,0.999999999999996);
#164=CIRCLE('',#5519,1.00000000000001);
#165=CIRCLE('',#5522,0.999999999999988);
#166=CIRCLE('',#5523,1.00000000000001);
#167=CIRCLE('',#5528,1.);
#168=CIRCLE('',#5531,1.);
#169=CIRCLE('',#5533,0.999999999999998);
#170=CIRCLE('',#5534,1.);
#171=CIRCLE('',#5537,1.);
#172=CIRCLE('',#5539,1.);
#173=CIRCLE('',#5541,0.5);
#174=CIRCLE('',#5543,1.00000000000001);
#175=CIRCLE('',#5545,0.5);
#176=CIRCLE('',#5547,0.499999999999997);
#177=CIRCLE('',#5551,0.500000000000002);
#178=CIRCLE('',#5554,0.499999999999997);
#179=CIRCLE('',#5555,0.500000000000003);
#180=CIRCLE('',#5556,0.999999999999989);
#181=CIRCLE('',#5561,0.5);
#182=CIRCLE('',#5562,0.99999999999999);
#183=CIRCLE('',#5563,0.5);
#184=CIRCLE('',#5571,0.499999999999996);
#185=CIRCLE('',#5572,21.5);
#186=CIRCLE('',#5573,0.5);
#187=CIRCLE('',#5574,22.);
#188=CIRCLE('',#5578,0.500000000000007);
#189=CIRCLE('',#5580,21.5);
#190=CIRCLE('',#5582,0.5);
#191=CIRCLE('',#5583,22.);
#192=CIRCLE('',#5588,0.5);
#193=CIRCLE('',#5589,0.499999999999998);
#194=CIRCLE('',#5591,0.499999999999998);
#195=CIRCLE('',#5592,0.499999999999998);
#196=CIRCLE('',#5595,0.5);
#197=CIRCLE('',#5598,0.5);
#198=CIRCLE('',#5599,1.5);
#199=CIRCLE('',#5602,1.5);
#200=CIRCLE('',#5604,1.5);
#201=CIRCLE('',#5607,1.5);
#202=CIRCLE('',#5629,3.);
#203=CIRCLE('',#5630,3.);
#204=CIRCLE('',#5632,3.);
#205=CIRCLE('',#5633,3.);
#206=CIRCLE('',#5640,1.3954);
#207=CIRCLE('',#5641,1.3954);
#208=CIRCLE('',#5642,1.39539999999996);
#209=CIRCLE('',#5643,1.39540000000002);
#210=CIRCLE('',#5653,3.);
#211=CIRCLE('',#5654,3.);
#212=CIRCLE('',#5655,3.);
#213=CIRCLE('',#5656,3.);
#214=CIRCLE('',#5657,3.);
#215=CIRCLE('',#5659,2.);
#216=CIRCLE('',#5660,1.);
#217=CIRCLE('',#5662,2.1);
#218=CIRCLE('',#5663,2.1);
#219=CIRCLE('',#5665,3.);
#220=CIRCLE('',#5666,3.);
#221=CIRCLE('',#5668,2.1);
#222=CIRCLE('',#5669,2.1);
#223=CIRCLE('',#5671,3.);
#224=CIRCLE('',#5673,2.1);
#225=CIRCLE('',#5674,2.1);
#226=CIRCLE('',#5676,3.);
#227=CIRCLE('',#5677,3.);
#228=CIRCLE('',#5679,2.);
#229=CIRCLE('',#5681,3.);
#230=CIRCLE('',#5683,2.1);
#231=CIRCLE('',#5684,2.1);
#232=CIRCLE('',#5686,3.);
#233=CIRCLE('',#5688,3.);
#234=CIRCLE('',#5695,3.);
#235=CIRCLE('',#5702,1.);
#236=CIRCLE('',#5704,2.);
#237=CIRCLE('',#5706,2.);
#238=CIRCLE('',#5708,0.999999999999999);
#239=CIRCLE('',#5710,0.999999999999999);
#240=CIRCLE('',#5712,1.);
#241=CIRCLE('',#5714,1.);
#242=CIRCLE('',#5716,1.);
#243=CIRCLE('',#5718,2.1);
#244=CIRCLE('',#5720,0.999999999999999);
#245=CIRCLE('',#5722,2.1);
#246=CIRCLE('',#5724,0.999999999999999);
#247=CIRCLE('',#5726,2.1);
#248=CIRCLE('',#5728,1.);
#249=CIRCLE('',#5730,2.1);
#250=CIRCLE('',#5732,0.5);
#251=CIRCLE('',#5733,0.5);
#252=CIRCLE('',#5734,2.1);
#253=CIRCLE('',#5735,2.1);
#254=CIRCLE('',#5736,2.1);
#255=CIRCLE('',#5737,2.1);
#256=CIRCLE('',#5740,0.5);
#257=CIRCLE('',#5743,1.3954);
#258=CIRCLE('',#5746,1.3954);
#259=CIRCLE('',#5749,1.3954);
#260=CIRCLE('',#5751,0.5);
#261=CIRCLE('',#5753,1.3954);
#262=CYLINDRICAL_SURFACE('',#5307,4.088);
#263=CYLINDRICAL_SURFACE('',#5311,4.088);
#264=CYLINDRICAL_SURFACE('',#5324,4.088);
#265=CYLINDRICAL_SURFACE('',#5327,4.088);
#266=CYLINDRICAL_SURFACE('',#5346,10.2493955979804);
#267=CYLINDRICAL_SURFACE('',#5360,0.750000000000001);
#268=CYLINDRICAL_SURFACE('',#5361,0.750000000000002);
#269=CYLINDRICAL_SURFACE('',#5451,6.);
#270=CYLINDRICAL_SURFACE('',#5455,6.);
#271=CYLINDRICAL_SURFACE('',#5459,6.);
#272=CYLINDRICAL_SURFACE('',#5463,6.);
#273=CYLINDRICAL_SURFACE('',#5466,1.);
#274=CYLINDRICAL_SURFACE('',#5482,1.);
#275=CYLINDRICAL_SURFACE('',#5485,0.999999999999999);
#276=CYLINDRICAL_SURFACE('',#5488,0.999999999999999);
#277=CYLINDRICAL_SURFACE('',#5491,1.);
#278=CYLINDRICAL_SURFACE('',#5503,0.5);
#279=CYLINDRICAL_SURFACE('',#5508,0.5);
#280=CYLINDRICAL_SURFACE('',#5510,1.3954);
#281=CYLINDRICAL_SURFACE('',#5511,1.3954);
#282=CYLINDRICAL_SURFACE('',#5513,1.);
#283=CYLINDRICAL_SURFACE('',#5516,1.);
#284=CYLINDRICAL_SURFACE('',#5521,1.);
#285=CYLINDRICAL_SURFACE('',#5525,1.);
#286=CYLINDRICAL_SURFACE('',#5532,1.);
#287=CYLINDRICAL_SURFACE('',#5538,1.);
#288=CYLINDRICAL_SURFACE('',#5542,1.);
#289=CYLINDRICAL_SURFACE('',#5546,0.5);
#290=CYLINDRICAL_SURFACE('',#5550,0.5);
#291=CYLINDRICAL_SURFACE('',#5557,0.5);
#292=CYLINDRICAL_SURFACE('',#5559,0.5);
#293=CYLINDRICAL_SURFACE('',#5564,0.5);
#294=CYLINDRICAL_SURFACE('',#5565,0.5);
#295=CYLINDRICAL_SURFACE('',#5568,22.);
#296=CYLINDRICAL_SURFACE('',#5575,22.);
#297=CYLINDRICAL_SURFACE('',#5577,0.5);
#298=CYLINDRICAL_SURFACE('',#5584,22.);
#299=CYLINDRICAL_SURFACE('',#5586,0.5);
#300=CYLINDRICAL_SURFACE('',#5590,0.5);
#301=CYLINDRICAL_SURFACE('',#5600,0.5);
#302=CYLINDRICAL_SURFACE('',#5603,1.5);
#303=CYLINDRICAL_SURFACE('',#5606,1.5);
#304=CYLINDRICAL_SURFACE('',#5609,0.5);
#305=CYLINDRICAL_SURFACE('',#5628,3.);
#306=CYLINDRICAL_SURFACE('',#5631,3.);
#307=CYLINDRICAL_SURFACE('',#5661,2.1);
#308=CYLINDRICAL_SURFACE('',#5667,2.1);
#309=CYLINDRICAL_SURFACE('',#5672,2.1);
#310=CYLINDRICAL_SURFACE('',#5678,2.);
#311=CYLINDRICAL_SURFACE('',#5682,2.1);
#312=CYLINDRICAL_SURFACE('',#5687,3.);
#313=CYLINDRICAL_SURFACE('',#5689,3.);
#314=CYLINDRICAL_SURFACE('',#5690,3.);
#315=CYLINDRICAL_SURFACE('',#5691,3.);
#316=CYLINDRICAL_SURFACE('',#5693,3.);
#317=CYLINDRICAL_SURFACE('',#5694,3.);
#318=CYLINDRICAL_SURFACE('',#5697,3.);
#319=CYLINDRICAL_SURFACE('',#5701,1.);
#320=CYLINDRICAL_SURFACE('',#5705,2.);
#321=CYLINDRICAL_SURFACE('',#5715,1.);
#322=CYLINDRICAL_SURFACE('',#5719,0.999999999999999);
#323=CYLINDRICAL_SURFACE('',#5723,0.999999999999999);
#324=CYLINDRICAL_SURFACE('',#5727,1.);
#325=CYLINDRICAL_SURFACE('',#5739,0.5);
#326=CYLINDRICAL_SURFACE('',#5742,1.3954);
#327=CYLINDRICAL_SURFACE('',#5745,1.3954);
#328=CYLINDRICAL_SURFACE('',#5748,1.3954);
#329=CYLINDRICAL_SURFACE('',#5750,0.5);
#330=CYLINDRICAL_SURFACE('',#5757,1.3954);
#331=CYLINDRICAL_SURFACE('',#5759,2.1);
#332=CYLINDRICAL_SURFACE('',#5760,2.1);
#333=CYLINDRICAL_SURFACE('',#5761,2.1);
#334=CYLINDRICAL_SURFACE('',#5762,2.1);
#335=FACE_OUTER_BOUND('',#634,.T.);
#336=FACE_OUTER_BOUND('',#635,.T.);
#337=FACE_OUTER_BOUND('',#636,.T.);
#338=FACE_OUTER_BOUND('',#637,.T.);
#339=FACE_OUTER_BOUND('',#638,.T.);
#340=FACE_OUTER_BOUND('',#639,.T.);
#341=FACE_OUTER_BOUND('',#640,.T.);
#342=FACE_OUTER_BOUND('',#641,.T.);
#343=FACE_OUTER_BOUND('',#644,.T.);
#344=FACE_OUTER_BOUND('',#645,.T.);
#345=FACE_OUTER_BOUND('',#646,.T.);
#346=FACE_OUTER_BOUND('',#647,.T.);
#347=FACE_OUTER_BOUND('',#648,.T.);
#348=FACE_OUTER_BOUND('',#649,.T.);
#349=FACE_OUTER_BOUND('',#650,.T.);
#350=FACE_OUTER_BOUND('',#651,.T.);
#351=FACE_OUTER_BOUND('',#654,.T.);
#352=FACE_OUTER_BOUND('',#656,.T.);
#353=FACE_OUTER_BOUND('',#659,.T.);
#354=FACE_OUTER_BOUND('',#660,.T.);
#355=FACE_OUTER_BOUND('',#661,.T.);
#356=FACE_OUTER_BOUND('',#662,.T.);
#357=FACE_OUTER_BOUND('',#663,.T.);
#358=FACE_OUTER_BOUND('',#664,.T.);
#359=FACE_OUTER_BOUND('',#665,.T.);
#360=FACE_OUTER_BOUND('',#666,.T.);
#361=FACE_OUTER_BOUND('',#667,.T.);
#362=FACE_OUTER_BOUND('',#668,.T.);
#363=FACE_OUTER_BOUND('',#669,.T.);
#364=FACE_OUTER_BOUND('',#670,.T.);
#365=FACE_OUTER_BOUND('',#671,.T.);
#366=FACE_OUTER_BOUND('',#672,.T.);
#367=FACE_OUTER_BOUND('',#673,.T.);
#368=FACE_OUTER_BOUND('',#674,.T.);
#369=FACE_OUTER_BOUND('',#675,.T.);
#370=FACE_OUTER_BOUND('',#676,.T.);
#371=FACE_OUTER_BOUND('',#677,.T.);
#372=FACE_OUTER_BOUND('',#678,.T.);
#373=FACE_OUTER_BOUND('',#679,.T.);
#374=FACE_OUTER_BOUND('',#680,.T.);
#375=FACE_OUTER_BOUND('',#681,.T.);
#376=FACE_OUTER_BOUND('',#682,.T.);
#377=FACE_OUTER_BOUND('',#683,.T.);
#378=FACE_OUTER_BOUND('',#684,.T.);
#379=FACE_OUTER_BOUND('',#685,.T.);
#380=FACE_OUTER_BOUND('',#686,.T.);
#381=FACE_OUTER_BOUND('',#687,.T.);
#382=FACE_OUTER_BOUND('',#688,.T.);
#383=FACE_OUTER_BOUND('',#689,.T.);
#384=FACE_OUTER_BOUND('',#690,.T.);
#385=FACE_OUTER_BOUND('',#691,.T.);
#386=FACE_OUTER_BOUND('',#692,.T.);
#387=FACE_OUTER_BOUND('',#693,.T.);
#388=FACE_OUTER_BOUND('',#694,.T.);
#389=FACE_OUTER_BOUND('',#695,.T.);
#390=FACE_OUTER_BOUND('',#696,.T.);
#391=FACE_OUTER_BOUND('',#697,.T.);
#392=FACE_OUTER_BOUND('',#698,.T.);
#393=FACE_OUTER_BOUND('',#699,.T.);
#394=FACE_OUTER_BOUND('',#700,.T.);
#395=FACE_OUTER_BOUND('',#701,.T.);
#396=FACE_OUTER_BOUND('',#702,.T.);
#397=FACE_OUTER_BOUND('',#703,.T.);
#398=FACE_OUTER_BOUND('',#704,.T.);
#399=FACE_OUTER_BOUND('',#705,.T.);
#400=FACE_OUTER_BOUND('',#706,.T.);
#401=FACE_OUTER_BOUND('',#707,.T.);
#402=FACE_OUTER_BOUND('',#708,.T.);
#403=FACE_OUTER_BOUND('',#709,.T.);
#404=FACE_OUTER_BOUND('',#710,.T.);
#405=FACE_OUTER_BOUND('',#711,.T.);
#406=FACE_OUTER_BOUND('',#712,.T.);
#407=FACE_OUTER_BOUND('',#713,.T.);
#408=FACE_OUTER_BOUND('',#714,.T.);
#409=FACE_OUTER_BOUND('',#715,.T.);
#410=FACE_OUTER_BOUND('',#716,.T.);
#411=FACE_OUTER_BOUND('',#717,.T.);
#412=FACE_OUTER_BOUND('',#718,.T.);
#413=FACE_OUTER_BOUND('',#719,.T.);
#414=FACE_OUTER_BOUND('',#720,.T.);
#415=FACE_OUTER_BOUND('',#721,.T.);
#416=FACE_OUTER_BOUND('',#722,.T.);
#417=FACE_OUTER_BOUND('',#723,.T.);
#418=FACE_OUTER_BOUND('',#724,.T.);
#419=FACE_OUTER_BOUND('',#725,.T.);
#420=FACE_OUTER_BOUND('',#726,.T.);
#421=FACE_OUTER_BOUND('',#727,.T.);
#422=FACE_OUTER_BOUND('',#728,.T.);
#423=FACE_OUTER_BOUND('',#729,.T.);
#424=FACE_OUTER_BOUND('',#730,.T.);
#425=FACE_OUTER_BOUND('',#731,.T.);
#426=FACE_OUTER_BOUND('',#732,.T.);
#427=FACE_OUTER_BOUND('',#733,.T.);
#428=FACE_OUTER_BOUND('',#734,.T.);
#429=FACE_OUTER_BOUND('',#735,.T.);
#430=FACE_OUTER_BOUND('',#736,.T.);
#431=FACE_OUTER_BOUND('',#737,.T.);
#432=FACE_OUTER_BOUND('',#738,.T.);
#433=FACE_OUTER_BOUND('',#739,.T.);
#434=FACE_OUTER_BOUND('',#740,.T.);
#435=FACE_OUTER_BOUND('',#741,.T.);
#436=FACE_OUTER_BOUND('',#742,.T.);
#437=FACE_OUTER_BOUND('',#743,.T.);
#438=FACE_OUTER_BOUND('',#744,.T.);
#439=FACE_OUTER_BOUND('',#745,.T.);
#440=FACE_OUTER_BOUND('',#746,.T.);
#441=FACE_OUTER_BOUND('',#747,.T.);
#442=FACE_OUTER_BOUND('',#748,.T.);
#443=FACE_OUTER_BOUND('',#749,.T.);
#444=FACE_OUTER_BOUND('',#750,.T.);
#445=FACE_OUTER_BOUND('',#751,.T.);
#446=FACE_OUTER_BOUND('',#752,.T.);
#447=FACE_OUTER_BOUND('',#753,.T.);
#448=FACE_OUTER_BOUND('',#754,.T.);
#449=FACE_OUTER_BOUND('',#755,.T.);
#450=FACE_OUTER_BOUND('',#756,.T.);
#451=FACE_OUTER_BOUND('',#757,.T.);
#452=FACE_OUTER_BOUND('',#758,.T.);
#453=FACE_OUTER_BOUND('',#759,.T.);
#454=FACE_OUTER_BOUND('',#760,.T.);
#455=FACE_OUTER_BOUND('',#761,.T.);
#456=FACE_OUTER_BOUND('',#762,.T.);
#457=FACE_OUTER_BOUND('',#763,.T.);
#458=FACE_OUTER_BOUND('',#764,.T.);
#459=FACE_OUTER_BOUND('',#766,.T.);
#460=FACE_OUTER_BOUND('',#767,.T.);
#461=FACE_OUTER_BOUND('',#768,.T.);
#462=FACE_OUTER_BOUND('',#769,.T.);
#463=FACE_OUTER_BOUND('',#770,.T.);
#464=FACE_OUTER_BOUND('',#771,.T.);
#465=FACE_OUTER_BOUND('',#772,.T.);
#466=FACE_OUTER_BOUND('',#773,.T.);
#467=FACE_OUTER_BOUND('',#774,.T.);
#468=FACE_OUTER_BOUND('',#775,.T.);
#469=FACE_OUTER_BOUND('',#776,.T.);
#470=FACE_OUTER_BOUND('',#777,.T.);
#471=FACE_OUTER_BOUND('',#783,.T.);
#472=FACE_OUTER_BOUND('',#784,.T.);
#473=FACE_OUTER_BOUND('',#785,.T.);
#474=FACE_OUTER_BOUND('',#786,.T.);
#475=FACE_OUTER_BOUND('',#787,.T.);
#476=FACE_OUTER_BOUND('',#788,.T.);
#477=FACE_OUTER_BOUND('',#789,.T.);
#478=FACE_OUTER_BOUND('',#790,.T.);
#479=FACE_OUTER_BOUND('',#791,.T.);
#480=FACE_OUTER_BOUND('',#792,.T.);
#481=FACE_OUTER_BOUND('',#793,.T.);
#482=FACE_OUTER_BOUND('',#794,.T.);
#483=FACE_OUTER_BOUND('',#797,.T.);
#484=FACE_OUTER_BOUND('',#798,.T.);
#485=FACE_OUTER_BOUND('',#799,.T.);
#486=FACE_OUTER_BOUND('',#800,.T.);
#487=FACE_OUTER_BOUND('',#801,.T.);
#488=FACE_OUTER_BOUND('',#802,.T.);
#489=FACE_OUTER_BOUND('',#803,.T.);
#490=FACE_OUTER_BOUND('',#804,.T.);
#491=FACE_OUTER_BOUND('',#805,.T.);
#492=FACE_OUTER_BOUND('',#806,.T.);
#493=FACE_OUTER_BOUND('',#807,.T.);
#494=FACE_OUTER_BOUND('',#808,.T.);
#495=FACE_OUTER_BOUND('',#809,.T.);
#496=FACE_OUTER_BOUND('',#810,.T.);
#497=FACE_OUTER_BOUND('',#811,.T.);
#498=FACE_OUTER_BOUND('',#812,.T.);
#499=FACE_OUTER_BOUND('',#813,.T.);
#500=FACE_OUTER_BOUND('',#814,.T.);
#501=FACE_OUTER_BOUND('',#815,.T.);
#502=FACE_OUTER_BOUND('',#816,.T.);
#503=FACE_OUTER_BOUND('',#817,.T.);
#504=FACE_OUTER_BOUND('',#818,.T.);
#505=FACE_OUTER_BOUND('',#819,.T.);
#506=FACE_OUTER_BOUND('',#820,.T.);
#507=FACE_OUTER_BOUND('',#821,.T.);
#508=FACE_OUTER_BOUND('',#822,.T.);
#509=FACE_OUTER_BOUND('',#823,.T.);
#510=FACE_OUTER_BOUND('',#825,.T.);
#511=FACE_OUTER_BOUND('',#826,.T.);
#512=FACE_OUTER_BOUND('',#827,.T.);
#513=FACE_OUTER_BOUND('',#828,.T.);
#514=FACE_OUTER_BOUND('',#829,.T.);
#515=FACE_OUTER_BOUND('',#830,.T.);
#516=FACE_OUTER_BOUND('',#831,.T.);
#517=FACE_OUTER_BOUND('',#832,.T.);
#518=FACE_OUTER_BOUND('',#833,.T.);
#519=FACE_OUTER_BOUND('',#834,.T.);
#520=FACE_OUTER_BOUND('',#835,.T.);
#521=FACE_OUTER_BOUND('',#836,.T.);
#522=FACE_OUTER_BOUND('',#837,.T.);
#523=FACE_OUTER_BOUND('',#838,.T.);
#524=FACE_OUTER_BOUND('',#839,.T.);
#525=FACE_OUTER_BOUND('',#840,.T.);
#526=FACE_OUTER_BOUND('',#841,.T.);
#527=FACE_OUTER_BOUND('',#842,.T.);
#528=FACE_OUTER_BOUND('',#843,.T.);
#529=FACE_OUTER_BOUND('',#844,.T.);
#530=FACE_OUTER_BOUND('',#845,.T.);
#531=FACE_OUTER_BOUND('',#846,.T.);
#532=FACE_OUTER_BOUND('',#847,.T.);
#533=FACE_OUTER_BOUND('',#848,.T.);
#534=FACE_OUTER_BOUND('',#849,.T.);
#535=FACE_OUTER_BOUND('',#850,.T.);
#536=FACE_OUTER_BOUND('',#851,.T.);
#537=FACE_OUTER_BOUND('',#852,.T.);
#538=FACE_OUTER_BOUND('',#853,.T.);
#539=FACE_OUTER_BOUND('',#854,.T.);
#540=FACE_OUTER_BOUND('',#855,.T.);
#541=FACE_OUTER_BOUND('',#856,.T.);
#542=FACE_OUTER_BOUND('',#857,.T.);
#543=FACE_OUTER_BOUND('',#858,.T.);
#544=FACE_OUTER_BOUND('',#859,.T.);
#545=FACE_OUTER_BOUND('',#860,.T.);
#546=FACE_OUTER_BOUND('',#861,.T.);
#547=FACE_OUTER_BOUND('',#863,.T.);
#548=FACE_OUTER_BOUND('',#864,.T.);
#549=FACE_OUTER_BOUND('',#865,.T.);
#550=FACE_OUTER_BOUND('',#866,.T.);
#551=FACE_OUTER_BOUND('',#868,.T.);
#552=FACE_OUTER_BOUND('',#869,.T.);
#553=FACE_OUTER_BOUND('',#870,.T.);
#554=FACE_OUTER_BOUND('',#871,.T.);
#555=FACE_OUTER_BOUND('',#873,.T.);
#556=FACE_OUTER_BOUND('',#874,.T.);
#557=FACE_OUTER_BOUND('',#875,.T.);
#558=FACE_OUTER_BOUND('',#876,.T.);
#559=FACE_OUTER_BOUND('',#877,.T.);
#560=FACE_OUTER_BOUND('',#878,.T.);
#561=FACE_OUTER_BOUND('',#879,.T.);
#562=FACE_OUTER_BOUND('',#880,.T.);
#563=FACE_OUTER_BOUND('',#881,.T.);
#564=FACE_OUTER_BOUND('',#882,.T.);
#565=FACE_OUTER_BOUND('',#883,.T.);
#566=FACE_OUTER_BOUND('',#884,.T.);
#567=FACE_OUTER_BOUND('',#885,.T.);
#568=FACE_OUTER_BOUND('',#886,.T.);
#569=FACE_OUTER_BOUND('',#888,.T.);
#570=FACE_OUTER_BOUND('',#889,.T.);
#571=FACE_OUTER_BOUND('',#890,.T.);
#572=FACE_OUTER_BOUND('',#891,.T.);
#573=FACE_OUTER_BOUND('',#892,.T.);
#574=FACE_OUTER_BOUND('',#893,.T.);
#575=FACE_OUTER_BOUND('',#894,.T.);
#576=FACE_OUTER_BOUND('',#896,.T.);
#577=FACE_OUTER_BOUND('',#898,.T.);
#578=FACE_OUTER_BOUND('',#899,.T.);
#579=FACE_OUTER_BOUND('',#901,.T.);
#580=FACE_OUTER_BOUND('',#902,.T.);
#581=FACE_OUTER_BOUND('',#904,.T.);
#582=FACE_OUTER_BOUND('',#905,.T.);
#583=FACE_OUTER_BOUND('',#907,.T.);
#584=FACE_OUTER_BOUND('',#908,.T.);
#585=FACE_OUTER_BOUND('',#910,.T.);
#586=FACE_OUTER_BOUND('',#911,.T.);
#587=FACE_OUTER_BOUND('',#913,.T.);
#588=FACE_OUTER_BOUND('',#914,.T.);
#589=FACE_OUTER_BOUND('',#915,.T.);
#590=FACE_OUTER_BOUND('',#916,.T.);
#591=FACE_OUTER_BOUND('',#917,.T.);
#592=FACE_OUTER_BOUND('',#918,.T.);
#593=FACE_OUTER_BOUND('',#919,.T.);
#594=FACE_OUTER_BOUND('',#920,.T.);
#595=FACE_OUTER_BOUND('',#921,.T.);
#596=FACE_OUTER_BOUND('',#922,.T.);
#597=FACE_OUTER_BOUND('',#923,.T.);
#598=FACE_OUTER_BOUND('',#924,.T.);
#599=FACE_OUTER_BOUND('',#925,.T.);
#600=FACE_OUTER_BOUND('',#926,.T.);
#601=FACE_OUTER_BOUND('',#928,.T.);
#602=FACE_OUTER_BOUND('',#929,.T.);
#603=FACE_OUTER_BOUND('',#931,.T.);
#604=FACE_OUTER_BOUND('',#933,.T.);
#605=FACE_OUTER_BOUND('',#935,.T.);
#606=FACE_OUTER_BOUND('',#937,.T.);
#607=FACE_OUTER_BOUND('',#938,.T.);
#608=FACE_OUTER_BOUND('',#940,.T.);
#609=FACE_OUTER_BOUND('',#941,.T.);
#610=FACE_OUTER_BOUND('',#943,.T.);
#611=FACE_OUTER_BOUND('',#944,.T.);
#612=FACE_OUTER_BOUND('',#946,.T.);
#613=FACE_OUTER_BOUND('',#947,.T.);
#614=FACE_OUTER_BOUND('',#949,.T.);
#615=FACE_OUTER_BOUND('',#955,.T.);
#616=FACE_OUTER_BOUND('',#956,.T.);
#617=FACE_OUTER_BOUND('',#957,.T.);
#618=FACE_OUTER_BOUND('',#958,.T.);
#619=FACE_OUTER_BOUND('',#959,.T.);
#620=FACE_OUTER_BOUND('',#960,.T.);
#621=FACE_OUTER_BOUND('',#961,.T.);
#622=FACE_OUTER_BOUND('',#962,.T.);
#623=FACE_OUTER_BOUND('',#963,.T.);
#624=FACE_OUTER_BOUND('',#964,.T.);
#625=FACE_OUTER_BOUND('',#965,.T.);
#626=FACE_OUTER_BOUND('',#966,.T.);
#627=FACE_OUTER_BOUND('',#967,.T.);
#628=FACE_OUTER_BOUND('',#968,.T.);
#629=FACE_OUTER_BOUND('',#969,.T.);
#630=FACE_OUTER_BOUND('',#970,.T.);
#631=FACE_OUTER_BOUND('',#971,.T.);
#632=FACE_OUTER_BOUND('',#972,.T.);
#633=FACE_OUTER_BOUND('',#973,.T.);
#634=EDGE_LOOP('',(#3307,#3308,#3309,#3310,#3311,#3312,#3313,#3314));
#635=EDGE_LOOP('',(#3315,#3316,#3317,#3318,#3319,#3320,#3321,#3322));
#636=EDGE_LOOP('',(#3323,#3324,#3325,#3326,#3327,#3328,#3329,#3330));
#637=EDGE_LOOP('',(#3331,#3332,#3333,#3334));
#638=EDGE_LOOP('',(#3335));
#639=EDGE_LOOP('',(#3336,#3337,#3338,#3339));
#640=EDGE_LOOP('',(#3340));
#641=EDGE_LOOP('',(#3341,#3342,#3343,#3344,#3345,#3346));
#642=EDGE_LOOP('',(#3347));
#643=EDGE_LOOP('',(#3348));
#644=EDGE_LOOP('',(#3349,#3350,#3351,#3352,#3353,#3354,#3355,#3356,#3357,
#3358));
#645=EDGE_LOOP('',(#3359,#3360,#3361,#3362));
#646=EDGE_LOOP('',(#3363,#3364,#3365,#3366,#3367,#3368,#3369,#3370));
#647=EDGE_LOOP('',(#3371,#3372,#3373,#3374));
#648=EDGE_LOOP('',(#3375));
#649=EDGE_LOOP('',(#3376,#3377,#3378,#3379));
#650=EDGE_LOOP('',(#3380));
#651=EDGE_LOOP('',(#3381,#3382,#3383,#3384,#3385,#3386,#3387,#3388,#3389,
#3390,#3391,#3392,#3393,#3394,#3395,#3396,#3397,#3398,#3399,#3400,#3401,
#3402,#3403,#3404,#3405,#3406,#3407,#3408,#3409,#3410,#3411,#3412,#3413,
#3414,#3415,#3416,#3417,#3418,#3419,#3420,#3421,#3422,#3423,#3424,#3425,
#3426,#3427,#3428,#3429,#3430,#3431,#3432,#3433,#3434,#3435));
#652=EDGE_LOOP('',(#3436));
#653=EDGE_LOOP('',(#3437));
#654=EDGE_LOOP('',(#3438,#3439,#3440,#3441));
#655=EDGE_LOOP('',(#3442,#3443,#3444,#3445));
#656=EDGE_LOOP('',(#3446,#3447,#3448,#3449,#3450,#3451,#3452,#3453));
#657=EDGE_LOOP('',(#3454));
#658=EDGE_LOOP('',(#3455));
#659=EDGE_LOOP('',(#3456,#3457,#3458,#3459));
#660=EDGE_LOOP('',(#3460,#3461,#3462,#3463));
#661=EDGE_LOOP('',(#3464,#3465,#3466,#3467));
#662=EDGE_LOOP('',(#3468,#3469,#3470,#3471));
#663=EDGE_LOOP('',(#3472,#3473,#3474,#3475));
#664=EDGE_LOOP('',(#3476,#3477,#3478,#3479));
#665=EDGE_LOOP('',(#3480,#3481,#3482,#3483,#3484,#3485,#3486,#3487,#3488,
#3489,#3490,#3491,#3492,#3493,#3494,#3495,#3496,#3497,#3498,#3499,#3500));
#666=EDGE_LOOP('',(#3501,#3502,#3503,#3504));
#667=EDGE_LOOP('',(#3505,#3506,#3507,#3508,#3509));
#668=EDGE_LOOP('',(#3510,#3511,#3512,#3513,#3514,#3515));
#669=EDGE_LOOP('',(#3516,#3517,#3518,#3519));
#670=EDGE_LOOP('',(#3520,#3521,#3522,#3523));
#671=EDGE_LOOP('',(#3524,#3525,#3526,#3527));
#672=EDGE_LOOP('',(#3528,#3529,#3530,#3531));
#673=EDGE_LOOP('',(#3532,#3533,#3534,#3535));
#674=EDGE_LOOP('',(#3536,#3537,#3538,#3539));
#675=EDGE_LOOP('',(#3540,#3541,#3542,#3543));
#676=EDGE_LOOP('',(#3544,#3545,#3546,#3547,#3548));
#677=EDGE_LOOP('',(#3549,#3550,#3551,#3552));
#678=EDGE_LOOP('',(#3553,#3554,#3555,#3556));
#679=EDGE_LOOP('',(#3557,#3558,#3559,#3560));
#680=EDGE_LOOP('',(#3561,#3562,#3563,#3564));
#681=EDGE_LOOP('',(#3565,#3566,#3567,#3568));
#682=EDGE_LOOP('',(#3569,#3570,#3571,#3572));
#683=EDGE_LOOP('',(#3573,#3574,#3575,#3576));
#684=EDGE_LOOP('',(#3577,#3578,#3579,#3580));
#685=EDGE_LOOP('',(#3581,#3582,#3583,#3584));
#686=EDGE_LOOP('',(#3585,#3586,#3587,#3588));
#687=EDGE_LOOP('',(#3589,#3590,#3591,#3592));
#688=EDGE_LOOP('',(#3593,#3594,#3595,#3596));
#689=EDGE_LOOP('',(#3597,#3598,#3599,#3600));
#690=EDGE_LOOP('',(#3601,#3602,#3603,#3604));
#691=EDGE_LOOP('',(#3605,#3606,#3607,#3608));
#692=EDGE_LOOP('',(#3609,#3610,#3611,#3612));
#693=EDGE_LOOP('',(#3613,#3614,#3615,#3616,#3617,#3618));
#694=EDGE_LOOP('',(#3619,#3620,#3621,#3622));
#695=EDGE_LOOP('',(#3623,#3624,#3625,#3626));
#696=EDGE_LOOP('',(#3627,#3628,#3629,#3630));
#697=EDGE_LOOP('',(#3631,#3632,#3633,#3634));
#698=EDGE_LOOP('',(#3635,#3636,#3637,#3638));
#699=EDGE_LOOP('',(#3639,#3640,#3641,#3642));
#700=EDGE_LOOP('',(#3643,#3644,#3645,#3646));
#701=EDGE_LOOP('',(#3647,#3648,#3649,#3650));
#702=EDGE_LOOP('',(#3651,#3652,#3653,#3654,#3655));
#703=EDGE_LOOP('',(#3656,#3657,#3658,#3659));
#704=EDGE_LOOP('',(#3660,#3661,#3662,#3663));
#705=EDGE_LOOP('',(#3664,#3665,#3666,#3667));
#706=EDGE_LOOP('',(#3668,#3669,#3670,#3671));
#707=EDGE_LOOP('',(#3672,#3673,#3674,#3675));
#708=EDGE_LOOP('',(#3676,#3677,#3678,#3679));
#709=EDGE_LOOP('',(#3680,#3681,#3682,#3683));
#710=EDGE_LOOP('',(#3684,#3685,#3686,#3687));
#711=EDGE_LOOP('',(#3688,#3689,#3690,#3691));
#712=EDGE_LOOP('',(#3692,#3693,#3694,#3695));
#713=EDGE_LOOP('',(#3696,#3697,#3698,#3699));
#714=EDGE_LOOP('',(#3700,#3701,#3702,#3703));
#715=EDGE_LOOP('',(#3704,#3705,#3706,#3707));
#716=EDGE_LOOP('',(#3708,#3709,#3710,#3711));
#717=EDGE_LOOP('',(#3712,#3713,#3714,#3715));
#718=EDGE_LOOP('',(#3716,#3717,#3718,#3719));
#719=EDGE_LOOP('',(#3720,#3721,#3722,#3723));
#720=EDGE_LOOP('',(#3724,#3725,#3726,#3727));
#721=EDGE_LOOP('',(#3728,#3729,#3730,#3731));
#722=EDGE_LOOP('',(#3732,#3733,#3734,#3735));
#723=EDGE_LOOP('',(#3736,#3737,#3738,#3739));
#724=EDGE_LOOP('',(#3740,#3741,#3742,#3743));
#725=EDGE_LOOP('',(#3744,#3745,#3746,#3747));
#726=EDGE_LOOP('',(#3748,#3749,#3750,#3751));
#727=EDGE_LOOP('',(#3752,#3753,#3754,#3755));
#728=EDGE_LOOP('',(#3756,#3757,#3758,#3759));
#729=EDGE_LOOP('',(#3760,#3761,#3762,#3763));
#730=EDGE_LOOP('',(#3764,#3765,#3766,#3767));
#731=EDGE_LOOP('',(#3768,#3769,#3770,#3771));
#732=EDGE_LOOP('',(#3772,#3773,#3774,#3775));
#733=EDGE_LOOP('',(#3776,#3777,#3778,#3779));
#734=EDGE_LOOP('',(#3780,#3781,#3782,#3783));
#735=EDGE_LOOP('',(#3784,#3785,#3786,#3787));
#736=EDGE_LOOP('',(#3788,#3789,#3790,#3791));
#737=EDGE_LOOP('',(#3792,#3793,#3794,#3795));
#738=EDGE_LOOP('',(#3796,#3797,#3798,#3799));
#739=EDGE_LOOP('',(#3800,#3801,#3802,#3803));
#740=EDGE_LOOP('',(#3804,#3805,#3806,#3807));
#741=EDGE_LOOP('',(#3808,#3809,#3810,#3811));
#742=EDGE_LOOP('',(#3812,#3813,#3814,#3815));
#743=EDGE_LOOP('',(#3816,#3817,#3818,#3819));
#744=EDGE_LOOP('',(#3820,#3821,#3822,#3823,#3824));
#745=EDGE_LOOP('',(#3825,#3826,#3827,#3828));
#746=EDGE_LOOP('',(#3829,#3830,#3831,#3832));
#747=EDGE_LOOP('',(#3833,#3834,#3835,#3836));
#748=EDGE_LOOP('',(#3837,#3838,#3839,#3840));
#749=EDGE_LOOP('',(#3841,#3842,#3843,#3844));
#750=EDGE_LOOP('',(#3845,#3846,#3847,#3848));
#751=EDGE_LOOP('',(#3849,#3850,#3851,#3852));
#752=EDGE_LOOP('',(#3853,#3854,#3855,#3856));
#753=EDGE_LOOP('',(#3857,#3858,#3859,#3860));
#754=EDGE_LOOP('',(#3861,#3862,#3863,#3864));
#755=EDGE_LOOP('',(#3865,#3866,#3867,#3868));
#756=EDGE_LOOP('',(#3869,#3870,#3871,#3872));
#757=EDGE_LOOP('',(#3873,#3874,#3875,#3876));
#758=EDGE_LOOP('',(#3877,#3878,#3879,#3880));
#759=EDGE_LOOP('',(#3881,#3882,#3883,#3884));
#760=EDGE_LOOP('',(#3885,#3886,#3887,#3888));
#761=EDGE_LOOP('',(#3889,#3890,#3891,#3892));
#762=EDGE_LOOP('',(#3893,#3894,#3895,#3896));
#763=EDGE_LOOP('',(#3897,#3898,#3899,#3900));
#764=EDGE_LOOP('',(#3901,#3902,#3903,#3904,#3905,#3906,#3907,#3908,#3909,
#3910,#3911,#3912));
#765=EDGE_LOOP('',(#3913,#3914,#3915,#3916,#3917,#3918,#3919,#3920,#3921,
#3922,#3923,#3924,#3925,#3926,#3927,#3928,#3929,#3930,#3931,#3932,#3933,
#3934,#3935,#3936,#3937,#3938,#3939,#3940,#3941,#3942,#3943,#3944,#3945,
#3946,#3947,#3948));
#766=EDGE_LOOP('',(#3949,#3950,#3951,#3952));
#767=EDGE_LOOP('',(#3953,#3954,#3955,#3956));
#768=EDGE_LOOP('',(#3957,#3958,#3959,#3960));
#769=EDGE_LOOP('',(#3961,#3962,#3963,#3964));
#770=EDGE_LOOP('',(#3965,#3966,#3967,#3968));
#771=EDGE_LOOP('',(#3969,#3970,#3971,#3972));
#772=EDGE_LOOP('',(#3973,#3974,#3975,#3976));
#773=EDGE_LOOP('',(#3977,#3978,#3979,#3980));
#774=EDGE_LOOP('',(#3981,#3982,#3983,#3984));
#775=EDGE_LOOP('',(#3985));
#776=EDGE_LOOP('',(#3986,#3987,#3988,#3989,#3990,#3991,#3992,#3993,#3994,
#3995));
#777=EDGE_LOOP('',(#3996,#3997,#3998,#3999,#4000,#4001,#4002,#4003,#4004,
#4005,#4006,#4007,#4008,#4009,#4010,#4011,#4012,#4013,#4014,#4015,#4016,
#4017));
#778=EDGE_LOOP('',(#4018));
#779=EDGE_LOOP('',(#4019));
#780=EDGE_LOOP('',(#4020));
#781=EDGE_LOOP('',(#4021));
#782=EDGE_LOOP('',(#4022));
#783=EDGE_LOOP('',(#4023,#4024,#4025,#4026));
#784=EDGE_LOOP('',(#4027));
#785=EDGE_LOOP('',(#4028,#4029,#4030,#4031));
#786=EDGE_LOOP('',(#4032));
#787=EDGE_LOOP('',(#4033,#4034,#4035,#4036));
#788=EDGE_LOOP('',(#4037));
#789=EDGE_LOOP('',(#4038,#4039,#4040,#4041));
#790=EDGE_LOOP('',(#4042));
#791=EDGE_LOOP('',(#4043,#4044,#4045,#4046,#4047,#4048));
#792=EDGE_LOOP('',(#4049,#4050,#4051,#4052,#4053,#4054,#4055,#4056,#4057,
#4058));
#793=EDGE_LOOP('',(#4059,#4060,#4061,#4062));
#794=EDGE_LOOP('',(#4063,#4064,#4065,#4066,#4067,#4068));
#795=EDGE_LOOP('',(#4069));
#796=EDGE_LOOP('',(#4070));
#797=EDGE_LOOP('',(#4071,#4072,#4073,#4074));
#798=EDGE_LOOP('',(#4075,#4076,#4077,#4078));
#799=EDGE_LOOP('',(#4079,#4080,#4081,#4082,#4083,#4084));
#800=EDGE_LOOP('',(#4085,#4086,#4087,#4088));
#801=EDGE_LOOP('',(#4089,#4090,#4091,#4092));
#802=EDGE_LOOP('',(#4093,#4094,#4095,#4096));
#803=EDGE_LOOP('',(#4097,#4098,#4099,#4100));
#804=EDGE_LOOP('',(#4101,#4102,#4103,#4104));
#805=EDGE_LOOP('',(#4105,#4106,#4107,#4108,#4109));
#806=EDGE_LOOP('',(#4110,#4111,#4112,#4113));
#807=EDGE_LOOP('',(#4114,#4115,#4116,#4117));
#808=EDGE_LOOP('',(#4118,#4119,#4120,#4121));
#809=EDGE_LOOP('',(#4122,#4123,#4124,#4125,#4126));
#810=EDGE_LOOP('',(#4127,#4128,#4129,#4130));
#811=EDGE_LOOP('',(#4131,#4132,#4133,#4134));
#812=EDGE_LOOP('',(#4135,#4136,#4137,#4138));
#813=EDGE_LOOP('',(#4139,#4140,#4141,#4142));
#814=EDGE_LOOP('',(#4143,#4144,#4145,#4146));
#815=EDGE_LOOP('',(#4147,#4148,#4149,#4150));
#816=EDGE_LOOP('',(#4151,#4152,#4153,#4154));
#817=EDGE_LOOP('',(#4155,#4156,#4157,#4158));
#818=EDGE_LOOP('',(#4159,#4160,#4161,#4162));
#819=EDGE_LOOP('',(#4163,#4164,#4165,#4166,#4167));
#820=EDGE_LOOP('',(#4168,#4169,#4170,#4171,#4172,#4173));
#821=EDGE_LOOP('',(#4174,#4175,#4176,#4177,#4178,#4179));
#822=EDGE_LOOP('',(#4180,#4181,#4182,#4183,#4184));
#823=EDGE_LOOP('',(#4185,#4186,#4187,#4188));
#824=EDGE_LOOP('',(#4189,#4190,#4191,#4192));
#825=EDGE_LOOP('',(#4193,#4194,#4195,#4196));
#826=EDGE_LOOP('',(#4197,#4198,#4199,#4200,#4201));
#827=EDGE_LOOP('',(#4202,#4203,#4204,#4205));
#828=EDGE_LOOP('',(#4206,#4207,#4208,#4209));
#829=EDGE_LOOP('',(#4210,#4211,#4212,#4213));
#830=EDGE_LOOP('',(#4214,#4215,#4216,#4217,#4218));
#831=EDGE_LOOP('',(#4219,#4220,#4221,#4222,#4223));
#832=EDGE_LOOP('',(#4224,#4225,#4226,#4227));
#833=EDGE_LOOP('',(#4228,#4229,#4230,#4231,#4232));
#834=EDGE_LOOP('',(#4233,#4234,#4235,#4236));
#835=EDGE_LOOP('',(#4237,#4238,#4239,#4240));
#836=EDGE_LOOP('',(#4241,#4242,#4243,#4244));
#837=EDGE_LOOP('',(#4245,#4246,#4247,#4248));
#838=EDGE_LOOP('',(#4249,#4250,#4251,#4252,#4253,#4254));
#839=EDGE_LOOP('',(#4255,#4256,#4257,#4258));
#840=EDGE_LOOP('',(#4259,#4260,#4261,#4262));
#841=EDGE_LOOP('',(#4263,#4264,#4265,#4266,#4267));
#842=EDGE_LOOP('',(#4268,#4269,#4270,#4271,#4272));
#843=EDGE_LOOP('',(#4273,#4274,#4275,#4276));
#844=EDGE_LOOP('',(#4277,#4278,#4279,#4280));
#845=EDGE_LOOP('',(#4281,#4282,#4283,#4284));
#846=EDGE_LOOP('',(#4285,#4286,#4287,#4288));
#847=EDGE_LOOP('',(#4289,#4290,#4291,#4292));
#848=EDGE_LOOP('',(#4293,#4294,#4295));
#849=EDGE_LOOP('',(#4296,#4297,#4298,#4299,#4300));
#850=EDGE_LOOP('',(#4301,#4302,#4303));
#851=EDGE_LOOP('',(#4304,#4305,#4306,#4307,#4308,#4309,#4310,#4311));
#852=EDGE_LOOP('',(#4312,#4313,#4314,#4315,#4316));
#853=EDGE_LOOP('',(#4317,#4318,#4319,#4320,#4321,#4322,#4323,#4324));
#854=EDGE_LOOP('',(#4325,#4326,#4327,#4328));
#855=EDGE_LOOP('',(#4329,#4330,#4331,#4332));
#856=EDGE_LOOP('',(#4333,#4334,#4335,#4336));
#857=EDGE_LOOP('',(#4337,#4338,#4339,#4340,#4341,#4342,#4343,#4344));
#858=EDGE_LOOP('',(#4345,#4346,#4347,#4348,#4349,#4350,#4351,#4352));
#859=EDGE_LOOP('',(#4353,#4354,#4355,#4356,#4357));
#860=EDGE_LOOP('',(#4358,#4359,#4360,#4361,#4362));
#861=EDGE_LOOP('',(#4363,#4364,#4365,#4366));
#862=EDGE_LOOP('',(#4367,#4368,#4369,#4370));
#863=EDGE_LOOP('',(#4371,#4372,#4373,#4374,#4375,#4376,#4377));
#864=EDGE_LOOP('',(#4378,#4379,#4380,#4381,#4382,#4383,#4384));
#865=EDGE_LOOP('',(#4385,#4386,#4387,#4388,#4389));
#866=EDGE_LOOP('',(#4390,#4391,#4392,#4393));
#867=EDGE_LOOP('',(#4394,#4395,#4396,#4397));
#868=EDGE_LOOP('',(#4398,#4399,#4400,#4401,#4402,#4403,#4404,#4405));
#869=EDGE_LOOP('',(#4406,#4407,#4408,#4409,#4410));
#870=EDGE_LOOP('',(#4411,#4412,#4413,#4414,#4415,#4416));
#871=EDGE_LOOP('',(#4417,#4418,#4419,#4420));
#872=EDGE_LOOP('',(#4421,#4422,#4423,#4424));
#873=EDGE_LOOP('',(#4425,#4426,#4427,#4428));
#874=EDGE_LOOP('',(#4429,#4430,#4431,#4432));
#875=EDGE_LOOP('',(#4433,#4434,#4435,#4436,#4437,#4438,#4439,#4440));
#876=EDGE_LOOP('',(#4441,#4442,#4443,#4444));
#877=EDGE_LOOP('',(#4445,#4446,#4447,#4448));
#878=EDGE_LOOP('',(#4449,#4450,#4451,#4452));
#879=EDGE_LOOP('',(#4453,#4454,#4455,#4456));
#880=EDGE_LOOP('',(#4457,#4458,#4459,#4460));
#881=EDGE_LOOP('',(#4461,#4462,#4463,#4464));
#882=EDGE_LOOP('',(#4465,#4466,#4467,#4468));
#883=EDGE_LOOP('',(#4469,#4470,#4471,#4472));
#884=EDGE_LOOP('',(#4473,#4474,#4475,#4476,#4477,#4478,#4479,#4480,#4481,
#4482,#4483,#4484));
#885=EDGE_LOOP('',(#4485,#4486,#4487,#4488,#4489,#4490,#4491));
#886=EDGE_LOOP('',(#4492,#4493,#4494,#4495));
#887=EDGE_LOOP('',(#4496,#4497,#4498,#4499));
#888=EDGE_LOOP('',(#4500,#4501,#4502,#4503));
#889=EDGE_LOOP('',(#4504,#4505,#4506,#4507));
#890=EDGE_LOOP('',(#4508,#4509,#4510,#4511));
#891=EDGE_LOOP('',(#4512,#4513,#4514,#4515));
#892=EDGE_LOOP('',(#4516,#4517,#4518,#4519));
#893=EDGE_LOOP('',(#4520,#4521,#4522,#4523));
#894=EDGE_LOOP('',(#4524,#4525,#4526,#4527,#4528,#4529,#4530,#4531,#4532,
#4533,#4534,#4535,#4536,#4537,#4538,#4539,#4540,#4541));
#895=EDGE_LOOP('',(#4542,#4543,#4544,#4545));
#896=EDGE_LOOP('',(#4546));
#897=EDGE_LOOP('',(#4547));
#898=EDGE_LOOP('',(#4548,#4549,#4550,#4551));
#899=EDGE_LOOP('',(#4552,#4553));
#900=EDGE_LOOP('',(#4554));
#901=EDGE_LOOP('',(#4555,#4556,#4557,#4558));
#902=EDGE_LOOP('',(#4559,#4560));
#903=EDGE_LOOP('',(#4561));
#904=EDGE_LOOP('',(#4562,#4563,#4564,#4565));
#905=EDGE_LOOP('',(#4566,#4567));
#906=EDGE_LOOP('',(#4568));
#907=EDGE_LOOP('',(#4569,#4570,#4571,#4572));
#908=EDGE_LOOP('',(#4573));
#909=EDGE_LOOP('',(#4574));
#910=EDGE_LOOP('',(#4575,#4576,#4577,#4578));
#911=EDGE_LOOP('',(#4579,#4580));
#912=EDGE_LOOP('',(#4581));
#913=EDGE_LOOP('',(#4582,#4583,#4584,#4585));
#914=EDGE_LOOP('',(#4586,#4587,#4588,#4589));
#915=EDGE_LOOP('',(#4590,#4591,#4592,#4593));
#916=EDGE_LOOP('',(#4594,#4595,#4596,#4597));
#917=EDGE_LOOP('',(#4598,#4599,#4600,#4601,#4602,#4603,#4604,#4605,#4606,
#4607));
#918=EDGE_LOOP('',(#4608,#4609,#4610,#4611));
#919=EDGE_LOOP('',(#4612,#4613,#4614,#4615));
#920=EDGE_LOOP('',(#4616,#4617,#4618));
#921=EDGE_LOOP('',(#4619,#4620,#4621,#4622));
#922=EDGE_LOOP('',(#4623,#4624,#4625,#4626,#4627,#4628,#4629,#4630,#4631,
#4632));
#923=EDGE_LOOP('',(#4633,#4634,#4635,#4636,#4637,#4638,#4639));
#924=EDGE_LOOP('',(#4640,#4641,#4642));
#925=EDGE_LOOP('',(#4643,#4644,#4645,#4646));
#926=EDGE_LOOP('',(#4647));
#927=EDGE_LOOP('',(#4648));
#928=EDGE_LOOP('',(#4649,#4650,#4651,#4652));
#929=EDGE_LOOP('',(#4653));
#930=EDGE_LOOP('',(#4654));
#931=EDGE_LOOP('',(#4655));
#932=EDGE_LOOP('',(#4656));
#933=EDGE_LOOP('',(#4657));
#934=EDGE_LOOP('',(#4658));
#935=EDGE_LOOP('',(#4659));
#936=EDGE_LOOP('',(#4660));
#937=EDGE_LOOP('',(#4661,#4662,#4663,#4664));
#938=EDGE_LOOP('',(#4665));
#939=EDGE_LOOP('',(#4666));
#940=EDGE_LOOP('',(#4667,#4668,#4669,#4670));
#941=EDGE_LOOP('',(#4671));
#942=EDGE_LOOP('',(#4672));
#943=EDGE_LOOP('',(#4673,#4674,#4675,#4676));
#944=EDGE_LOOP('',(#4677));
#945=EDGE_LOOP('',(#4678));
#946=EDGE_LOOP('',(#4679,#4680,#4681,#4682));
#947=EDGE_LOOP('',(#4683));
#948=EDGE_LOOP('',(#4684));
#949=EDGE_LOOP('',(#4685,#4686,#4687,#4688,#4689,#4690));
#950=EDGE_LOOP('',(#4691));
#951=EDGE_LOOP('',(#4692));
#952=EDGE_LOOP('',(#4693));
#953=EDGE_LOOP('',(#4694));
#954=EDGE_LOOP('',(#4695));
#955=EDGE_LOOP('',(#4696,#4697,#4698,#4699,#4700,#4701,#4702));
#956=EDGE_LOOP('',(#4703,#4704,#4705,#4706));
#957=EDGE_LOOP('',(#4707,#4708,#4709,#4710));
#958=EDGE_LOOP('',(#4711,#4712,#4713,#4714));
#959=EDGE_LOOP('',(#4715,#4716,#4717,#4718));
#960=EDGE_LOOP('',(#4719,#4720,#4721,#4722));
#961=EDGE_LOOP('',(#4723,#4724,#4725,#4726));
#962=EDGE_LOOP('',(#4727,#4728,#4729,#4730));
#963=EDGE_LOOP('',(#4731,#4732,#4733,#4734));
#964=EDGE_LOOP('',(#4735,#4736,#4737,#4738,#4739,#4740,#4741,#4742,#4743,
#4744,#4745,#4746));
#965=EDGE_LOOP('',(#4747,#4748,#4749,#4750));
#966=EDGE_LOOP('',(#4751,#4752,#4753,#4754));
#967=EDGE_LOOP('',(#4755,#4756,#4757,#4758));
#968=EDGE_LOOP('',(#4759,#4760,#4761,#4762));
#969=EDGE_LOOP('',(#4763,#4764,#4765,#4766,#4767,#4768,#4769,#4770,#4771,
#4772,#4773,#4774,#4775,#4776,#4777,#4778,#4779,#4780));
#970=EDGE_LOOP('',(#4781,#4782,#4783,#4784));
#971=EDGE_LOOP('',(#4785,#4786,#4787,#4788));
#972=EDGE_LOOP('',(#4789,#4790,#4791,#4792));
#973=EDGE_LOOP('',(#4793,#4794,#4795,#4796));
#974=LINE('',#7249,#1536);
#975=LINE('',#7251,#1537);
#976=LINE('',#7253,#1538);
#977=LINE('',#7255,#1539);
#978=LINE('',#7257,#1540);
#979=LINE('',#7259,#1541);
#980=LINE('',#7261,#1542);
#981=LINE('',#7262,#1543);
#982=LINE('',#7265,#1544);
#983=LINE('',#7267,#1545);
#984=LINE('',#7269,#1546);
#985=LINE('',#7271,#1547);
#986=LINE('',#7273,#1548);
#987=LINE('',#7275,#1549);
#988=LINE('',#7276,#1550);
#989=LINE('',#7279,#1551);
#990=LINE('',#7281,#1552);
#991=LINE('',#7283,#1553);
#992=LINE('',#7285,#1554);
#993=LINE('',#7287,#1555);
#994=LINE('',#7289,#1556);
#995=LINE('',#7290,#1557);
#996=LINE('',#7295,#1558);
#997=LINE('',#7302,#1559);
#998=LINE('',#7308,#1560);
#999=LINE('',#7310,#1561);
#1000=LINE('',#7312,#1562);
#1001=LINE('',#7314,#1563);
#1002=LINE('',#7316,#1564);
#1003=LINE('',#7317,#1565);
#1004=LINE('',#7324,#1566);
#1005=LINE('',#7326,#1567);
#1006=LINE('',#7328,#1568);
#1007=LINE('',#7330,#1569);
#1008=LINE('',#7332,#1570);
#1009=LINE('',#7334,#1571);
#1010=LINE('',#7338,#1572);
#1011=LINE('',#7339,#1573);
#1012=LINE('',#7342,#1574);
#1013=LINE('',#7343,#1575);
#1014=LINE('',#7346,#1576);
#1015=LINE('',#7350,#1577);
#1016=LINE('',#7354,#1578);
#1017=LINE('',#7355,#1579);
#1018=LINE('',#7359,#1580);
#1019=LINE('',#7364,#1581);
#1020=LINE('',#7369,#1582);
#1021=LINE('',#7371,#1583);
#1022=LINE('',#7373,#1584);
#1023=LINE('',#7375,#1585);
#1024=LINE('',#7377,#1586);
#1025=LINE('',#7379,#1587);
#1026=LINE('',#7381,#1588);
#1027=LINE('',#7383,#1589);
#1028=LINE('',#7385,#1590);
#1029=LINE('',#7387,#1591);
#1030=LINE('',#7389,#1592);
#1031=LINE('',#7391,#1593);
#1032=LINE('',#7393,#1594);
#1033=LINE('',#7395,#1595);
#1034=LINE('',#7397,#1596);
#1035=LINE('',#7399,#1597);
#1036=LINE('',#7401,#1598);
#1037=LINE('',#7403,#1599);
#1038=LINE('',#7405,#1600);
#1039=LINE('',#7407,#1601);
#1040=LINE('',#7409,#1602);
#1041=LINE('',#7411,#1603);
#1042=LINE('',#7413,#1604);
#1043=LINE('',#7415,#1605);
#1044=LINE('',#7417,#1606);
#1045=LINE('',#7419,#1607);
#1046=LINE('',#7421,#1608);
#1047=LINE('',#7423,#1609);
#1048=LINE('',#7425,#1610);
#1049=LINE('',#7427,#1611);
#1050=LINE('',#7429,#1612);
#1051=LINE('',#7431,#1613);
#1052=LINE('',#7433,#1614);
#1053=LINE('',#7435,#1615);
#1054=LINE('',#7437,#1616);
#1055=LINE('',#7439,#1617);
#1056=LINE('',#7441,#1618);
#1057=LINE('',#7443,#1619);
#1058=LINE('',#7445,#1620);
#1059=LINE('',#7447,#1621);
#1060=LINE('',#7449,#1622);
#1061=LINE('',#7451,#1623);
#1062=LINE('',#7453,#1624);
#1063=LINE('',#7455,#1625);
#1064=LINE('',#7457,#1626);
#1065=LINE('',#7459,#1627);
#1066=LINE('',#7461,#1628);
#1067=LINE('',#7463,#1629);
#1068=LINE('',#7465,#1630);
#1069=LINE('',#7467,#1631);
#1070=LINE('',#7469,#1632);
#1071=LINE('',#7471,#1633);
#1072=LINE('',#7473,#1634);
#1073=LINE('',#7475,#1635);
#1074=LINE('',#7476,#1636);
#1075=LINE('',#7483,#1637);
#1076=LINE('',#7485,#1638);
#1077=LINE('',#7486,#1639);
#1078=LINE('',#7488,#1640);
#1079=LINE('',#7490,#1641);
#1080=LINE('',#7491,#1642);
#1081=LINE('',#7497,#1643);
#1082=LINE('',#7499,#1644);
#1083=LINE('',#7500,#1645);
#1084=LINE('',#7502,#1646);
#1085=LINE('',#7504,#1647);
#1086=LINE('',#7505,#1648);
#1087=LINE('',#7512,#1649);
#1088=LINE('',#7514,#1650);
#1089=LINE('',#7515,#1651);
#1090=LINE('',#7518,#1652);
#1091=LINE('',#7520,#1653);
#1092=LINE('',#7521,#1654);
#1093=LINE('',#7523,#1655);
#1094=LINE('',#7524,#1656);
#1095=LINE('',#7527,#1657);
#1096=LINE('',#7528,#1658);
#1097=LINE('',#7531,#1659);
#1098=LINE('',#7532,#1660);
#1099=LINE('',#7534,#1661);
#1100=LINE('',#7538,#1662);
#1101=LINE('',#7542,#1663);
#1102=LINE('',#7544,#1664);
#1103=LINE('',#7546,#1665);
#1104=LINE('',#7548,#1666);
#1105=LINE('',#7550,#1667);
#1106=LINE('',#7552,#1668);
#1107=LINE('',#7554,#1669);
#1108=LINE('',#7556,#1670);
#1109=LINE('',#7558,#1671);
#1110=LINE('',#7560,#1672);
#1111=LINE('',#7562,#1673);
#1112=LINE('',#7564,#1674);
#1113=LINE('',#7566,#1675);
#1114=LINE('',#7568,#1676);
#1115=LINE('',#7570,#1677);
#1116=LINE('',#7572,#1678);
#1117=LINE('',#7574,#1679);
#1118=LINE('',#7576,#1680);
#1119=LINE('',#7577,#1681);
#1120=LINE('',#7580,#1682);
#1121=LINE('',#7583,#1683);
#1122=LINE('',#7586,#1684);
#1123=LINE('',#7588,#1685);
#1124=LINE('',#7590,#1686);
#1125=LINE('',#7591,#1687);
#1126=LINE('',#7593,#1688);
#1127=LINE('',#7594,#1689);
#1128=LINE('',#7596,#1690);
#1129=LINE('',#7598,#1691);
#1130=LINE('',#7600,#1692);
#1131=LINE('',#7602,#1693);
#1132=LINE('',#7604,#1694);
#1133=LINE('',#7606,#1695);
#1134=LINE('',#7608,#1696);
#1135=LINE('',#7610,#1697);
#1136=LINE('',#7613,#1698);
#1137=LINE('',#7614,#1699);
#1138=LINE('',#7617,#1700);
#1139=LINE('',#7619,#1701);
#1140=LINE('',#7620,#1702);
#1141=LINE('',#7622,#1703);
#1142=LINE('',#7624,#1704);
#1143=LINE('',#7627,#1705);
#1144=LINE('',#7629,#1706);
#1145=LINE('',#7630,#1707);
#1146=LINE('',#7633,#1708);
#1147=LINE('',#7634,#1709);
#1148=LINE('',#7637,#1710);
#1149=LINE('',#7639,#1711);
#1150=LINE('',#7640,#1712);
#1151=LINE('',#7643,#1713);
#1152=LINE('',#7645,#1714);
#1153=LINE('',#7646,#1715);
#1154=LINE('',#7649,#1716);
#1155=LINE('',#7650,#1717);
#1156=LINE('',#7653,#1718);
#1157=LINE('',#7654,#1719);
#1158=LINE('',#7657,#1720);
#1159=LINE('',#7658,#1721);
#1160=LINE('',#7661,#1722);
#1161=LINE('',#7663,#1723);
#1162=LINE('',#7664,#1724);
#1163=LINE('',#7667,#1725);
#1164=LINE('',#7668,#1726);
#1165=LINE('',#7671,#1727);
#1166=LINE('',#7672,#1728);
#1167=LINE('',#7675,#1729);
#1168=LINE('',#7676,#1730);
#1169=LINE('',#7679,#1731);
#1170=LINE('',#7680,#1732);
#1171=LINE('',#7684,#1733);
#1172=LINE('',#7685,#1734);
#1173=LINE('',#7686,#1735);
#1174=LINE('',#7687,#1736);
#1175=LINE('',#7689,#1737);
#1176=LINE('',#7692,#1738);
#1177=LINE('',#7694,#1739);
#1178=LINE('',#7695,#1740);
#1179=LINE('',#7698,#1741);
#1180=LINE('',#7699,#1742);
#1181=LINE('',#7702,#1743);
#1182=LINE('',#7703,#1744);
#1183=LINE('',#7706,#1745);
#1184=LINE('',#7707,#1746);
#1185=LINE('',#7709,#1747);
#1186=LINE('',#7710,#1748);
#1187=LINE('',#7712,#1749);
#1188=LINE('',#7714,#1750);
#1189=LINE('',#7716,#1751);
#1190=LINE('',#7720,#1752);
#1191=LINE('',#7721,#1753);
#1192=LINE('',#7724,#1754);
#1193=LINE('',#7725,#1755);
#1194=LINE('',#7728,#1756);
#1195=LINE('',#7729,#1757);
#1196=LINE('',#7732,#1758);
#1197=LINE('',#7733,#1759);
#1198=LINE('',#7736,#1760);
#1199=LINE('',#7737,#1761);
#1200=LINE('',#7739,#1762);
#1201=LINE('',#7741,#1763);
#1202=LINE('',#7744,#1764);
#1203=LINE('',#7745,#1765);
#1204=LINE('',#7748,#1766);
#1205=LINE('',#7749,#1767);
#1206=LINE('',#7752,#1768);
#1207=LINE('',#7753,#1769);
#1208=LINE('',#7755,#1770);
#1209=LINE('',#7757,#1771);
#1210=LINE('',#7760,#1772);
#1211=LINE('',#7761,#1773);
#1212=LINE('',#7764,#1774);
#1213=LINE('',#7765,#1775);
#1214=LINE('',#7768,#1776);
#1215=LINE('',#7769,#1777);
#1216=LINE('',#7771,#1778);
#1217=LINE('',#7773,#1779);
#1218=LINE('',#7775,#1780);
#1219=LINE('',#7777,#1781);
#1220=LINE('',#7779,#1782);
#1221=LINE('',#7784,#1783);
#1222=LINE('',#7785,#1784);
#1223=LINE('',#7786,#1785);
#1224=LINE('',#7789,#1786);
#1225=LINE('',#7790,#1787);
#1226=LINE('',#7794,#1788);
#1227=LINE('',#7795,#1789);
#1228=LINE('',#7796,#1790);
#1229=LINE('',#7799,#1791);
#1230=LINE('',#7800,#1792);
#1231=LINE('',#7811,#1793);
#1232=LINE('',#7812,#1794);
#1233=LINE('',#7813,#1795);
#1234=LINE('',#7816,#1796);
#1235=LINE('',#7817,#1797);
#1236=LINE('',#7820,#1798);
#1237=LINE('',#7821,#1799);
#1238=LINE('',#7824,#1800);
#1239=LINE('',#7825,#1801);
#1240=LINE('',#7828,#1802);
#1241=LINE('',#7829,#1803);
#1242=LINE('',#7832,#1804);
#1243=LINE('',#7833,#1805);
#1244=LINE('',#7836,#1806);
#1245=LINE('',#7837,#1807);
#1246=LINE('',#7840,#1808);
#1247=LINE('',#7841,#1809);
#1248=LINE('',#7844,#1810);
#1249=LINE('',#7845,#1811);
#1250=LINE('',#7848,#1812);
#1251=LINE('',#7849,#1813);
#1252=LINE('',#7852,#1814);
#1253=LINE('',#7853,#1815);
#1254=LINE('',#7856,#1816);
#1255=LINE('',#7857,#1817);
#1256=LINE('',#7860,#1818);
#1257=LINE('',#7861,#1819);
#1258=LINE('',#7864,#1820);
#1259=LINE('',#7865,#1821);
#1260=LINE('',#7867,#1822);
#1261=LINE('',#7870,#1823);
#1262=LINE('',#7871,#1824);
#1263=LINE('',#7874,#1825);
#1264=LINE('',#7875,#1826);
#1265=LINE('',#7878,#1827);
#1266=LINE('',#7879,#1828);
#1267=LINE('',#7882,#1829);
#1268=LINE('',#7883,#1830);
#1269=LINE('',#7886,#1831);
#1270=LINE('',#7887,#1832);
#1271=LINE('',#7890,#1833);
#1272=LINE('',#7891,#1834);
#1273=LINE('',#7894,#1835);
#1274=LINE('',#7895,#1836);
#1275=LINE('',#7898,#1837);
#1276=LINE('',#7899,#1838);
#1277=LINE('',#7902,#1839);
#1278=LINE('',#7903,#1840);
#1279=LINE('',#7906,#1841);
#1280=LINE('',#7907,#1842);
#1281=LINE('',#7910,#1843);
#1282=LINE('',#7911,#1844);
#1283=LINE('',#7914,#1845);
#1284=LINE('',#7915,#1846);
#1285=LINE('',#7918,#1847);
#1286=LINE('',#7919,#1848);
#1287=LINE('',#7922,#1849);
#1288=LINE('',#7923,#1850);
#1289=LINE('',#7926,#1851);
#1290=LINE('',#7927,#1852);
#1291=LINE('',#7930,#1853);
#1292=LINE('',#7931,#1854);
#1293=LINE('',#7934,#1855);
#1294=LINE('',#7935,#1856);
#1295=LINE('',#7938,#1857);
#1296=LINE('',#7939,#1858);
#1297=LINE('',#7941,#1859);
#1298=LINE('',#7945,#1860);
#1299=LINE('',#7947,#1861);
#1300=LINE('',#7951,#1862);
#1301=LINE('',#7953,#1863);
#1302=LINE('',#7957,#1864);
#1303=LINE('',#7961,#1865);
#1304=LINE('',#7963,#1866);
#1305=LINE('',#7966,#1867);
#1306=LINE('',#7970,#1868);
#1307=LINE('',#7972,#1869);
#1308=LINE('',#7974,#1870);
#1309=LINE('',#7975,#1871);
#1310=LINE('',#7981,#1872);
#1311=LINE('',#7984,#1873);
#1312=LINE('',#7986,#1874);
#1313=LINE('',#7987,#1875);
#1314=LINE('',#7994,#1876);
#1315=LINE('',#7996,#1877);
#1316=LINE('',#7998,#1878);
#1317=LINE('',#7999,#1879);
#1318=LINE('',#8005,#1880);
#1319=LINE('',#8008,#1881);
#1320=LINE('',#8010,#1882);
#1321=LINE('',#8011,#1883);
#1322=LINE('',#8019,#1884);
#1323=LINE('',#8025,#1885);
#1324=LINE('',#8027,#1886);
#1325=LINE('',#8031,#1887);
#1326=LINE('',#8035,#1888);
#1327=LINE('',#8039,#1889);
#1328=LINE('',#8042,#1890);
#1329=LINE('',#8045,#1891);
#1330=LINE('',#8049,#1892);
#1331=LINE('',#8050,#1893);
#1332=LINE('',#8052,#1894);
#1333=LINE('',#8053,#1895);
#1334=LINE('',#8055,#1896);
#1335=LINE('',#8057,#1897);
#1336=LINE('',#8058,#1898);
#1337=LINE('',#8060,#1899);
#1338=LINE('',#8062,#1900);
#1339=LINE('',#8065,#1901);
#1340=LINE('',#8076,#1902);
#1341=LINE('',#8081,#1903);
#1342=LINE('',#8086,#1904);
#1343=LINE('',#8091,#1905);
#1344=LINE('',#8096,#1906);
#1345=LINE('',#8098,#1907);
#1346=LINE('',#8101,#1908);
#1347=LINE('',#8104,#1909);
#1348=LINE('',#8108,#1910);
#1349=LINE('',#8111,#1911);
#1350=LINE('',#8115,#1912);
#1351=LINE('',#8118,#1913);
#1352=LINE('',#8120,#1914);
#1353=LINE('',#8124,#1915);
#1354=LINE('',#8127,#1916);
#1355=LINE('',#8129,#1917);
#1356=LINE('',#8132,#1918);
#1357=LINE('',#8136,#1919);
#1358=LINE('',#8138,#1920);
#1359=LINE('',#8143,#1921);
#1360=LINE('',#8147,#1922);
#1361=LINE('',#8151,#1923);
#1362=LINE('',#8185,#1924);
#1363=LINE('',#8216,#1925);
#1364=LINE('',#8277,#1926);
#1365=LINE('',#8280,#1927);
#1366=LINE('',#8339,#1928);
#1367=LINE('',#8344,#1929);
#1368=LINE('',#8350,#1930);
#1369=LINE('',#8353,#1931);
#1370=LINE('',#8355,#1932);
#1371=LINE('',#8358,#1933);
#1372=LINE('',#8359,#1934);
#1373=LINE('',#8362,#1935);
#1374=LINE('',#8365,#1936);
#1375=LINE('',#8375,#1937);
#1376=LINE('',#8377,#1938);
#1377=LINE('',#8385,#1939);
#1378=LINE('',#8387,#1940);
#1379=LINE('',#8389,#1941);
#1380=LINE('',#8392,#1942);
#1381=LINE('',#8394,#1943);
#1382=LINE('',#8395,#1944);
#1383=LINE('',#8398,#1945);
#1384=LINE('',#8399,#1946);
#1385=LINE('',#8410,#1947);
#1386=LINE('',#8411,#1948);
#1387=LINE('',#8414,#1949);
#1388=LINE('',#8415,#1950);
#1389=LINE('',#8418,#1951);
#1390=LINE('',#8422,#1952);
#1391=LINE('',#8424,#1953);
#1392=LINE('',#8426,#1954);
#1393=LINE('',#8433,#1955);
#1394=LINE('',#8436,#1956);
#1395=LINE('',#8437,#1957);
#1396=LINE('',#8495,#1958);
#1397=LINE('',#8593,#1959);
#1398=LINE('',#8599,#1960);
#1399=LINE('',#8600,#1961);
#1400=LINE('',#8604,#1962);
#1401=LINE('',#8636,#1963);
#1402=LINE('',#8641,#1964);
#1403=LINE('',#8642,#1965);
#1404=LINE('',#8645,#1966);
#1405=LINE('',#8646,#1967);
#1406=LINE('',#8649,#1968);
#1407=LINE('',#8651,#1969);
#1408=LINE('',#8652,#1970);
#1409=LINE('',#8654,#1971);
#1410=LINE('',#8655,#1972);
#1411=LINE('',#8659,#1973);
#1412=LINE('',#8660,#1974);
#1413=LINE('',#8662,#1975);
#1414=LINE('',#8666,#1976);
#1415=LINE('',#8671,#1977);
#1416=LINE('',#8672,#1978);
#1417=LINE('',#8675,#1979);
#1418=LINE('',#8676,#1980);
#1419=LINE('',#8678,#1981);
#1420=LINE('',#8683,#1982);
#1421=LINE('',#8687,#1983);
#1422=LINE('',#8692,#1984);
#1423=LINE('',#8696,#1985);
#1424=LINE('',#8701,#1986);
#1425=LINE('',#8703,#1987);
#1426=LINE('',#8705,#1988);
#1427=LINE('',#8706,#1989);
#1428=LINE('',#8709,#1990);
#1429=LINE('',#8711,#1991);
#1430=LINE('',#8712,#1992);
#1431=LINE('',#8715,#1993);
#1432=LINE('',#8716,#1994);
#1433=LINE('',#8720,#1995);
#1434=LINE('',#8722,#1996);
#1435=LINE('',#8724,#1997);
#1436=LINE('',#8725,#1998);
#1437=LINE('',#8729,#1999);
#1438=LINE('',#8731,#2000);
#1439=LINE('',#8733,#2001);
#1440=LINE('',#8734,#2002);
#1441=LINE('',#8738,#2003);
#1442=LINE('',#8742,#2004);
#1443=LINE('',#8746,#2005);
#1444=LINE('',#8749,#2006);
#1445=LINE('',#8750,#2007);
#1446=LINE('',#8752,#2008);
#1447=LINE('',#8756,#2009);
#1448=LINE('',#8758,#2010);
#1449=LINE('',#8760,#2011);
#1450=LINE('',#8762,#2012);
#1451=LINE('',#8763,#2013);
#1452=LINE('',#8767,#2014);
#1453=LINE('',#8769,#2015);
#1454=LINE('',#8771,#2016);
#1455=LINE('',#8772,#2017);
#1456=LINE('',#8774,#2018);
#1457=LINE('',#8775,#2019);
#1458=LINE('',#8777,#2020);
#1459=LINE('',#8781,#2021);
#1460=LINE('',#8782,#2022);
#1461=LINE('',#8783,#2023);
#1462=LINE('',#8786,#2024);
#1463=LINE('',#8787,#2025);
#1464=LINE('',#8791,#2026);
#1465=LINE('',#8792,#2027);
#1466=LINE('',#8794,#2028);
#1467=LINE('',#8797,#2029);
#1468=LINE('',#8800,#2030);
#1469=LINE('',#8803,#2031);
#1470=LINE('',#8805,#2032);
#1471=LINE('',#8808,#2033);
#1472=LINE('',#8809,#2034);
#1473=LINE('',#8812,#2035);
#1474=LINE('',#8823,#2036);
#1475=LINE('',#8834,#2037);
#1476=LINE('',#8842,#2038);
#1477=LINE('',#8850,#2039);
#1478=LINE('',#8859,#2040);
#1479=LINE('',#8864,#2041);
#1480=LINE('',#8866,#2042);
#1481=LINE('',#8868,#2043);
#1482=LINE('',#8869,#2044);
#1483=LINE('',#8871,#2045);
#1484=LINE('',#8874,#2046);
#1485=LINE('',#8876,#2047);
#1486=LINE('',#8877,#2048);
#1487=LINE('',#8878,#2049);
#1488=LINE('',#8879,#2050);
#1489=LINE('',#8886,#2051);
#1490=LINE('',#8888,#2052);
#1491=LINE('',#8890,#2053);
#1492=LINE('',#8892,#2054);
#1493=LINE('',#8893,#2055);
#1494=LINE('',#8894,#2056);
#1495=LINE('',#8896,#2057);
#1496=LINE('',#8897,#2058);
#1497=LINE('',#8898,#2059);
#1498=LINE('',#8903,#2060);
#1499=LINE('',#8909,#2061);
#1500=LINE('',#8926,#2062);
#1501=LINE('',#8933,#2063);
#1502=LINE('',#8940,#2064);
#1503=LINE('',#8947,#2065);
#1504=LINE('',#8956,#2066);
#1505=LINE('',#8960,#2067);
#1506=LINE('',#8962,#2068);
#1507=LINE('',#8963,#2069);
#1508=LINE('',#8973,#2070);
#1509=LINE('',#8974,#2071);
#1510=LINE('',#8979,#2072);
#1511=LINE('',#8980,#2073);
#1512=LINE('',#8984,#2074);
#1513=LINE('',#8985,#2075);
#1514=LINE('',#8986,#2076);
#1515=LINE('',#8990,#2077);
#1516=LINE('',#8993,#2078);
#1517=LINE('',#8994,#2079);
#1518=LINE('',#8997,#2080);
#1519=LINE('',#9002,#2081);
#1520=LINE('',#9003,#2082);
#1521=LINE('',#9004,#2083);
#1522=LINE('',#9011,#2084);
#1523=LINE('',#9012,#2085);
#1524=LINE('',#9015,#2086);
#1525=LINE('',#9016,#2087);
#1526=LINE('',#9020,#2088);
#1527=LINE('',#9021,#2089);
#1528=LINE('',#9024,#2090);
#1529=LINE('',#9025,#2091);
#1530=LINE('',#9027,#2092);
#1531=LINE('',#9029,#2093);
#1532=LINE('',#9032,#2094);
#1533=LINE('',#9034,#2095);
#1534=LINE('',#9036,#2096);
#1535=LINE('',#9038,#2097);
#1536=VECTOR('',#5767,10.);
#1537=VECTOR('',#5768,10.);
#1538=VECTOR('',#5769,10.);
#1539=VECTOR('',#5770,10.);
#1540=VECTOR('',#5771,10.);
#1541=VECTOR('',#5772,10.);
#1542=VECTOR('',#5773,10.);
#1543=VECTOR('',#5774,10.);
#1544=VECTOR('',#5777,10.);
#1545=VECTOR('',#5778,10.);
#1546=VECTOR('',#5779,10.);
#1547=VECTOR('',#5780,10.);
#1548=VECTOR('',#5781,10.);
#1549=VECTOR('',#5782,10.);
#1550=VECTOR('',#5783,10.);
#1551=VECTOR('',#5786,10.);
#1552=VECTOR('',#5787,10.);
#1553=VECTOR('',#5788,10.);
#1554=VECTOR('',#5789,10.);
#1555=VECTOR('',#5790,10.);
#1556=VECTOR('',#5791,10.);
#1557=VECTOR('',#5792,10.);
#1558=VECTOR('',#5797,4.088);
#1559=VECTOR('',#5806,4.088);
#1560=VECTOR('',#5813,10.);
#1561=VECTOR('',#5814,10.);
#1562=VECTOR('',#5815,10.);
#1563=VECTOR('',#5816,10.);
#1564=VECTOR('',#5817,10.);
#1565=VECTOR('',#5818,10.);
#1566=VECTOR('',#5825,10.);
#1567=VECTOR('',#5826,10.);
#1568=VECTOR('',#5827,10.);
#1569=VECTOR('',#5828,10.);
#1570=VECTOR('',#5829,10.);
#1571=VECTOR('',#5830,10.);
#1572=VECTOR('',#5833,10.);
#1573=VECTOR('',#5834,10.);
#1574=VECTOR('',#5837,10.);
#1575=VECTOR('',#5838,10.);
#1576=VECTOR('',#5841,10.);
#1577=VECTOR('',#5844,10.);
#1578=VECTOR('',#5847,10.);
#1579=VECTOR('',#5848,10.);
#1580=VECTOR('',#5853,4.088);
#1581=VECTOR('',#5860,4.088);
#1582=VECTOR('',#5865,10.);
#1583=VECTOR('',#5866,10.);
#1584=VECTOR('',#5867,10.);
#1585=VECTOR('',#5868,10.);
#1586=VECTOR('',#5869,10.);
#1587=VECTOR('',#5870,10.);
#1588=VECTOR('',#5871,10.);
#1589=VECTOR('',#5872,10.);
#1590=VECTOR('',#5873,10.);
#1591=VECTOR('',#5874,10.);
#1592=VECTOR('',#5875,10.);
#1593=VECTOR('',#5876,10.);
#1594=VECTOR('',#5877,10.);
#1595=VECTOR('',#5878,10.);
#1596=VECTOR('',#5879,10.);
#1597=VECTOR('',#5880,10.);
#1598=VECTOR('',#5881,10.);
#1599=VECTOR('',#5882,10.);
#1600=VECTOR('',#5883,10.);
#1601=VECTOR('',#5884,10.);
#1602=VECTOR('',#5885,10.);
#1603=VECTOR('',#5886,10.);
#1604=VECTOR('',#5887,10.);
#1605=VECTOR('',#5888,10.);
#1606=VECTOR('',#5889,10.);
#1607=VECTOR('',#5890,10.);
#1608=VECTOR('',#5891,10.);
#1609=VECTOR('',#5892,10.);
#1610=VECTOR('',#5893,10.);
#1611=VECTOR('',#5894,10.);
#1612=VECTOR('',#5895,10.);
#1613=VECTOR('',#5896,10.);
#1614=VECTOR('',#5897,10.);
#1615=VECTOR('',#5898,10.);
#1616=VECTOR('',#5899,10.);
#1617=VECTOR('',#5900,10.);
#1618=VECTOR('',#5901,10.);
#1619=VECTOR('',#5902,10.);
#1620=VECTOR('',#5903,10.);
#1621=VECTOR('',#5904,10.);
#1622=VECTOR('',#5905,10.);
#1623=VECTOR('',#5906,10.);
#1624=VECTOR('',#5907,10.);
#1625=VECTOR('',#5908,10.);
#1626=VECTOR('',#5909,10.);
#1627=VECTOR('',#5910,10.);
#1628=VECTOR('',#5911,10.);
#1629=VECTOR('',#5912,10.);
#1630=VECTOR('',#5913,10.);
#1631=VECTOR('',#5914,10.);
#1632=VECTOR('',#5915,10.);
#1633=VECTOR('',#5916,10.);
#1634=VECTOR('',#5917,10.);
#1635=VECTOR('',#5918,10.);
#1636=VECTOR('',#5919,10.);
#1637=VECTOR('',#5926,10.);
#1638=VECTOR('',#5927,10.);
#1639=VECTOR('',#5928,10.);
#1640=VECTOR('',#5929,10.);
#1641=VECTOR('',#5930,10.);
#1642=VECTOR('',#5931,10.);
#1643=VECTOR('',#5936,10.);
#1644=VECTOR('',#5937,10.);
#1645=VECTOR('',#5938,10.);
#1646=VECTOR('',#5939,10.);
#1647=VECTOR('',#5940,10.);
#1648=VECTOR('',#5941,10.);
#1649=VECTOR('',#5948,10.);
#1650=VECTOR('',#5949,10.);
#1651=VECTOR('',#5950,10.);
#1652=VECTOR('',#5953,10.);
#1653=VECTOR('',#5954,10.);
#1654=VECTOR('',#5955,10.);
#1655=VECTOR('',#5958,10.);
#1656=VECTOR('',#5959,10.);
#1657=VECTOR('',#5962,10.);
#1658=VECTOR('',#5963,10.);
#1659=VECTOR('',#5966,10.);
#1660=VECTOR('',#5967,10.);
#1661=VECTOR('',#5970,10.);
#1662=VECTOR('',#5973,10.);
#1663=VECTOR('',#5976,10.);
#1664=VECTOR('',#5977,10.);
#1665=VECTOR('',#5978,10.);
#1666=VECTOR('',#5979,10.);
#1667=VECTOR('',#5980,10.);
#1668=VECTOR('',#5981,10.);
#1669=VECTOR('',#5982,10.);
#1670=VECTOR('',#5983,10.);
#1671=VECTOR('',#5984,10.);
#1672=VECTOR('',#5985,10.);
#1673=VECTOR('',#5986,10.);
#1674=VECTOR('',#5987,10.);
#1675=VECTOR('',#5988,10.);
#1676=VECTOR('',#5989,10.);
#1677=VECTOR('',#5990,10.);
#1678=VECTOR('',#5991,10.);
#1679=VECTOR('',#5992,10.);
#1680=VECTOR('',#5993,10.);
#1681=VECTOR('',#5994,10.);
#1682=VECTOR('',#5997,10.);
#1683=VECTOR('',#6000,10.);
#1684=VECTOR('',#6003,10.);
#1685=VECTOR('',#6004,10.);
#1686=VECTOR('',#6005,10.);
#1687=VECTOR('',#6006,10.);
#1688=VECTOR('',#6009,10.);
#1689=VECTOR('',#6010,10.);
#1690=VECTOR('',#6013,10.);
#1691=VECTOR('',#6016,10.);
#1692=VECTOR('',#6019,10.);
#1693=VECTOR('',#6022,10.);
#1694=VECTOR('',#6025,10.);
#1695=VECTOR('',#6028,10.);
#1696=VECTOR('',#6031,10.);
#1697=VECTOR('',#6034,10.);
#1698=VECTOR('',#6037,10.);
#1699=VECTOR('',#6038,10.);
#1700=VECTOR('',#6041,10.);
#1701=VECTOR('',#6042,10.);
#1702=VECTOR('',#6043,10.);
#1703=VECTOR('',#6046,0.750000000000001);
#1704=VECTOR('',#6049,0.750000000000002);
#1705=VECTOR('',#6052,10.);
#1706=VECTOR('',#6053,10.);
#1707=VECTOR('',#6054,10.);
#1708=VECTOR('',#6057,10.);
#1709=VECTOR('',#6058,10.);
#1710=VECTOR('',#6061,10.);
#1711=VECTOR('',#6062,10.);
#1712=VECTOR('',#6063,10.);
#1713=VECTOR('',#6066,10.);
#1714=VECTOR('',#6067,10.);
#1715=VECTOR('',#6068,10.);
#1716=VECTOR('',#6071,10.);
#1717=VECTOR('',#6072,10.);
#1718=VECTOR('',#6075,10.);
#1719=VECTOR('',#6076,10.);
#1720=VECTOR('',#6079,10.);
#1721=VECTOR('',#6080,10.);
#1722=VECTOR('',#6083,10.);
#1723=VECTOR('',#6084,10.);
#1724=VECTOR('',#6085,10.);
#1725=VECTOR('',#6088,10.);
#1726=VECTOR('',#6089,10.);
#1727=VECTOR('',#6092,10.);
#1728=VECTOR('',#6093,10.);
#1729=VECTOR('',#6096,10.);
#1730=VECTOR('',#6097,10.);
#1731=VECTOR('',#6100,10.);
#1732=VECTOR('',#6101,10.);
#1733=VECTOR('',#6104,10.);
#1734=VECTOR('',#6105,10.);
#1735=VECTOR('',#6106,10.);
#1736=VECTOR('',#6107,10.);
#1737=VECTOR('',#6110,10.);
#1738=VECTOR('',#6113,10.);
#1739=VECTOR('',#6114,10.);
#1740=VECTOR('',#6115,10.);
#1741=VECTOR('',#6118,10.);
#1742=VECTOR('',#6119,10.);
#1743=VECTOR('',#6122,10.);
#1744=VECTOR('',#6123,10.);
#1745=VECTOR('',#6126,10.);
#1746=VECTOR('',#6127,10.);
#1747=VECTOR('',#6130,10.);
#1748=VECTOR('',#6131,10.);
#1749=VECTOR('',#6134,10.);
#1750=VECTOR('',#6137,10.);
#1751=VECTOR('',#6140,10.);
#1752=VECTOR('',#6145,10.);
#1753=VECTOR('',#6146,10.);
#1754=VECTOR('',#6149,10.);
#1755=VECTOR('',#6150,10.);
#1756=VECTOR('',#6153,10.);
#1757=VECTOR('',#6154,10.);
#1758=VECTOR('',#6157,10.);
#1759=VECTOR('',#6158,10.);
#1760=VECTOR('',#6161,10.);
#1761=VECTOR('',#6162,10.);
#1762=VECTOR('',#6165,10.);
#1763=VECTOR('',#6168,10.);
#1764=VECTOR('',#6171,10.);
#1765=VECTOR('',#6172,10.);
#1766=VECTOR('',#6175,10.);
#1767=VECTOR('',#6176,10.);
#1768=VECTOR('',#6179,10.);
#1769=VECTOR('',#6180,10.);
#1770=VECTOR('',#6183,10.);
#1771=VECTOR('',#6186,10.);
#1772=VECTOR('',#6189,10.);
#1773=VECTOR('',#6190,10.);
#1774=VECTOR('',#6193,10.);
#1775=VECTOR('',#6194,10.);
#1776=VECTOR('',#6197,10.);
#1777=VECTOR('',#6198,10.);
#1778=VECTOR('',#6201,10.);
#1779=VECTOR('',#6204,10.);
#1780=VECTOR('',#6207,10.);
#1781=VECTOR('',#6210,10.);
#1782=VECTOR('',#6213,10.);
#1783=VECTOR('',#6218,10.);
#1784=VECTOR('',#6219,10.);
#1785=VECTOR('',#6220,10.);
#1786=VECTOR('',#6223,10.);
#1787=VECTOR('',#6224,10.);
#1788=VECTOR('',#6227,10.);
#1789=VECTOR('',#6228,10.);
#1790=VECTOR('',#6229,10.);
#1791=VECTOR('',#6232,10.);
#1792=VECTOR('',#6233,10.);
#1793=VECTOR('',#6238,10.);
#1794=VECTOR('',#6239,10.);
#1795=VECTOR('',#6240,10.);
#1796=VECTOR('',#6243,10.);
#1797=VECTOR('',#6244,10.);
#1798=VECTOR('',#6247,10.);
#1799=VECTOR('',#6248,10.);
#1800=VECTOR('',#6251,10.);
#1801=VECTOR('',#6252,10.);
#1802=VECTOR('',#6255,10.);
#1803=VECTOR('',#6256,10.);
#1804=VECTOR('',#6259,10.);
#1805=VECTOR('',#6260,10.);
#1806=VECTOR('',#6263,10.);
#1807=VECTOR('',#6264,10.);
#1808=VECTOR('',#6267,10.);
#1809=VECTOR('',#6268,10.);
#1810=VECTOR('',#6271,10.);
#1811=VECTOR('',#6272,10.);
#1812=VECTOR('',#6275,10.);
#1813=VECTOR('',#6276,10.);
#1814=VECTOR('',#6279,10.);
#1815=VECTOR('',#6280,10.);
#1816=VECTOR('',#6283,10.);
#1817=VECTOR('',#6284,10.);
#1818=VECTOR('',#6287,10.);
#1819=VECTOR('',#6288,10.);
#1820=VECTOR('',#6291,10.);
#1821=VECTOR('',#6292,10.);
#1822=VECTOR('',#6295,10.);
#1823=VECTOR('',#6298,10.);
#1824=VECTOR('',#6299,10.);
#1825=VECTOR('',#6302,10.);
#1826=VECTOR('',#6303,10.);
#1827=VECTOR('',#6306,10.);
#1828=VECTOR('',#6307,10.);
#1829=VECTOR('',#6310,10.);
#1830=VECTOR('',#6311,10.);
#1831=VECTOR('',#6314,10.);
#1832=VECTOR('',#6315,10.);
#1833=VECTOR('',#6318,10.);
#1834=VECTOR('',#6319,10.);
#1835=VECTOR('',#6322,10.);
#1836=VECTOR('',#6323,10.);
#1837=VECTOR('',#6326,10.);
#1838=VECTOR('',#6327,10.);
#1839=VECTOR('',#6330,10.);
#1840=VECTOR('',#6331,10.);
#1841=VECTOR('',#6334,10.);
#1842=VECTOR('',#6335,10.);
#1843=VECTOR('',#6338,10.);
#1844=VECTOR('',#6339,10.);
#1845=VECTOR('',#6342,10.);
#1846=VECTOR('',#6343,10.);
#1847=VECTOR('',#6346,10.);
#1848=VECTOR('',#6347,10.);
#1849=VECTOR('',#6350,10.);
#1850=VECTOR('',#6351,10.);
#1851=VECTOR('',#6354,10.);
#1852=VECTOR('',#6355,10.);
#1853=VECTOR('',#6358,10.);
#1854=VECTOR('',#6359,10.);
#1855=VECTOR('',#6362,10.);
#1856=VECTOR('',#6363,10.);
#1857=VECTOR('',#6366,10.);
#1858=VECTOR('',#6367,10.);
#1859=VECTOR('',#6370,10.);
#1860=VECTOR('',#6373,10.);
#1861=VECTOR('',#6374,10.);
#1862=VECTOR('',#6377,10.);
#1863=VECTOR('',#6378,10.);
#1864=VECTOR('',#6381,10.);
#1865=VECTOR('',#6384,10.);
#1866=VECTOR('',#6385,10.);
#1867=VECTOR('',#6388,10.);
#1868=VECTOR('',#6391,10.);
#1869=VECTOR('',#6392,7.5);
#1870=VECTOR('',#6393,10.);
#1871=VECTOR('',#6394,7.5);
#1872=VECTOR('',#6401,7.5);
#1873=VECTOR('',#6404,10.);
#1874=VECTOR('',#6405,10.);
#1875=VECTOR('',#6406,7.5);
#1876=VECTOR('',#6415,10.);
#1877=VECTOR('',#6416,7.5);
#1878=VECTOR('',#6417,10.);
#1879=VECTOR('',#6418,7.5);
#1880=VECTOR('',#6425,7.5);
#1881=VECTOR('',#6428,10.);
#1882=VECTOR('',#6429,10.);
#1883=VECTOR('',#6430,7.5);
#1884=VECTOR('',#6441,1.);
#1885=VECTOR('',#6448,10.);
#1886=VECTOR('',#6449,10.);
#1887=VECTOR('',#6452,10.);
#1888=VECTOR('',#6455,10.);
#1889=VECTOR('',#6458,10.);
#1890=VECTOR('',#6461,10.);
#1891=VECTOR('',#6464,10.);
#1892=VECTOR('',#6467,10.);
#1893=VECTOR('',#6468,10.);
#1894=VECTOR('',#6469,10.);
#1895=VECTOR('',#6470,10.);
#1896=VECTOR('',#6471,10.);
#1897=VECTOR('',#6472,10.);
#1898=VECTOR('',#6473,10.);
#1899=VECTOR('',#6474,10.);
#1900=VECTOR('',#6475,10.);
#1901=VECTOR('',#6478,10.);
#1902=VECTOR('',#6489,1.);
#1903=VECTOR('',#6496,0.999999999999999);
#1904=VECTOR('',#6503,0.999999999999999);
#1905=VECTOR('',#6510,1.);
#1906=VECTOR('',#6517,10.);
#1907=VECTOR('',#6518,10.);
#1908=VECTOR('',#6521,10.);
#1909=VECTOR('',#6524,10.);
#1910=VECTOR('',#6527,10.);
#1911=VECTOR('',#6530,10.);
#1912=VECTOR('',#6533,10.);
#1913=VECTOR('',#6538,10.);
#1914=VECTOR('',#6541,10.);
#1915=VECTOR('',#6548,10.);
#1916=VECTOR('',#6551,10.);
#1917=VECTOR('',#6552,10.);
#1918=VECTOR('',#6555,10.);
#1919=VECTOR('',#6562,10.);
#1920=VECTOR('',#6565,10.);
#1921=VECTOR('',#6570,10.);
#1922=VECTOR('',#6573,10.);
#1923=VECTOR('',#6578,10.);
#1924=VECTOR('',#6591,10.);
#1925=VECTOR('',#6598,10.);
#1926=VECTOR('',#6613,10.);
#1927=VECTOR('',#6616,10.);
#1928=VECTOR('',#6629,10.);
#1929=VECTOR('',#6636,10.);
#1930=VECTOR('',#6645,10.);
#1931=VECTOR('',#6648,10.);
#1932=VECTOR('',#6651,10.);
#1933=VECTOR('',#6654,10.);
#1934=VECTOR('',#6655,10.);
#1935=VECTOR('',#6658,10.);
#1936=VECTOR('',#6663,10.);
#1937=VECTOR('',#6676,10.);
#1938=VECTOR('',#6679,10.);
#1939=VECTOR('',#6690,10.);
#1940=VECTOR('',#6693,10.);
#1941=VECTOR('',#6694,10.);
#1942=VECTOR('',#6699,10.);
#1943=VECTOR('',#6702,22.);
#1944=VECTOR('',#6703,22.);
#1945=VECTOR('',#6706,10.);
#1946=VECTOR('',#6707,10.);
#1947=VECTOR('',#6720,10.);
#1948=VECTOR('',#6721,10.);
#1949=VECTOR('',#6724,10.);
#1950=VECTOR('',#6725,10.);
#1951=VECTOR('',#6728,10.);
#1952=VECTOR('',#6733,10.);
#1953=VECTOR('',#6734,10.);
#1954=VECTOR('',#6735,10.);
#1955=VECTOR('',#6746,10.);
#1956=VECTOR('',#6749,10.);
#1957=VECTOR('',#6750,10.);
#1958=VECTOR('',#6763,10.);
#1959=VECTOR('',#6782,10.);
#1960=VECTOR('',#6791,10.);
#1961=VECTOR('',#6792,10.);
#1962=VECTOR('',#6797,10.);
#1963=VECTOR('',#6804,10.);
#1964=VECTOR('',#6811,10.);
#1965=VECTOR('',#6812,10.);
#1966=VECTOR('',#6815,10.);
#1967=VECTOR('',#6816,10.);
#1968=VECTOR('',#6819,10.);
#1969=VECTOR('',#6820,10.);
#1970=VECTOR('',#6821,10.);
#1971=VECTOR('',#6824,10.);
#1972=VECTOR('',#6825,10.);
#1973=VECTOR('',#6830,10.);
#1974=VECTOR('',#6831,10.);
#1975=VECTOR('',#6834,10.);
#1976=VECTOR('',#6841,10.);
#1977=VECTOR('',#6848,10.);
#1978=VECTOR('',#6849,10.);
#1979=VECTOR('',#6852,10.);
#1980=VECTOR('',#6853,10.);
#1981=VECTOR('',#6856,10.);
#1982=VECTOR('',#6861,3.);
#1983=VECTOR('',#6864,10.);
#1984=VECTOR('',#6869,3.);
#1985=VECTOR('',#6872,10.);
#1986=VECTOR('',#6877,10.);
#1987=VECTOR('',#6878,10.);
#1988=VECTOR('',#6879,10.);
#1989=VECTOR('',#6880,10.);
#1990=VECTOR('',#6883,10.);
#1991=VECTOR('',#6884,10.);
#1992=VECTOR('',#6885,10.);
#1993=VECTOR('',#6888,10.);
#1994=VECTOR('',#6889,10.);
#1995=VECTOR('',#6892,10.);
#1996=VECTOR('',#6893,10.);
#1997=VECTOR('',#6894,10.);
#1998=VECTOR('',#6895,10.);
#1999=VECTOR('',#6898,10.);
#2000=VECTOR('',#6899,10.);
#2001=VECTOR('',#6900,10.);
#2002=VECTOR('',#6901,10.);
#2003=VECTOR('',#6904,10.);
#2004=VECTOR('',#6907,10.);
#2005=VECTOR('',#6910,10.);
#2006=VECTOR('',#6913,10.);
#2007=VECTOR('',#6914,10.);
#2008=VECTOR('',#6915,10.);
#2009=VECTOR('',#6920,10.);
#2010=VECTOR('',#6921,10.);
#2011=VECTOR('',#6922,10.);
#2012=VECTOR('',#6923,10.);
#2013=VECTOR('',#6924,10.);
#2014=VECTOR('',#6927,10.);
#2015=VECTOR('',#6928,10.);
#2016=VECTOR('',#6929,10.);
#2017=VECTOR('',#6930,10.);
#2018=VECTOR('',#6931,10.);
#2019=VECTOR('',#6932,10.);
#2020=VECTOR('',#6935,10.);
#2021=VECTOR('',#6938,10.);
#2022=VECTOR('',#6939,10.);
#2023=VECTOR('',#6940,10.);
#2024=VECTOR('',#6943,10.);
#2025=VECTOR('',#6944,10.);
#2026=VECTOR('',#6949,10.);
#2027=VECTOR('',#6950,10.);
#2028=VECTOR('',#6953,10.);
#2029=VECTOR('',#6956,10.);
#2030=VECTOR('',#6959,10.);
#2031=VECTOR('',#6962,10.);
#2032=VECTOR('',#6963,10.);
#2033=VECTOR('',#6966,10.);
#2034=VECTOR('',#6967,10.);
#2035=VECTOR('',#6970,10.);
#2036=VECTOR('',#6983,2.1);
#2037=VECTOR('',#6996,2.1);
#2038=VECTOR('',#7007,2.1);
#2039=VECTOR('',#7018,2.);
#2040=VECTOR('',#7029,2.1);
#2041=VECTOR('',#7038,10.);
#2042=VECTOR('',#7041,10.);
#2043=VECTOR('',#7044,10.);
#2044=VECTOR('',#7045,10.);
#2045=VECTOR('',#7048,10.);
#2046=VECTOR('',#7053,10.);
#2047=VECTOR('',#7054,10.);
#2048=VECTOR('',#7055,10.);
#2049=VECTOR('',#7056,10.);
#2050=VECTOR('',#7057,10.);
#2051=VECTOR('',#7070,10.);
#2052=VECTOR('',#7071,10.);
#2053=VECTOR('',#7072,10.);
#2054=VECTOR('',#7073,10.);
#2055=VECTOR('',#7074,10.);
#2056=VECTOR('',#7075,10.);
#2057=VECTOR('',#7078,10.);
#2058=VECTOR('',#7079,10.);
#2059=VECTOR('',#7080,10.);
#2060=VECTOR('',#7087,1.);
#2061=VECTOR('',#7094,2.);
#2062=VECTOR('',#7117,1.);
#2063=VECTOR('',#7126,0.999999999999999);
#2064=VECTOR('',#7135,0.999999999999999);
#2065=VECTOR('',#7144,1.);
#2066=VECTOR('',#7153,10.);
#2067=VECTOR('',#7156,10.);
#2068=VECTOR('',#7157,10.);
#2069=VECTOR('',#7158,10.);
#2070=VECTOR('',#7169,10.);
#2071=VECTOR('',#7170,10.);
#2072=VECTOR('',#7175,10.);
#2073=VECTOR('',#7176,10.);
#2074=VECTOR('',#7179,10.);
#2075=VECTOR('',#7180,10.);
#2076=VECTOR('',#7181,10.);
#2077=VECTOR('',#7186,10.);
#2078=VECTOR('',#7189,10.);
#2079=VECTOR('',#7190,10.);
#2080=VECTOR('',#7193,10.);
#2081=VECTOR('',#7198,10.);
#2082=VECTOR('',#7199,10.);
#2083=VECTOR('',#7200,10.);
#2084=VECTOR('',#7209,10.);
#2085=VECTOR('',#7210,10.);
#2086=VECTOR('',#7213,10.);
#2087=VECTOR('',#7214,10.);
#2088=VECTOR('',#7219,10.);
#2089=VECTOR('',#7220,10.);
#2090=VECTOR('',#7223,10.);
#2091=VECTOR('',#7224,10.);
#2092=VECTOR('',#7227,10.);
#2093=VECTOR('',#7230,10.);
#2094=VECTOR('',#7235,2.1);
#2095=VECTOR('',#7238,2.1);
#2096=VECTOR('',#7241,2.1);
#2097=VECTOR('',#7244,2.1);
#2098=VERTEX_POINT('',#7247);
#2099=VERTEX_POINT('',#7248);
#2100=VERTEX_POINT('',#7250);
#2101=VERTEX_POINT('',#7252);
#2102=VERTEX_POINT('',#7254);
#2103=VERTEX_POINT('',#7256);
#2104=VERTEX_POINT('',#7258);
#2105=VERTEX_POINT('',#7260);
#2106=VERTEX_POINT('',#7264);
#2107=VERTEX_POINT('',#7266);
#2108=VERTEX_POINT('',#7268);
#2109=VERTEX_POINT('',#7270);
#2110=VERTEX_POINT('',#7272);
#2111=VERTEX_POINT('',#7274);
#2112=VERTEX_POINT('',#7278);
#2113=VERTEX_POINT('',#7280);
#2114=VERTEX_POINT('',#7282);
#2115=VERTEX_POINT('',#7284);
#2116=VERTEX_POINT('',#7286);
#2117=VERTEX_POINT('',#7288);
#2118=VERTEX_POINT('',#7292);
#2119=VERTEX_POINT('',#7294);
#2120=VERTEX_POINT('',#7299);
#2121=VERTEX_POINT('',#7301);
#2122=VERTEX_POINT('',#7306);
#2123=VERTEX_POINT('',#7307);
#2124=VERTEX_POINT('',#7309);
#2125=VERTEX_POINT('',#7311);
#2126=VERTEX_POINT('',#7313);
#2127=VERTEX_POINT('',#7315);
#2128=VERTEX_POINT('',#7318);
#2129=VERTEX_POINT('',#7320);
#2130=VERTEX_POINT('',#7323);
#2131=VERTEX_POINT('',#7325);
#2132=VERTEX_POINT('',#7327);
#2133=VERTEX_POINT('',#7329);
#2134=VERTEX_POINT('',#7331);
#2135=VERTEX_POINT('',#7333);
#2136=VERTEX_POINT('',#7335);
#2137=VERTEX_POINT('',#7337);
#2138=VERTEX_POINT('',#7341);
#2139=VERTEX_POINT('',#7345);
#2140=VERTEX_POINT('',#7347);
#2141=VERTEX_POINT('',#7349);
#2142=VERTEX_POINT('',#7351);
#2143=VERTEX_POINT('',#7353);
#2144=VERTEX_POINT('',#7357);
#2145=VERTEX_POINT('',#7362);
#2146=VERTEX_POINT('',#7367);
#2147=VERTEX_POINT('',#7368);
#2148=VERTEX_POINT('',#7370);
#2149=VERTEX_POINT('',#7372);
#2150=VERTEX_POINT('',#7374);
#2151=VERTEX_POINT('',#7376);
#2152=VERTEX_POINT('',#7378);
#2153=VERTEX_POINT('',#7380);
#2154=VERTEX_POINT('',#7382);
#2155=VERTEX_POINT('',#7384);
#2156=VERTEX_POINT('',#7386);
#2157=VERTEX_POINT('',#7388);
#2158=VERTEX_POINT('',#7390);
#2159=VERTEX_POINT('',#7392);
#2160=VERTEX_POINT('',#7394);
#2161=VERTEX_POINT('',#7396);
#2162=VERTEX_POINT('',#7398);
#2163=VERTEX_POINT('',#7400);
#2164=VERTEX_POINT('',#7402);
#2165=VERTEX_POINT('',#7404);
#2166=VERTEX_POINT('',#7406);
#2167=VERTEX_POINT('',#7408);
#2168=VERTEX_POINT('',#7410);
#2169=VERTEX_POINT('',#7412);
#2170=VERTEX_POINT('',#7414);
#2171=VERTEX_POINT('',#7416);
#2172=VERTEX_POINT('',#7418);
#2173=VERTEX_POINT('',#7420);
#2174=VERTEX_POINT('',#7422);
#2175=VERTEX_POINT('',#7424);
#2176=VERTEX_POINT('',#7426);
#2177=VERTEX_POINT('',#7428);
#2178=VERTEX_POINT('',#7430);
#2179=VERTEX_POINT('',#7432);
#2180=VERTEX_POINT('',#7434);
#2181=VERTEX_POINT('',#7436);
#2182=VERTEX_POINT('',#7438);
#2183=VERTEX_POINT('',#7440);
#2184=VERTEX_POINT('',#7442);
#2185=VERTEX_POINT('',#7444);
#2186=VERTEX_POINT('',#7446);
#2187=VERTEX_POINT('',#7448);
#2188=VERTEX_POINT('',#7450);
#2189=VERTEX_POINT('',#7452);
#2190=VERTEX_POINT('',#7454);
#2191=VERTEX_POINT('',#7456);
#2192=VERTEX_POINT('',#7458);
#2193=VERTEX_POINT('',#7460);
#2194=VERTEX_POINT('',#7462);
#2195=VERTEX_POINT('',#7464);
#2196=VERTEX_POINT('',#7466);
#2197=VERTEX_POINT('',#7468);
#2198=VERTEX_POINT('',#7470);
#2199=VERTEX_POINT('',#7472);
#2200=VERTEX_POINT('',#7474);
#2201=VERTEX_POINT('',#7477);
#2202=VERTEX_POINT('',#7479);
#2203=VERTEX_POINT('',#7482);
#2204=VERTEX_POINT('',#7484);
#2205=VERTEX_POINT('',#7487);
#2206=VERTEX_POINT('',#7489);
#2207=VERTEX_POINT('',#7493);
#2208=VERTEX_POINT('',#7494);
#2209=VERTEX_POINT('',#7496);
#2210=VERTEX_POINT('',#7498);
#2211=VERTEX_POINT('',#7501);
#2212=VERTEX_POINT('',#7503);
#2213=VERTEX_POINT('',#7506);
#2214=VERTEX_POINT('',#7508);
#2215=VERTEX_POINT('',#7511);
#2216=VERTEX_POINT('',#7513);
#2217=VERTEX_POINT('',#7517);
#2218=VERTEX_POINT('',#7519);
#2219=VERTEX_POINT('',#7526);
#2220=VERTEX_POINT('',#7530);
#2221=VERTEX_POINT('',#7536);
#2222=VERTEX_POINT('',#7537);
#2223=VERTEX_POINT('',#7539);
#2224=VERTEX_POINT('',#7541);
#2225=VERTEX_POINT('',#7543);
#2226=VERTEX_POINT('',#7545);
#2227=VERTEX_POINT('',#7547);
#2228=VERTEX_POINT('',#7549);
#2229=VERTEX_POINT('',#7551);
#2230=VERTEX_POINT('',#7553);
#2231=VERTEX_POINT('',#7555);
#2232=VERTEX_POINT('',#7557);
#2233=VERTEX_POINT('',#7559);
#2234=VERTEX_POINT('',#7561);
#2235=VERTEX_POINT('',#7563);
#2236=VERTEX_POINT('',#7565);
#2237=VERTEX_POINT('',#7567);
#2238=VERTEX_POINT('',#7569);
#2239=VERTEX_POINT('',#7571);
#2240=VERTEX_POINT('',#7573);
#2241=VERTEX_POINT('',#7575);
#2242=VERTEX_POINT('',#7579);
#2243=VERTEX_POINT('',#7581);
#2244=VERTEX_POINT('',#7585);
#2245=VERTEX_POINT('',#7587);
#2246=VERTEX_POINT('',#7589);
#2247=VERTEX_POINT('',#7612);
#2248=VERTEX_POINT('',#7616);
#2249=VERTEX_POINT('',#7618);
#2250=VERTEX_POINT('',#7626);
#2251=VERTEX_POINT('',#7628);
#2252=VERTEX_POINT('',#7632);
#2253=VERTEX_POINT('',#7636);
#2254=VERTEX_POINT('',#7638);
#2255=VERTEX_POINT('',#7642);
#2256=VERTEX_POINT('',#7644);
#2257=VERTEX_POINT('',#7648);
#2258=VERTEX_POINT('',#7652);
#2259=VERTEX_POINT('',#7656);
#2260=VERTEX_POINT('',#7660);
#2261=VERTEX_POINT('',#7662);
#2262=VERTEX_POINT('',#7666);
#2263=VERTEX_POINT('',#7670);
#2264=VERTEX_POINT('',#7674);
#2265=VERTEX_POINT('',#7678);
#2266=VERTEX_POINT('',#7682);
#2267=VERTEX_POINT('',#7683);
#2268=VERTEX_POINT('',#7691);
#2269=VERTEX_POINT('',#7693);
#2270=VERTEX_POINT('',#7697);
#2271=VERTEX_POINT('',#7701);
#2272=VERTEX_POINT('',#7705);
#2273=VERTEX_POINT('',#7719);
#2274=VERTEX_POINT('',#7723);
#2275=VERTEX_POINT('',#7727);
#2276=VERTEX_POINT('',#7731);
#2277=VERTEX_POINT('',#7735);
#2278=VERTEX_POINT('',#7743);
#2279=VERTEX_POINT('',#7747);
#2280=VERTEX_POINT('',#7751);
#2281=VERTEX_POINT('',#7759);
#2282=VERTEX_POINT('',#7763);
#2283=VERTEX_POINT('',#7767);
#2284=VERTEX_POINT('',#7782);
#2285=VERTEX_POINT('',#7783);
#2286=VERTEX_POINT('',#7788);
#2287=VERTEX_POINT('',#7792);
#2288=VERTEX_POINT('',#7793);
#2289=VERTEX_POINT('',#7798);
#2290=VERTEX_POINT('',#7809);
#2291=VERTEX_POINT('',#7810);
#2292=VERTEX_POINT('',#7815);
#2293=VERTEX_POINT('',#7819);
#2294=VERTEX_POINT('',#7823);
#2295=VERTEX_POINT('',#7827);
#2296=VERTEX_POINT('',#7831);
#2297=VERTEX_POINT('',#7835);
#2298=VERTEX_POINT('',#7839);
#2299=VERTEX_POINT('',#7843);
#2300=VERTEX_POINT('',#7847);
#2301=VERTEX_POINT('',#7851);
#2302=VERTEX_POINT('',#7855);
#2303=VERTEX_POINT('',#7859);
#2304=VERTEX_POINT('',#7863);
#2305=VERTEX_POINT('',#7869);
#2306=VERTEX_POINT('',#7873);
#2307=VERTEX_POINT('',#7877);
#2308=VERTEX_POINT('',#7881);
#2309=VERTEX_POINT('',#7885);
#2310=VERTEX_POINT('',#7889);
#2311=VERTEX_POINT('',#7893);
#2312=VERTEX_POINT('',#7897);
#2313=VERTEX_POINT('',#7901);
#2314=VERTEX_POINT('',#7905);
#2315=VERTEX_POINT('',#7909);
#2316=VERTEX_POINT('',#7913);
#2317=VERTEX_POINT('',#7917);
#2318=VERTEX_POINT('',#7921);
#2319=VERTEX_POINT('',#7925);
#2320=VERTEX_POINT('',#7929);
#2321=VERTEX_POINT('',#7933);
#2322=VERTEX_POINT('',#7937);
#2323=VERTEX_POINT('',#7943);
#2324=VERTEX_POINT('',#7944);
#2325=VERTEX_POINT('',#7946);
#2326=VERTEX_POINT('',#7948);
#2327=VERTEX_POINT('',#7950);
#2328=VERTEX_POINT('',#7952);
#2329=VERTEX_POINT('',#7954);
#2330=VERTEX_POINT('',#7956);
#2331=VERTEX_POINT('',#7958);
#2332=VERTEX_POINT('',#7960);
#2333=VERTEX_POINT('',#7962);
#2334=VERTEX_POINT('',#7964);
#2335=VERTEX_POINT('',#7968);
#2336=VERTEX_POINT('',#7969);
#2337=VERTEX_POINT('',#7971);
#2338=VERTEX_POINT('',#7973);
#2339=VERTEX_POINT('',#7977);
#2340=VERTEX_POINT('',#7979);
#2341=VERTEX_POINT('',#7983);
#2342=VERTEX_POINT('',#7985);
#2343=VERTEX_POINT('',#7992);
#2344=VERTEX_POINT('',#7993);
#2345=VERTEX_POINT('',#7995);
#2346=VERTEX_POINT('',#7997);
#2347=VERTEX_POINT('',#8001);
#2348=VERTEX_POINT('',#8003);
#2349=VERTEX_POINT('',#8007);
#2350=VERTEX_POINT('',#8009);
#2351=VERTEX_POINT('',#8016);
#2352=VERTEX_POINT('',#8018);
#2353=VERTEX_POINT('',#8023);
#2354=VERTEX_POINT('',#8024);
#2355=VERTEX_POINT('',#8026);
#2356=VERTEX_POINT('',#8028);
#2357=VERTEX_POINT('',#8030);
#2358=VERTEX_POINT('',#8032);
#2359=VERTEX_POINT('',#8034);
#2360=VERTEX_POINT('',#8036);
#2361=VERTEX_POINT('',#8038);
#2362=VERTEX_POINT('',#8040);
#2363=VERTEX_POINT('',#8044);
#2364=VERTEX_POINT('',#8046);
#2365=VERTEX_POINT('',#8048);
#2366=VERTEX_POINT('',#8051);
#2367=VERTEX_POINT('',#8054);
#2368=VERTEX_POINT('',#8056);
#2369=VERTEX_POINT('',#8059);
#2370=VERTEX_POINT('',#8061);
#2371=VERTEX_POINT('',#8063);
#2372=VERTEX_POINT('',#8066);
#2373=VERTEX_POINT('',#8068);
#2374=VERTEX_POINT('',#8070);
#2375=VERTEX_POINT('',#8072);
#2376=VERTEX_POINT('',#8075);
#2377=VERTEX_POINT('',#8080);
#2378=VERTEX_POINT('',#8085);
#2379=VERTEX_POINT('',#8090);
#2380=VERTEX_POINT('',#8095);
#2381=VERTEX_POINT('',#8097);
#2382=VERTEX_POINT('',#8099);
#2383=VERTEX_POINT('',#8103);
#2384=VERTEX_POINT('',#8105);
#2385=VERTEX_POINT('',#8107);
#2386=VERTEX_POINT('',#8109);
#2387=VERTEX_POINT('',#8112);
#2388=VERTEX_POINT('',#8114);
#2389=VERTEX_POINT('',#8126);
#2390=VERTEX_POINT('',#8128);
#2391=VERTEX_POINT('',#8130);
#2392=VERTEX_POINT('',#8141);
#2393=VERTEX_POINT('',#8142);
#2394=VERTEX_POINT('',#8144);
#2395=VERTEX_POINT('',#8146);
#2396=VERTEX_POINT('',#8150);
#2397=VERTEX_POINT('',#8179);
#2398=VERTEX_POINT('',#8183);
#2399=VERTEX_POINT('',#8211);
#2400=VERTEX_POINT('',#8215);
#2401=VERTEX_POINT('',#8217);
#2402=VERTEX_POINT('',#8240);
#2403=VERTEX_POINT('',#8241);
#2404=VERTEX_POINT('',#8265);
#2405=VERTEX_POINT('',#8276);
#2406=VERTEX_POINT('',#8278);
#2407=VERTEX_POINT('',#8301);
#2408=VERTEX_POINT('',#8302);
#2409=VERTEX_POINT('',#8326);
#2410=VERTEX_POINT('',#8337);
#2411=VERTEX_POINT('',#8343);
#2412=VERTEX_POINT('',#8349);
#2413=VERTEX_POINT('',#8351);
#2414=VERTEX_POINT('',#8357);
#2415=VERTEX_POINT('',#8361);
#2416=VERTEX_POINT('',#8367);
#2417=VERTEX_POINT('',#8369);
#2418=VERTEX_POINT('',#8373);
#2419=VERTEX_POINT('',#8379);
#2420=VERTEX_POINT('',#8381);
#2421=VERTEX_POINT('',#8388);
#2422=VERTEX_POINT('',#8397);
#2423=VERTEX_POINT('',#8401);
#2424=VERTEX_POINT('',#8402);
#2425=VERTEX_POINT('',#8404);
#2426=VERTEX_POINT('',#8406);
#2427=VERTEX_POINT('',#8413);
#2428=VERTEX_POINT('',#8417);
#2429=VERTEX_POINT('',#8421);
#2430=VERTEX_POINT('',#8423);
#2431=VERTEX_POINT('',#8425);
#2432=VERTEX_POINT('',#8429);
#2433=VERTEX_POINT('',#8435);
#2434=VERTEX_POINT('',#8439);
#2435=VERTEX_POINT('',#8467);
#2436=VERTEX_POINT('',#8468);
#2437=VERTEX_POINT('',#8470);
#2438=VERTEX_POINT('',#8476);
#2439=VERTEX_POINT('',#8492);
#2440=VERTEX_POINT('',#8494);
#2441=VERTEX_POINT('',#8544);
#2442=VERTEX_POINT('',#8546);
#2443=VERTEX_POINT('',#8551);
#2444=VERTEX_POINT('',#8589);
#2445=VERTEX_POINT('',#8597);
#2446=VERTEX_POINT('',#8603);
#2447=VERTEX_POINT('',#8640);
#2448=VERTEX_POINT('',#8644);
#2449=VERTEX_POINT('',#8648);
#2450=VERTEX_POINT('',#8650);
#2451=VERTEX_POINT('',#8658);
#2452=VERTEX_POINT('',#8670);
#2453=VERTEX_POINT('',#8674);
#2454=VERTEX_POINT('',#8681);
#2455=VERTEX_POINT('',#8682);
#2456=VERTEX_POINT('',#8684);
#2457=VERTEX_POINT('',#8686);
#2458=VERTEX_POINT('',#8690);
#2459=VERTEX_POINT('',#8691);
#2460=VERTEX_POINT('',#8693);
#2461=VERTEX_POINT('',#8695);
#2462=VERTEX_POINT('',#8699);
#2463=VERTEX_POINT('',#8700);
#2464=VERTEX_POINT('',#8702);
#2465=VERTEX_POINT('',#8704);
#2466=VERTEX_POINT('',#8708);
#2467=VERTEX_POINT('',#8710);
#2468=VERTEX_POINT('',#8714);
#2469=VERTEX_POINT('',#8718);
#2470=VERTEX_POINT('',#8719);
#2471=VERTEX_POINT('',#8721);
#2472=VERTEX_POINT('',#8723);
#2473=VERTEX_POINT('',#8727);
#2474=VERTEX_POINT('',#8728);
#2475=VERTEX_POINT('',#8730);
#2476=VERTEX_POINT('',#8732);
#2477=VERTEX_POINT('',#8736);
#2478=VERTEX_POINT('',#8737);
#2479=VERTEX_POINT('',#8739);
#2480=VERTEX_POINT('',#8741);
#2481=VERTEX_POINT('',#8743);
#2482=VERTEX_POINT('',#8745);
#2483=VERTEX_POINT('',#8747);
#2484=VERTEX_POINT('',#8751);
#2485=VERTEX_POINT('',#8755);
#2486=VERTEX_POINT('',#8757);
#2487=VERTEX_POINT('',#8759);
#2488=VERTEX_POINT('',#8761);
#2489=VERTEX_POINT('',#8765);
#2490=VERTEX_POINT('',#8766);
#2491=VERTEX_POINT('',#8768);
#2492=VERTEX_POINT('',#8770);
#2493=VERTEX_POINT('',#8773);
#2494=VERTEX_POINT('',#8779);
#2495=VERTEX_POINT('',#8780);
#2496=VERTEX_POINT('',#8785);
#2497=VERTEX_POINT('',#8790);
#2498=VERTEX_POINT('',#8796);
#2499=VERTEX_POINT('',#8798);
#2500=VERTEX_POINT('',#8802);
#2501=VERTEX_POINT('',#8804);
#2502=VERTEX_POINT('',#8807);
#2503=VERTEX_POINT('',#8811);
#2504=VERTEX_POINT('',#8815);
#2505=VERTEX_POINT('',#8817);
#2506=VERTEX_POINT('',#8820);
#2507=VERTEX_POINT('',#8822);
#2508=VERTEX_POINT('',#8826);
#2509=VERTEX_POINT('',#8827);
#2510=VERTEX_POINT('',#8831);
#2511=VERTEX_POINT('',#8833);
#2512=VERTEX_POINT('',#8839);
#2513=VERTEX_POINT('',#8841);
#2514=VERTEX_POINT('',#8845);
#2515=VERTEX_POINT('',#8849);
#2516=VERTEX_POINT('',#8853);
#2517=VERTEX_POINT('',#8856);
#2518=VERTEX_POINT('',#8858);
#2519=VERTEX_POINT('',#8875);
#2520=VERTEX_POINT('',#8887);
#2521=VERTEX_POINT('',#8889);
#2522=VERTEX_POINT('',#8891);
#2523=VERTEX_POINT('',#8901);
#2524=VERTEX_POINT('',#8905);
#2525=VERTEX_POINT('',#8908);
#2526=VERTEX_POINT('',#8912);
#2527=VERTEX_POINT('',#8915);
#2528=VERTEX_POINT('',#8918);
#2529=VERTEX_POINT('',#8921);
#2530=VERTEX_POINT('',#8924);
#2531=VERTEX_POINT('',#8928);
#2532=VERTEX_POINT('',#8931);
#2533=VERTEX_POINT('',#8935);
#2534=VERTEX_POINT('',#8938);
#2535=VERTEX_POINT('',#8942);
#2536=VERTEX_POINT('',#8945);
#2537=VERTEX_POINT('',#8949);
#2538=VERTEX_POINT('',#8952);
#2539=VERTEX_POINT('',#8953);
#2540=VERTEX_POINT('',#8955);
#2541=VERTEX_POINT('',#8957);
#2542=VERTEX_POINT('',#8959);
#2543=VERTEX_POINT('',#8961);
#2544=VERTEX_POINT('',#8964);
#2545=VERTEX_POINT('',#8966);
#2546=VERTEX_POINT('',#8968);
#2547=VERTEX_POINT('',#8970);
#2548=VERTEX_POINT('',#8976);
#2549=VERTEX_POINT('',#8977);
#2550=VERTEX_POINT('',#8982);
#2551=VERTEX_POINT('',#8983);
#2552=VERTEX_POINT('',#8988);
#2553=VERTEX_POINT('',#8992);
#2554=VERTEX_POINT('',#8996);
#2555=VERTEX_POINT('',#9000);
#2556=VERTEX_POINT('',#9001);
#2557=VERTEX_POINT('',#9008);
#2558=VERTEX_POINT('',#9009);
#2559=VERTEX_POINT('',#9014);
#2560=VERTEX_POINT('',#9019);
#2561=VERTEX_POINT('',#9023);
#2562=EDGE_CURVE('',#2098,#2099,#974,.T.);
#2563=EDGE_CURVE('',#2099,#2100,#975,.T.);
#2564=EDGE_CURVE('',#2100,#2101,#976,.T.);
#2565=EDGE_CURVE('',#2101,#2102,#977,.F.);
#2566=EDGE_CURVE('',#2103,#2102,#978,.T.);
#2567=EDGE_CURVE('',#2104,#2103,#979,.T.);
#2568=EDGE_CURVE('',#2105,#2104,#980,.F.);
#2569=EDGE_CURVE('',#2105,#2098,#981,.F.);
#2570=EDGE_CURVE('',#2106,#2098,#982,.T.);
#2571=EDGE_CURVE('',#2107,#2105,#983,.F.);
#2572=EDGE_CURVE('',#2108,#2107,#984,.F.);
#2573=EDGE_CURVE('',#2109,#2108,#985,.T.);
#2574=EDGE_CURVE('',#2110,#2109,#986,.T.);
#2575=EDGE_CURVE('',#2110,#2111,#987,.T.);
#2576=EDGE_CURVE('',#2111,#2106,#988,.T.);
#2577=EDGE_CURVE('',#2101,#2112,#989,.T.);
#2578=EDGE_CURVE('',#2112,#2113,#990,.T.);
#2579=EDGE_CURVE('',#2113,#2114,#991,.T.);
#2580=EDGE_CURVE('',#2115,#2114,#992,.T.);
#2581=EDGE_CURVE('',#2115,#2116,#993,.F.);
#2582=EDGE_CURVE('',#2117,#2116,#994,.T.);
#2583=EDGE_CURVE('',#2102,#2117,#995,.F.);
#2584=EDGE_CURVE('',#2118,#2118,#117,.T.);
#2585=EDGE_CURVE('',#2118,#2119,#996,.T.);
#2586=EDGE_CURVE('',#2119,#2119,#118,.T.);
#2587=EDGE_CURVE('',#2120,#2120,#119,.T.);
#2588=EDGE_CURVE('',#2120,#2121,#997,.T.);
#2589=EDGE_CURVE('',#2121,#2121,#120,.T.);
#2590=EDGE_CURVE('',#2122,#2123,#998,.T.);
#2591=EDGE_CURVE('',#2124,#2123,#999,.T.);
#2592=EDGE_CURVE('',#2125,#2124,#1000,.T.);
#2593=EDGE_CURVE('',#2126,#2125,#1001,.T.);
#2594=EDGE_CURVE('',#2126,#2127,#1002,.T.);
#2595=EDGE_CURVE('',#2127,#2122,#1003,.T.);
#2596=EDGE_CURVE('',#2128,#2128,#121,.T.);
#2597=EDGE_CURVE('',#2129,#2129,#122,.T.);
#2598=EDGE_CURVE('',#2130,#2126,#1004,.T.);
#2599=EDGE_CURVE('',#2131,#2125,#1005,.T.);
#2600=EDGE_CURVE('',#2131,#2132,#1006,.T.);
#2601=EDGE_CURVE('',#2132,#2133,#1007,.T.);
#2602=EDGE_CURVE('',#2134,#2133,#1008,.T.);
#2603=EDGE_CURVE('',#2134,#2135,#1009,.T.);
#2604=EDGE_CURVE('',#2135,#2136,#123,.T.);
#2605=EDGE_CURVE('',#2136,#2137,#1010,.T.);
#2606=EDGE_CURVE('',#2137,#2130,#1011,.T.);
#2607=EDGE_CURVE('',#2124,#2138,#1012,.T.);
#2608=EDGE_CURVE('',#2138,#2131,#1013,.T.);
#2609=EDGE_CURVE('',#2139,#2123,#1014,.T.);
#2610=EDGE_CURVE('',#2139,#2140,#124,.T.);
#2611=EDGE_CURVE('',#2140,#2141,#1015,.T.);
#2612=EDGE_CURVE('',#2141,#2142,#125,.T.);
#2613=EDGE_CURVE('',#2143,#2142,#1016,.T.);
#2614=EDGE_CURVE('',#2143,#2138,#1017,.T.);
#2615=EDGE_CURVE('',#2144,#2144,#126,.T.);
#2616=EDGE_CURVE('',#2144,#2128,#1018,.T.);
#2617=EDGE_CURVE('',#2145,#2145,#127,.T.);
#2618=EDGE_CURVE('',#2145,#2129,#1019,.T.);
#2619=EDGE_CURVE('',#2146,#2147,#1020,.T.);
#2620=EDGE_CURVE('',#2148,#2146,#1021,.T.);
#2621=EDGE_CURVE('',#2149,#2148,#1022,.T.);
#2622=EDGE_CURVE('',#2150,#2149,#1023,.T.);
#2623=EDGE_CURVE('',#2151,#2150,#1024,.T.);
#2624=EDGE_CURVE('',#2152,#2151,#1025,.T.);
#2625=EDGE_CURVE('',#2153,#2152,#1026,.T.);
#2626=EDGE_CURVE('',#2154,#2153,#1027,.T.);
#2627=EDGE_CURVE('',#2155,#2154,#1028,.T.);
#2628=EDGE_CURVE('',#2156,#2155,#1029,.T.);
#2629=EDGE_CURVE('',#2157,#2156,#1030,.T.);
#2630=EDGE_CURVE('',#2158,#2157,#1031,.T.);
#2631=EDGE_CURVE('',#2159,#2158,#1032,.T.);
#2632=EDGE_CURVE('',#2160,#2159,#1033,.T.);
#2633=EDGE_CURVE('',#2161,#2160,#1034,.T.);
#2634=EDGE_CURVE('',#2162,#2161,#1035,.T.);
#2635=EDGE_CURVE('',#2163,#2162,#1036,.T.);
#2636=EDGE_CURVE('',#2164,#2163,#1037,.T.);
#2637=EDGE_CURVE('',#2165,#2164,#1038,.T.);
#2638=EDGE_CURVE('',#2166,#2165,#1039,.T.);
#2639=EDGE_CURVE('',#2167,#2166,#1040,.T.);
#2640=EDGE_CURVE('',#2168,#2167,#1041,.T.);
#2641=EDGE_CURVE('',#2169,#2168,#1042,.T.);
#2642=EDGE_CURVE('',#2170,#2169,#1043,.T.);
#2643=EDGE_CURVE('',#2171,#2170,#1044,.T.);
#2644=EDGE_CURVE('',#2172,#2171,#1045,.T.);
#2645=EDGE_CURVE('',#2173,#2172,#1046,.T.);
#2646=EDGE_CURVE('',#2174,#2173,#1047,.T.);
#2647=EDGE_CURVE('',#2175,#2174,#1048,.T.);
#2648=EDGE_CURVE('',#2176,#2175,#1049,.T.);
#2649=EDGE_CURVE('',#2177,#2176,#1050,.T.);
#2650=EDGE_CURVE('',#2178,#2177,#1051,.T.);
#2651=EDGE_CURVE('',#2179,#2178,#1052,.T.);
#2652=EDGE_CURVE('',#2180,#2179,#1053,.T.);
#2653=EDGE_CURVE('',#2181,#2180,#1054,.T.);
#2654=EDGE_CURVE('',#2182,#2181,#1055,.T.);
#2655=EDGE_CURVE('',#2183,#2182,#1056,.T.);
#2656=EDGE_CURVE('',#2184,#2183,#1057,.T.);
#2657=EDGE_CURVE('',#2185,#2184,#1058,.T.);
#2658=EDGE_CURVE('',#2186,#2185,#1059,.T.);
#2659=EDGE_CURVE('',#2187,#2186,#1060,.T.);
#2660=EDGE_CURVE('',#2188,#2187,#1061,.T.);
#2661=EDGE_CURVE('',#2189,#2188,#1062,.T.);
#2662=EDGE_CURVE('',#2190,#2189,#1063,.T.);
#2663=EDGE_CURVE('',#2191,#2190,#1064,.T.);
#2664=EDGE_CURVE('',#2192,#2191,#1065,.T.);
#2665=EDGE_CURVE('',#2193,#2192,#1066,.T.);
#2666=EDGE_CURVE('',#2194,#2193,#1067,.T.);
#2667=EDGE_CURVE('',#2195,#2194,#1068,.T.);
#2668=EDGE_CURVE('',#2196,#2195,#1069,.T.);
#2669=EDGE_CURVE('',#2197,#2196,#1070,.T.);
#2670=EDGE_CURVE('',#2198,#2197,#1071,.T.);
#2671=EDGE_CURVE('',#2199,#2198,#1072,.T.);
#2672=EDGE_CURVE('',#2200,#2199,#1073,.T.);
#2673=EDGE_CURVE('',#2147,#2200,#1074,.T.);
#2674=EDGE_CURVE('',#2201,#2201,#128,.T.);
#2675=EDGE_CURVE('',#2202,#2202,#129,.T.);
#2676=EDGE_CURVE('',#2103,#2203,#1075,.T.);
#2677=EDGE_CURVE('',#2204,#2203,#1076,.T.);
#2678=EDGE_CURVE('',#2104,#2204,#1077,.T.);
#2679=EDGE_CURVE('',#2205,#2168,#1078,.T.);
#2680=EDGE_CURVE('',#2167,#2206,#1079,.T.);
#2681=EDGE_CURVE('',#2206,#2205,#1080,.T.);
#2682=EDGE_CURVE('',#2207,#2208,#50,.T.);
#2683=EDGE_CURVE('',#2208,#2209,#1081,.T.);
#2684=EDGE_CURVE('',#2209,#2210,#1082,.T.);
#2685=EDGE_CURVE('',#2210,#2204,#1083,.T.);
#2686=EDGE_CURVE('',#2203,#2211,#1084,.T.);
#2687=EDGE_CURVE('',#2211,#2212,#1085,.T.);
#2688=EDGE_CURVE('',#2212,#2207,#1086,.T.);
#2689=EDGE_CURVE('',#2213,#2213,#130,.T.);
#2690=EDGE_CURVE('',#2214,#2214,#131,.T.);
#2691=EDGE_CURVE('',#2215,#2111,#1087,.T.);
#2692=EDGE_CURVE('',#2110,#2216,#1088,.T.);
#2693=EDGE_CURVE('',#2216,#2215,#1089,.T.);
#2694=EDGE_CURVE('',#2113,#2217,#1090,.T.);
#2695=EDGE_CURVE('',#2218,#2217,#1091,.T.);
#2696=EDGE_CURVE('',#2218,#2114,#1092,.T.);
#2697=EDGE_CURVE('',#2217,#2215,#1093,.T.);
#2698=EDGE_CURVE('',#2216,#2218,#1094,.T.);
#2699=EDGE_CURVE('',#2219,#2166,#1095,.T.);
#2700=EDGE_CURVE('',#2219,#2206,#1096,.T.);
#2701=EDGE_CURVE('',#2220,#2169,#1097,.T.);
#2702=EDGE_CURVE('',#2205,#2220,#1098,.T.);
#2703=EDGE_CURVE('',#2220,#2219,#1099,.T.);
#2704=EDGE_CURVE('',#2221,#2222,#1100,.T.);
#2705=EDGE_CURVE('',#2223,#2221,#132,.T.);
#2706=EDGE_CURVE('',#2224,#2223,#1101,.T.);
#2707=EDGE_CURVE('',#2225,#2224,#1102,.T.);
#2708=EDGE_CURVE('',#2226,#2225,#1103,.T.);
#2709=EDGE_CURVE('',#2227,#2226,#1104,.T.);
#2710=EDGE_CURVE('',#2228,#2227,#1105,.T.);
#2711=EDGE_CURVE('',#2229,#2228,#1106,.T.);
#2712=EDGE_CURVE('',#2230,#2229,#1107,.T.);
#2713=EDGE_CURVE('',#2231,#2230,#1108,.T.);
#2714=EDGE_CURVE('',#2232,#2231,#1109,.T.);
#2715=EDGE_CURVE('',#2233,#2232,#1110,.T.);
#2716=EDGE_CURVE('',#2234,#2233,#1111,.T.);
#2717=EDGE_CURVE('',#2235,#2234,#1112,.T.);
#2718=EDGE_CURVE('',#2236,#2235,#1113,.T.);
#2719=EDGE_CURVE('',#2237,#2236,#1114,.T.);
#2720=EDGE_CURVE('',#2238,#2237,#1115,.T.);
#2721=EDGE_CURVE('',#2239,#2238,#1116,.T.);
#2722=EDGE_CURVE('',#2240,#2239,#1117,.T.);
#2723=EDGE_CURVE('',#2241,#2240,#1118,.T.);
#2724=EDGE_CURVE('',#2222,#2241,#1119,.T.);
#2725=EDGE_CURVE('',#2221,#2242,#1120,.T.);
#2726=EDGE_CURVE('',#2243,#2242,#133,.T.);
#2727=EDGE_CURVE('',#2223,#2243,#1121,.T.);
#2728=EDGE_CURVE('',#2244,#2221,#1122,.T.);
#2729=EDGE_CURVE('',#2245,#2244,#1123,.T.);
#2730=EDGE_CURVE('',#2246,#2245,#1124,.T.);
#2731=EDGE_CURVE('',#2242,#2246,#1125,.T.);
#2732=EDGE_CURVE('',#2222,#2158,#1126,.T.);
#2733=EDGE_CURVE('',#2245,#2157,#1127,.T.);
#2734=EDGE_CURVE('',#2241,#2159,#1128,.T.);
#2735=EDGE_CURVE('',#2240,#2160,#1129,.T.);
#2736=EDGE_CURVE('',#2239,#2161,#1130,.T.);
#2737=EDGE_CURVE('',#2238,#2162,#1131,.T.);
#2738=EDGE_CURVE('',#2237,#2163,#1132,.T.);
#2739=EDGE_CURVE('',#2236,#2164,#1133,.T.);
#2740=EDGE_CURVE('',#2235,#2165,#1134,.T.);
#2741=EDGE_CURVE('',#2234,#2219,#1135,.T.);
#2742=EDGE_CURVE('',#2247,#2130,#1136,.T.);
#2743=EDGE_CURVE('',#2247,#2127,#1137,.T.);
#2744=EDGE_CURVE('',#2132,#2248,#1138,.T.);
#2745=EDGE_CURVE('',#2248,#2249,#1139,.T.);
#2746=EDGE_CURVE('',#2133,#2249,#1140,.T.);
#2747=EDGE_CURVE('',#2201,#2213,#1141,.T.);
#2748=EDGE_CURVE('',#2202,#2214,#1142,.T.);
#2749=EDGE_CURVE('',#2250,#2199,#1143,.T.);
#2750=EDGE_CURVE('',#2250,#2251,#1144,.T.);
#2751=EDGE_CURVE('',#2251,#2200,#1145,.T.);
#2752=EDGE_CURVE('',#2252,#2198,#1146,.T.);
#2753=EDGE_CURVE('',#2252,#2250,#1147,.T.);
#2754=EDGE_CURVE('',#2253,#2188,#1148,.T.);
#2755=EDGE_CURVE('',#2253,#2254,#1149,.T.);
#2756=EDGE_CURVE('',#2254,#2189,#1150,.T.);
#2757=EDGE_CURVE('',#2255,#2190,#1151,.T.);
#2758=EDGE_CURVE('',#2255,#2256,#1152,.T.);
#2759=EDGE_CURVE('',#2256,#2191,#1153,.T.);
#2760=EDGE_CURVE('',#2257,#2252,#1154,.T.);
#2761=EDGE_CURVE('',#2257,#2197,#1155,.T.);
#2762=EDGE_CURVE('',#2258,#2257,#1156,.T.);
#2763=EDGE_CURVE('',#2196,#2258,#1157,.T.);
#2764=EDGE_CURVE('',#2259,#2195,#1158,.T.);
#2765=EDGE_CURVE('',#2259,#2258,#1159,.T.);
#2766=EDGE_CURVE('',#2260,#2150,#1160,.T.);
#2767=EDGE_CURVE('',#2260,#2261,#1161,.T.);
#2768=EDGE_CURVE('',#2261,#2151,#1162,.T.);
#2769=EDGE_CURVE('',#2262,#2149,#1163,.T.);
#2770=EDGE_CURVE('',#2262,#2260,#1164,.T.);
#2771=EDGE_CURVE('',#2263,#2148,#1165,.T.);
#2772=EDGE_CURVE('',#2263,#2262,#1166,.T.);
#2773=EDGE_CURVE('',#2264,#2146,#1167,.T.);
#2774=EDGE_CURVE('',#2264,#2263,#1168,.T.);
#2775=EDGE_CURVE('',#2265,#2147,#1169,.T.);
#2776=EDGE_CURVE('',#2265,#2264,#1170,.T.);
#2777=EDGE_CURVE('',#2266,#2267,#1171,.T.);
#2778=EDGE_CURVE('',#2267,#2179,#1172,.T.);
#2779=EDGE_CURVE('',#2224,#2178,#1173,.T.);
#2780=EDGE_CURVE('',#2266,#2223,#1174,.T.);
#2781=EDGE_CURVE('',#2225,#2177,#1175,.T.);
#2782=EDGE_CURVE('',#2268,#2183,#1176,.T.);
#2783=EDGE_CURVE('',#2268,#2269,#1177,.T.);
#2784=EDGE_CURVE('',#2269,#2184,#1178,.T.);
#2785=EDGE_CURVE('',#2270,#2182,#1179,.T.);
#2786=EDGE_CURVE('',#2270,#2268,#1180,.T.);
#2787=EDGE_CURVE('',#2271,#2181,#1181,.T.);
#2788=EDGE_CURVE('',#2271,#2270,#1182,.T.);
#2789=EDGE_CURVE('',#2272,#2180,#1183,.T.);
#2790=EDGE_CURVE('',#2272,#2271,#1184,.T.);
#2791=EDGE_CURVE('',#2229,#2173,#1185,.T.);
#2792=EDGE_CURVE('',#2230,#2172,#1186,.T.);
#2793=EDGE_CURVE('',#2231,#2171,#1187,.T.);
#2794=EDGE_CURVE('',#2232,#2170,#1188,.T.);
#2795=EDGE_CURVE('',#2233,#2220,#1189,.T.);
#2796=EDGE_CURVE('',#2273,#2156,#1190,.T.);
#2797=EDGE_CURVE('',#2273,#2245,#1191,.T.);
#2798=EDGE_CURVE('',#2274,#2155,#1192,.T.);
#2799=EDGE_CURVE('',#2274,#2273,#1193,.T.);
#2800=EDGE_CURVE('',#2275,#2154,#1194,.T.);
#2801=EDGE_CURVE('',#2275,#2274,#1195,.T.);
#2802=EDGE_CURVE('',#2276,#2153,#1196,.T.);
#2803=EDGE_CURVE('',#2276,#2275,#1197,.T.);
#2804=EDGE_CURVE('',#2277,#2152,#1198,.T.);
#2805=EDGE_CURVE('',#2277,#2276,#1199,.T.);
#2806=EDGE_CURVE('',#2261,#2277,#1200,.T.);
#2807=EDGE_CURVE('',#2251,#2265,#1201,.T.);
#2808=EDGE_CURVE('',#2278,#2194,#1202,.T.);
#2809=EDGE_CURVE('',#2278,#2259,#1203,.T.);
#2810=EDGE_CURVE('',#2279,#2193,#1204,.T.);
#2811=EDGE_CURVE('',#2279,#2278,#1205,.T.);
#2812=EDGE_CURVE('',#2280,#2192,#1206,.T.);
#2813=EDGE_CURVE('',#2280,#2279,#1207,.T.);
#2814=EDGE_CURVE('',#2256,#2280,#1208,.T.);
#2815=EDGE_CURVE('',#2254,#2255,#1209,.T.);
#2816=EDGE_CURVE('',#2281,#2187,#1210,.T.);
#2817=EDGE_CURVE('',#2281,#2253,#1211,.T.);
#2818=EDGE_CURVE('',#2282,#2186,#1212,.T.);
#2819=EDGE_CURVE('',#2282,#2281,#1213,.T.);
#2820=EDGE_CURVE('',#2283,#2185,#1214,.T.);
#2821=EDGE_CURVE('',#2283,#2282,#1215,.T.);
#2822=EDGE_CURVE('',#2269,#2283,#1216,.T.);
#2823=EDGE_CURVE('',#2267,#2272,#1217,.T.);
#2824=EDGE_CURVE('',#2226,#2176,#1218,.T.);
#2825=EDGE_CURVE('',#2227,#2175,#1219,.T.);
#2826=EDGE_CURVE('',#2228,#2174,#1220,.T.);
#2827=EDGE_CURVE('',#2284,#2285,#1221,.T.);
#2828=EDGE_CURVE('',#2284,#2207,#1222,.T.);
#2829=EDGE_CURVE('',#2285,#2212,#1223,.T.);
#2830=EDGE_CURVE('',#2286,#2285,#1224,.F.);
#2831=EDGE_CURVE('',#2286,#2211,#1225,.T.);
#2832=EDGE_CURVE('',#2287,#2288,#1226,.T.);
#2833=EDGE_CURVE('',#2288,#2210,#1227,.T.);
#2834=EDGE_CURVE('',#2287,#2209,#1228,.T.);
#2835=EDGE_CURVE('',#2287,#2289,#1229,.T.);
#2836=EDGE_CURVE('',#2289,#2208,#1230,.T.);
#2837=EDGE_CURVE('',#2284,#2289,#51,.T.);
#2838=EDGE_CURVE('',#2290,#2291,#1231,.T.);
#2839=EDGE_CURVE('',#2290,#2279,#1232,.T.);
#2840=EDGE_CURVE('',#2291,#2280,#1233,.T.);
#2841=EDGE_CURVE('',#2291,#2292,#1234,.T.);
#2842=EDGE_CURVE('',#2292,#2256,#1235,.T.);
#2843=EDGE_CURVE('',#2292,#2293,#1236,.T.);
#2844=EDGE_CURVE('',#2293,#2255,#1237,.T.);
#2845=EDGE_CURVE('',#2293,#2294,#1238,.T.);
#2846=EDGE_CURVE('',#2294,#2254,#1239,.T.);
#2847=EDGE_CURVE('',#2294,#2295,#1240,.T.);
#2848=EDGE_CURVE('',#2295,#2253,#1241,.T.);
#2849=EDGE_CURVE('',#2295,#2296,#1242,.T.);
#2850=EDGE_CURVE('',#2296,#2281,#1243,.T.);
#2851=EDGE_CURVE('',#2296,#2297,#1244,.T.);
#2852=EDGE_CURVE('',#2297,#2282,#1245,.T.);
#2853=EDGE_CURVE('',#2297,#2298,#1246,.T.);
#2854=EDGE_CURVE('',#2298,#2283,#1247,.T.);
#2855=EDGE_CURVE('',#2298,#2299,#1248,.T.);
#2856=EDGE_CURVE('',#2299,#2269,#1249,.T.);
#2857=EDGE_CURVE('',#2299,#2300,#1250,.T.);
#2858=EDGE_CURVE('',#2300,#2268,#1251,.T.);
#2859=EDGE_CURVE('',#2300,#2301,#1252,.T.);
#2860=EDGE_CURVE('',#2301,#2270,#1253,.T.);
#2861=EDGE_CURVE('',#2301,#2302,#1254,.T.);
#2862=EDGE_CURVE('',#2302,#2271,#1255,.T.);
#2863=EDGE_CURVE('',#2302,#2303,#1256,.T.);
#2864=EDGE_CURVE('',#2303,#2272,#1257,.T.);
#2865=EDGE_CURVE('',#2303,#2304,#1258,.T.);
#2866=EDGE_CURVE('',#2304,#2267,#1259,.T.);
#2867=EDGE_CURVE('',#2304,#2243,#1260,.T.);
#2868=EDGE_CURVE('',#2305,#2290,#1261,.T.);
#2869=EDGE_CURVE('',#2305,#2278,#1262,.T.);
#2870=EDGE_CURVE('',#2306,#2305,#1263,.T.);
#2871=EDGE_CURVE('',#2306,#2259,#1264,.T.);
#2872=EDGE_CURVE('',#2307,#2306,#1265,.T.);
#2873=EDGE_CURVE('',#2307,#2258,#1266,.T.);
#2874=EDGE_CURVE('',#2308,#2307,#1267,.T.);
#2875=EDGE_CURVE('',#2308,#2257,#1268,.T.);
#2876=EDGE_CURVE('',#2309,#2308,#1269,.T.);
#2877=EDGE_CURVE('',#2309,#2252,#1270,.T.);
#2878=EDGE_CURVE('',#2310,#2309,#1271,.T.);
#2879=EDGE_CURVE('',#2310,#2250,#1272,.T.);
#2880=EDGE_CURVE('',#2311,#2310,#1273,.T.);
#2881=EDGE_CURVE('',#2311,#2251,#1274,.T.);
#2882=EDGE_CURVE('',#2312,#2311,#1275,.T.);
#2883=EDGE_CURVE('',#2312,#2265,#1276,.T.);
#2884=EDGE_CURVE('',#2313,#2312,#1277,.T.);
#2885=EDGE_CURVE('',#2313,#2264,#1278,.T.);
#2886=EDGE_CURVE('',#2314,#2313,#1279,.T.);
#2887=EDGE_CURVE('',#2314,#2263,#1280,.T.);
#2888=EDGE_CURVE('',#2315,#2314,#1281,.T.);
#2889=EDGE_CURVE('',#2315,#2262,#1282,.T.);
#2890=EDGE_CURVE('',#2316,#2315,#1283,.T.);
#2891=EDGE_CURVE('',#2316,#2260,#1284,.T.);
#2892=EDGE_CURVE('',#2317,#2316,#1285,.T.);
#2893=EDGE_CURVE('',#2317,#2261,#1286,.T.);
#2894=EDGE_CURVE('',#2318,#2317,#1287,.T.);
#2895=EDGE_CURVE('',#2318,#2277,#1288,.T.);
#2896=EDGE_CURVE('',#2319,#2318,#1289,.T.);
#2897=EDGE_CURVE('',#2319,#2276,#1290,.T.);
#2898=EDGE_CURVE('',#2320,#2319,#1291,.T.);
#2899=EDGE_CURVE('',#2320,#2275,#1292,.T.);
#2900=EDGE_CURVE('',#2321,#2320,#1293,.T.);
#2901=EDGE_CURVE('',#2321,#2274,#1294,.T.);
#2902=EDGE_CURVE('',#2322,#2321,#1295,.T.);
#2903=EDGE_CURVE('',#2322,#2273,#1296,.T.);
#2904=EDGE_CURVE('',#2246,#2322,#1297,.T.);
#2905=EDGE_CURVE('',#2323,#2324,#1298,.T.);
#2906=EDGE_CURVE('',#2323,#2325,#1299,.T.);
#2907=EDGE_CURVE('',#2326,#2325,#52,.F.);
#2908=EDGE_CURVE('',#2327,#2326,#1300,.T.);
#2909=EDGE_CURVE('',#2328,#2327,#1301,.T.);
#2910=EDGE_CURVE('',#2329,#2328,#53,.T.);
#2911=EDGE_CURVE('',#2330,#2329,#1302,.T.);
#2912=EDGE_CURVE('',#2331,#2330,#54,.T.);
#2913=EDGE_CURVE('',#2332,#2331,#1303,.T.);
#2914=EDGE_CURVE('',#2333,#2332,#1304,.T.);
#2915=EDGE_CURVE('',#2334,#2333,#55,.F.);
#2916=EDGE_CURVE('',#2334,#2324,#1305,.T.);
#2917=EDGE_CURVE('',#2335,#2336,#1306,.T.);
#2918=EDGE_CURVE('',#2335,#2337,#1307,.T.);
#2919=EDGE_CURVE('',#2338,#2337,#1308,.T.);
#2920=EDGE_CURVE('',#2338,#2336,#1309,.T.);
#2921=EDGE_CURVE('',#2336,#2339,#134,.T.);
#2922=EDGE_CURVE('',#2340,#2338,#135,.T.);
#2923=EDGE_CURVE('',#2339,#2340,#1310,.T.);
#2924=EDGE_CURVE('',#2339,#2341,#1311,.T.);
#2925=EDGE_CURVE('',#2342,#2340,#1312,.T.);
#2926=EDGE_CURVE('',#2342,#2341,#1313,.T.);
#2927=EDGE_CURVE('',#2341,#2335,#136,.T.);
#2928=EDGE_CURVE('',#2337,#2342,#137,.T.);
#2929=EDGE_CURVE('',#2343,#2344,#1314,.T.);
#2930=EDGE_CURVE('',#2343,#2345,#1315,.T.);
#2931=EDGE_CURVE('',#2346,#2345,#1316,.T.);
#2932=EDGE_CURVE('',#2346,#2344,#1317,.T.);
#2933=EDGE_CURVE('',#2344,#2347,#138,.T.);
#2934=EDGE_CURVE('',#2348,#2346,#139,.T.);
#2935=EDGE_CURVE('',#2347,#2348,#1318,.T.);
#2936=EDGE_CURVE('',#2347,#2349,#1319,.T.);
#2937=EDGE_CURVE('',#2350,#2348,#1320,.T.);
#2938=EDGE_CURVE('',#2350,#2349,#1321,.T.);
#2939=EDGE_CURVE('',#2349,#2343,#140,.T.);
#2940=EDGE_CURVE('',#2345,#2350,#141,.T.);
#2941=EDGE_CURVE('',#2351,#2351,#142,.T.);
#2942=EDGE_CURVE('',#2351,#2352,#1322,.T.);
#2943=EDGE_CURVE('',#2352,#2352,#143,.T.);
#2944=EDGE_CURVE('',#2353,#2354,#1323,.T.);
#2945=EDGE_CURVE('',#2353,#2355,#1324,.T.);
#2946=EDGE_CURVE('',#2356,#2355,#56,.T.);
#2947=EDGE_CURVE('',#2356,#2357,#1325,.T.);
#2948=EDGE_CURVE('',#2358,#2357,#57,.T.);
#2949=EDGE_CURVE('',#2359,#2358,#1326,.T.);
#2950=EDGE_CURVE('',#2360,#2359,#58,.T.);
#2951=EDGE_CURVE('',#2360,#2361,#1327,.T.);
#2952=EDGE_CURVE('',#2362,#2361,#59,.T.);
#2953=EDGE_CURVE('',#2362,#2354,#1328,.T.);
#2954=EDGE_CURVE('',#2354,#2363,#1329,.T.);
#2955=EDGE_CURVE('',#2364,#2363,#144,.T.);
#2956=EDGE_CURVE('',#2364,#2365,#1330,.T.);
#2957=EDGE_CURVE('',#2365,#2139,#1331,.T.);
#2958=EDGE_CURVE('',#2366,#2122,#1332,.T.);
#2959=EDGE_CURVE('',#2366,#2115,#1333,.T.);
#2960=EDGE_CURVE('',#2109,#2367,#1334,.T.);
#2961=EDGE_CURVE('',#2368,#2367,#1335,.T.);
#2962=EDGE_CURVE('',#2143,#2368,#1336,.T.);
#2963=EDGE_CURVE('',#2142,#2369,#1337,.T.);
#2964=EDGE_CURVE('',#2369,#2370,#1338,.T.);
#2965=EDGE_CURVE('',#2371,#2370,#145,.T.);
#2966=EDGE_CURVE('',#2371,#2353,#1339,.T.);
#2967=EDGE_CURVE('',#2372,#2372,#146,.T.);
#2968=EDGE_CURVE('',#2373,#2373,#147,.T.);
#2969=EDGE_CURVE('',#2374,#2374,#148,.T.);
#2970=EDGE_CURVE('',#2375,#2375,#149,.T.);
#2971=EDGE_CURVE('',#2375,#2376,#1340,.T.);
#2972=EDGE_CURVE('',#2376,#2376,#150,.T.);
#2973=EDGE_CURVE('',#2372,#2377,#1341,.T.);
#2974=EDGE_CURVE('',#2377,#2377,#151,.T.);
#2975=EDGE_CURVE('',#2374,#2378,#1342,.T.);
#2976=EDGE_CURVE('',#2378,#2378,#152,.T.);
#2977=EDGE_CURVE('',#2373,#2379,#1343,.T.);
#2978=EDGE_CURVE('',#2379,#2379,#153,.T.);
#2979=EDGE_CURVE('',#2363,#2380,#1344,.T.);
#2980=EDGE_CURVE('',#2381,#2362,#1345,.T.);
#2981=EDGE_CURVE('',#2382,#2381,#154,.T.);
#2982=EDGE_CURVE('',#2380,#2382,#1346,.T.);
#2983=EDGE_CURVE('',#2383,#2364,#1347,.T.);
#2984=EDGE_CURVE('',#2384,#2383,#155,.T.);
#2985=EDGE_CURVE('',#2385,#2384,#1348,.T.);
#2986=EDGE_CURVE('',#2386,#2385,#156,.T.);
#2987=EDGE_CURVE('',#2370,#2386,#1349,.T.);
#2988=EDGE_CURVE('',#2369,#2387,#157,.T.);
#2989=EDGE_CURVE('',#2387,#2388,#1350,.T.);
#2990=EDGE_CURVE('',#2388,#2365,#158,.T.);
#2991=EDGE_CURVE('',#2366,#2247,#1351,.T.);
#2992=EDGE_CURVE('',#2368,#2248,#1352,.T.);
#2993=EDGE_CURVE('',#2380,#2383,#159,.T.);
#2994=EDGE_CURVE('',#2249,#2367,#1353,.T.);
#2995=EDGE_CURVE('',#2389,#2371,#1354,.T.);
#2996=EDGE_CURVE('',#2390,#2389,#1355,.T.);
#2997=EDGE_CURVE('',#2391,#2390,#160,.T.);
#2998=EDGE_CURVE('',#2355,#2391,#1356,.T.);
#2999=EDGE_CURVE('',#2386,#2389,#161,.T.);
#3000=EDGE_CURVE('',#2140,#2388,#1357,.T.);
#3001=EDGE_CURVE('',#2141,#2387,#1358,.T.);
#3002=EDGE_CURVE('',#2392,#2393,#1359,.T.);
#3003=EDGE_CURVE('',#2393,#2394,#162,.T.);
#3004=EDGE_CURVE('',#2394,#2395,#1360,.T.);
#3005=EDGE_CURVE('',#2395,#2392,#60,.T.);
#3006=EDGE_CURVE('',#2395,#2396,#1361,.T.);
#3007=EDGE_CURVE('',#2396,#2328,#163,.T.);
#3008=EDGE_CURVE('',#2327,#2392,#61,.T.);
#3009=EDGE_CURVE('',#2397,#2329,#164,.T.);
#3010=EDGE_CURVE('',#2396,#2397,#62,.T.);
#3011=EDGE_CURVE('',#2398,#2330,#165,.T.);
#3012=EDGE_CURVE('',#2397,#2398,#1362,.T.);
#3013=EDGE_CURVE('',#2399,#2331,#166,.T.);
#3014=EDGE_CURVE('',#2398,#2399,#63,.T.);
#3015=EDGE_CURVE('',#2399,#2400,#1363,.T.);
#3016=EDGE_CURVE('',#2400,#2401,#64,.T.);
#3017=EDGE_CURVE('',#2401,#2332,#65,.T.);
#3018=EDGE_CURVE('',#2402,#2403,#167,.T.);
#3019=EDGE_CURVE('',#2403,#2394,#66,.T.);
#3020=EDGE_CURVE('',#2393,#2402,#67,.T.);
#3021=EDGE_CURVE('',#2404,#2390,#168,.T.);
#3022=EDGE_CURVE('',#2390,#2403,#27,.T.);
#3023=EDGE_CURVE('',#2402,#2404,#28,.T.);
#3024=EDGE_CURVE('',#2400,#2405,#1364,.T.);
#3025=EDGE_CURVE('',#2405,#2406,#169,.T.);
#3026=EDGE_CURVE('',#2406,#2401,#1365,.T.);
#3027=EDGE_CURVE('',#2407,#2408,#170,.T.);
#3028=EDGE_CURVE('',#2408,#2406,#68,.T.);
#3029=EDGE_CURVE('',#2405,#2407,#69,.T.);
#3030=EDGE_CURVE('',#2382,#2409,#171,.T.);
#3031=EDGE_CURVE('',#2409,#2408,#29,.T.);
#3032=EDGE_CURVE('',#2407,#2382,#30,.T.);
#3033=EDGE_CURVE('',#2391,#2410,#172,.T.);
#3034=EDGE_CURVE('',#2410,#2356,#1366,.T.);
#3035=EDGE_CURVE('',#2404,#2410,#173,.T.);
#3036=EDGE_CURVE('',#2361,#2411,#1367,.T.);
#3037=EDGE_CURVE('',#2411,#2381,#174,.T.);
#3038=EDGE_CURVE('',#2411,#2409,#175,.T.);
#3039=EDGE_CURVE('',#2402,#2412,#1368,.T.);
#3040=EDGE_CURVE('',#2412,#2413,#176,.F.);
#3041=EDGE_CURVE('',#2413,#2410,#1369,.T.);
#3042=EDGE_CURVE('',#2412,#2326,#1370,.T.);
#3043=EDGE_CURVE('',#2414,#2408,#1371,.T.);
#3044=EDGE_CURVE('',#2333,#2414,#1372,.T.);
#3045=EDGE_CURVE('',#2411,#2415,#1373,.T.);
#3046=EDGE_CURVE('',#2415,#2414,#177,.F.);
#3047=EDGE_CURVE('',#2415,#2360,#1374,.T.);
#3048=EDGE_CURVE('',#2414,#2416,#178,.T.);
#3049=EDGE_CURVE('',#2417,#2415,#179,.T.);
#3050=EDGE_CURVE('',#2417,#2416,#180,.T.);
#3051=EDGE_CURVE('',#2418,#2359,#70,.T.);
#3052=EDGE_CURVE('',#2418,#2417,#1375,.T.);
#3053=EDGE_CURVE('',#2416,#2334,#1376,.T.);
#3054=EDGE_CURVE('',#2419,#2412,#181,.T.);
#3055=EDGE_CURVE('',#2419,#2420,#182,.T.);
#3056=EDGE_CURVE('',#2413,#2420,#183,.T.);
#3057=EDGE_CURVE('',#2325,#2419,#1377,.T.);
#3058=EDGE_CURVE('',#2357,#2413,#1378,.T.);
#3059=EDGE_CURVE('',#2420,#2421,#1379,.T.);
#3060=EDGE_CURVE('',#2421,#2358,#71,.F.);
#3061=EDGE_CURVE('',#2421,#2323,#1380,.T.);
#3062=EDGE_CURVE('',#2135,#2289,#1381,.T.);
#3063=EDGE_CURVE('',#2284,#2136,#1382,.T.);
#3064=EDGE_CURVE('',#2134,#2422,#1383,.T.);
#3065=EDGE_CURVE('',#2422,#2287,#1384,.T.);
#3066=EDGE_CURVE('',#2423,#2424,#184,.T.);
#3067=EDGE_CURVE('',#2424,#2425,#185,.T.);
#3068=EDGE_CURVE('',#2425,#2426,#186,.T.);
#3069=EDGE_CURVE('',#2426,#2423,#187,.T.);
#3070=EDGE_CURVE('',#2396,#2423,#1385,.T.);
#3071=EDGE_CURVE('',#2426,#2397,#1386,.T.);
#3072=EDGE_CURVE('',#2427,#2426,#1387,.T.);
#3073=EDGE_CURVE('',#2398,#2427,#1388,.T.);
#3074=EDGE_CURVE('',#2425,#2428,#1389,.T.);
#3075=EDGE_CURVE('',#2427,#2428,#188,.T.);
#3076=EDGE_CURVE('',#2429,#2424,#1390,.T.);
#3077=EDGE_CURVE('',#2430,#2429,#1391,.T.);
#3078=EDGE_CURVE('',#2431,#2430,#1392,.T.);
#3079=EDGE_CURVE('',#2428,#2431,#189,.T.);
#3080=EDGE_CURVE('',#2431,#2432,#190,.T.);
#3081=EDGE_CURVE('',#2432,#2427,#191,.T.);
#3082=EDGE_CURVE('',#2432,#2399,#1393,.T.);
#3083=EDGE_CURVE('',#2433,#2432,#1394,.T.);
#3084=EDGE_CURVE('',#2405,#2433,#1395,.T.);
#3085=EDGE_CURVE('',#2434,#2430,#72,.T.);
#3086=EDGE_CURVE('',#2434,#2433,#192,.T.);
#3087=EDGE_CURVE('',#2435,#2436,#193,.T.);
#3088=EDGE_CURVE('',#2436,#2437,#31,.T.);
#3089=EDGE_CURVE('',#2437,#2438,#32,.T.);
#3090=EDGE_CURVE('',#2438,#2435,#33,.T.);
#3091=EDGE_CURVE('',#2429,#2439,#194,.T.);
#3092=EDGE_CURVE('',#2439,#2440,#1396,.T.);
#3093=EDGE_CURVE('',#2440,#2430,#195,.T.);
#3094=EDGE_CURVE('',#2429,#2436,#73,.T.);
#3095=EDGE_CURVE('',#2435,#2439,#74,.T.);
#3096=EDGE_CURVE('',#2434,#2441,#196,.T.);
#3097=EDGE_CURVE('',#2441,#2442,#34,.T.);
#3098=EDGE_CURVE('',#2442,#2443,#35,.T.);
#3099=EDGE_CURVE('',#2443,#2434,#36,.T.);
#3100=EDGE_CURVE('',#2440,#2441,#75,.T.);
#3101=EDGE_CURVE('',#2436,#2444,#197,.T.);
#3102=EDGE_CURVE('',#2444,#2437,#198,.T.);
#3103=EDGE_CURVE('',#2423,#2444,#1397,.T.);
#3104=EDGE_CURVE('',#2443,#2433,#199,.T.);
#3105=EDGE_CURVE('',#2445,#2389,#200,.T.);
#3106=EDGE_CURVE('',#2445,#2438,#1398,.T.);
#3107=EDGE_CURVE('',#2444,#2394,#1399,.T.);
#3108=EDGE_CURVE('',#2442,#2446,#1400,.T.);
#3109=EDGE_CURVE('',#2380,#2446,#201,.T.);
#3110=EDGE_CURVE('',#2385,#2445,#37,.T.);
#3111=EDGE_CURVE('',#2384,#2446,#38,.T.);
#3112=EDGE_CURVE('',#2446,#2445,#1401,.T.);
#3113=EDGE_CURVE('',#2447,#2108,#1402,.T.);
#3114=EDGE_CURVE('',#2447,#2422,#1403,.T.);
#3115=EDGE_CURVE('',#2285,#2448,#1404,.T.);
#3116=EDGE_CURVE('',#2448,#2137,#1405,.F.);
#3117=EDGE_CURVE('',#2449,#2448,#1406,.T.);
#3118=EDGE_CURVE('',#2450,#2286,#1407,.T.);
#3119=EDGE_CURVE('',#2450,#2449,#1408,.F.);
#3120=EDGE_CURVE('',#2117,#2450,#1409,.T.);
#3121=EDGE_CURVE('',#2116,#2449,#1410,.T.);
#3122=EDGE_CURVE('',#2288,#2451,#1411,.F.);
#3123=EDGE_CURVE('',#2451,#2107,#1412,.F.);
#3124=EDGE_CURVE('',#2447,#2451,#1413,.T.);
#3125=EDGE_CURVE('',#2324,#2418,#1414,.T.);
#3126=EDGE_CURVE('',#2452,#2100,#1415,.T.);
#3127=EDGE_CURVE('',#2452,#2112,#1416,.T.);
#3128=EDGE_CURVE('',#2453,#2099,#1417,.T.);
#3129=EDGE_CURVE('',#2453,#2452,#1418,.T.);
#3130=EDGE_CURVE('',#2453,#2106,#1419,.T.);
#3131=EDGE_CURVE('',#2454,#2455,#1420,.T.);
#3132=EDGE_CURVE('',#2456,#2454,#202,.T.);
#3133=EDGE_CURVE('',#2457,#2456,#1421,.T.);
#3134=EDGE_CURVE('',#2457,#2455,#203,.T.);
#3135=EDGE_CURVE('',#2458,#2459,#1422,.T.);
#3136=EDGE_CURVE('',#2460,#2458,#204,.T.);
#3137=EDGE_CURVE('',#2461,#2460,#1423,.T.);
#3138=EDGE_CURVE('',#2461,#2459,#205,.T.);
#3139=EDGE_CURVE('',#2462,#2463,#1424,.T.);
#3140=EDGE_CURVE('',#2464,#2462,#1425,.T.);
#3141=EDGE_CURVE('',#2465,#2464,#1426,.T.);
#3142=EDGE_CURVE('',#2463,#2465,#1427,.T.);
#3143=EDGE_CURVE('',#2466,#2464,#1428,.T.);
#3144=EDGE_CURVE('',#2467,#2466,#1429,.T.);
#3145=EDGE_CURVE('',#2465,#2467,#1430,.T.);
#3146=EDGE_CURVE('',#2462,#2468,#1431,.T.);
#3147=EDGE_CURVE('',#2466,#2468,#1432,.T.);
#3148=EDGE_CURVE('',#2469,#2470,#1433,.T.);
#3149=EDGE_CURVE('',#2469,#2471,#1434,.T.);
#3150=EDGE_CURVE('',#2472,#2471,#1435,.T.);
#3151=EDGE_CURVE('',#2470,#2472,#1436,.T.);
#3152=EDGE_CURVE('',#2473,#2474,#1437,.T.);
#3153=EDGE_CURVE('',#2475,#2473,#1438,.T.);
#3154=EDGE_CURVE('',#2476,#2475,#1439,.T.);
#3155=EDGE_CURVE('',#2474,#2476,#1440,.T.);
#3156=EDGE_CURVE('',#2477,#2478,#1441,.T.);
#3157=EDGE_CURVE('',#2478,#2479,#206,.T.);
#3158=EDGE_CURVE('',#2479,#2480,#1442,.T.);
#3159=EDGE_CURVE('',#2480,#2481,#207,.T.);
#3160=EDGE_CURVE('',#2481,#2482,#1443,.T.);
#3161=EDGE_CURVE('',#2482,#2483,#208,.T.);
#3162=EDGE_CURVE('',#2483,#2476,#1444,.T.);
#3163=EDGE_CURVE('',#2472,#2475,#1445,.T.);
#3164=EDGE_CURVE('',#2471,#2484,#1446,.T.);
#3165=EDGE_CURVE('',#2484,#2477,#209,.T.);
#3166=EDGE_CURVE('',#2485,#2470,#1447,.F.);
#3167=EDGE_CURVE('',#2486,#2485,#1448,.T.);
#3168=EDGE_CURVE('',#2487,#2485,#1449,.F.);
#3169=EDGE_CURVE('',#2487,#2488,#1450,.T.);
#3170=EDGE_CURVE('',#2488,#2469,#1451,.T.);
#3171=EDGE_CURVE('',#2489,#2490,#1452,.T.);
#3172=EDGE_CURVE('',#2490,#2491,#1453,.T.);
#3173=EDGE_CURVE('',#2491,#2492,#1454,.T.);
#3174=EDGE_CURVE('',#2492,#2489,#1455,.T.);
#3175=EDGE_CURVE('',#2468,#2493,#1456,.T.);
#3176=EDGE_CURVE('',#2493,#2467,#1457,.T.);
#3177=EDGE_CURVE('',#2463,#2493,#1458,.T.);
#3178=EDGE_CURVE('',#2494,#2495,#1459,.T.);
#3179=EDGE_CURVE('',#2494,#2490,#1460,.T.);
#3180=EDGE_CURVE('',#2489,#2495,#1461,.T.);
#3181=EDGE_CURVE('',#2496,#2494,#1462,.T.);
#3182=EDGE_CURVE('',#2496,#2491,#1463,.T.);
#3183=EDGE_CURVE('',#2497,#2496,#1464,.T.);
#3184=EDGE_CURVE('',#2497,#2492,#1465,.T.);
#3185=EDGE_CURVE('',#2495,#2497,#1466,.T.);
#3186=EDGE_CURVE('',#2473,#2498,#1467,.F.);
#3187=EDGE_CURVE('',#2498,#2499,#210,.T.);
#3188=EDGE_CURVE('',#2499,#2456,#1468,.F.);
#3189=EDGE_CURVE('',#2454,#2456,#211,.T.);
#3190=EDGE_CURVE('',#2456,#2500,#1469,.F.);
#3191=EDGE_CURVE('',#2500,#2501,#1470,.F.);
#3192=EDGE_CURVE('',#2501,#2501,#212,.T.);
#3193=EDGE_CURVE('',#2501,#2502,#1471,.F.);
#3194=EDGE_CURVE('',#2502,#2460,#1472,.F.);
#3195=EDGE_CURVE('',#2458,#2460,#213,.T.);
#3196=EDGE_CURVE('',#2460,#2503,#1473,.F.);
#3197=EDGE_CURVE('',#2503,#2485,#214,.T.);
#3198=EDGE_CURVE('',#2504,#2504,#215,.T.);
#3199=EDGE_CURVE('',#2505,#2505,#216,.T.);
#3200=EDGE_CURVE('',#2506,#2506,#217,.T.);
#3201=EDGE_CURVE('',#2506,#2507,#1474,.T.);
#3202=EDGE_CURVE('',#2507,#2507,#218,.T.);
#3203=EDGE_CURVE('',#2508,#2509,#219,.T.);
#3204=EDGE_CURVE('',#2509,#2508,#220,.T.);
#3205=EDGE_CURVE('',#2510,#2510,#221,.T.);
#3206=EDGE_CURVE('',#2510,#2511,#1475,.T.);
#3207=EDGE_CURVE('',#2511,#2511,#222,.T.);
#3208=EDGE_CURVE('',#2455,#2457,#223,.T.);
#3209=EDGE_CURVE('',#2512,#2512,#224,.T.);
#3210=EDGE_CURVE('',#2512,#2513,#1476,.T.);
#3211=EDGE_CURVE('',#2513,#2513,#225,.T.);
#3212=EDGE_CURVE('',#2514,#2486,#226,.T.);
#3213=EDGE_CURVE('',#2486,#2514,#227,.T.);
#3214=EDGE_CURVE('',#2504,#2515,#1477,.T.);
#3215=EDGE_CURVE('',#2515,#2515,#228,.T.);
#3216=EDGE_CURVE('',#2516,#2516,#229,.T.);
#3217=EDGE_CURVE('',#2517,#2517,#230,.T.);
#3218=EDGE_CURVE('',#2517,#2518,#1478,.T.);
#3219=EDGE_CURVE('',#2518,#2518,#231,.T.);
#3220=EDGE_CURVE('',#2459,#2461,#232,.T.);
#3221=EDGE_CURVE('',#2508,#2498,#1479,.T.);
#3222=EDGE_CURVE('',#2499,#2498,#233,.T.);
#3223=EDGE_CURVE('',#2509,#2499,#1480,.T.);
#3224=EDGE_CURVE('',#2486,#2485,#1481,.T.);
#3225=EDGE_CURVE('',#2514,#2503,#1482,.T.);
#3226=EDGE_CURVE('',#2516,#2501,#1483,.T.);
#3227=EDGE_CURVE('',#2461,#2460,#1484,.T.);
#3228=EDGE_CURVE('',#2502,#2519,#1485,.T.);
#3229=EDGE_CURVE('',#2519,#2488,#1486,.T.);
#3230=EDGE_CURVE('',#2503,#2487,#1487,.F.);
#3231=EDGE_CURVE('',#2514,#2503,#1488,.T.);
#3232=EDGE_CURVE('',#2485,#2503,#234,.T.);
#3233=EDGE_CURVE('',#2509,#2499,#1489,.T.);
#3234=EDGE_CURVE('',#2520,#2499,#1490,.F.);
#3235=EDGE_CURVE('',#2520,#2521,#1491,.T.);
#3236=EDGE_CURVE('',#2521,#2522,#1492,.T.);
#3237=EDGE_CURVE('',#2500,#2522,#1493,.T.);
#3238=EDGE_CURVE('',#2457,#2456,#1494,.T.);
#3239=EDGE_CURVE('',#2474,#2521,#1495,.T.);
#3240=EDGE_CURVE('',#2498,#2520,#1496,.F.);
#3241=EDGE_CURVE('',#2508,#2498,#1497,.T.);
#3242=EDGE_CURVE('',#2523,#2523,#235,.T.);
#3243=EDGE_CURVE('',#2523,#2505,#1498,.T.);
#3244=EDGE_CURVE('',#2524,#2524,#236,.T.);
#3245=EDGE_CURVE('',#2524,#2525,#1499,.T.);
#3246=EDGE_CURVE('',#2525,#2525,#237,.T.);
#3247=EDGE_CURVE('',#2526,#2526,#238,.T.);
#3248=EDGE_CURVE('',#2527,#2527,#239,.T.);
#3249=EDGE_CURVE('',#2528,#2528,#240,.T.);
#3250=EDGE_CURVE('',#2529,#2529,#241,.T.);
#3251=EDGE_CURVE('',#2530,#2530,#242,.T.);
#3252=EDGE_CURVE('',#2530,#2529,#1500,.T.);
#3253=EDGE_CURVE('',#2531,#2531,#243,.T.);
#3254=EDGE_CURVE('',#2532,#2532,#244,.T.);
#3255=EDGE_CURVE('',#2532,#2526,#1501,.T.);
#3256=EDGE_CURVE('',#2533,#2533,#245,.T.);
#3257=EDGE_CURVE('',#2534,#2534,#246,.T.);
#3258=EDGE_CURVE('',#2534,#2527,#1502,.T.);
#3259=EDGE_CURVE('',#2535,#2535,#247,.T.);
#3260=EDGE_CURVE('',#2536,#2536,#248,.T.);
#3261=EDGE_CURVE('',#2536,#2528,#1503,.T.);
#3262=EDGE_CURVE('',#2537,#2537,#249,.T.);
#3263=EDGE_CURVE('',#2538,#2539,#250,.T.);
#3264=EDGE_CURVE('',#2540,#2538,#1504,.T.);
#3265=EDGE_CURVE('',#2541,#2540,#251,.T.);
#3266=EDGE_CURVE('',#2542,#2541,#1505,.T.);
#3267=EDGE_CURVE('',#2543,#2542,#1506,.T.);
#3268=EDGE_CURVE('',#2539,#2543,#1507,.T.);
#3269=EDGE_CURVE('',#2544,#2544,#252,.T.);
#3270=EDGE_CURVE('',#2545,#2545,#253,.T.);
#3271=EDGE_CURVE('',#2546,#2546,#254,.T.);
#3272=EDGE_CURVE('',#2547,#2547,#255,.T.);
#3273=EDGE_CURVE('',#2516,#2501,#1508,.T.);
#3274=EDGE_CURVE('',#2522,#2519,#1509,.T.);
#3275=EDGE_CURVE('',#2548,#2549,#256,.T.);
#3276=EDGE_CURVE('',#2549,#2541,#1510,.T.);
#3277=EDGE_CURVE('',#2540,#2548,#1511,.T.);
#3278=EDGE_CURVE('',#2550,#2551,#1512,.T.);
#3279=EDGE_CURVE('',#2480,#2550,#1513,.T.);
#3280=EDGE_CURVE('',#2479,#2551,#1514,.T.);
#3281=EDGE_CURVE('',#2552,#2550,#257,.T.);
#3282=EDGE_CURVE('',#2481,#2552,#1515,.T.);
#3283=EDGE_CURVE('',#2553,#2552,#1516,.T.);
#3284=EDGE_CURVE('',#2482,#2553,#1517,.T.);
#3285=EDGE_CURVE('',#2554,#2483,#1518,.T.);
#3286=EDGE_CURVE('',#2554,#2553,#258,.T.);
#3287=EDGE_CURVE('',#2555,#2556,#1519,.T.);
#3288=EDGE_CURVE('',#2478,#2555,#1520,.T.);
#3289=EDGE_CURVE('',#2477,#2556,#1521,.T.);
#3290=EDGE_CURVE('',#2551,#2555,#259,.T.);
#3291=EDGE_CURVE('',#2557,#2558,#260,.T.);
#3292=EDGE_CURVE('',#2558,#2538,#1522,.T.);
#3293=EDGE_CURVE('',#2539,#2557,#1523,.T.);
#3294=EDGE_CURVE('',#2559,#2548,#1524,.T.);
#3295=EDGE_CURVE('',#2558,#2554,#1525,.T.);
#3296=EDGE_CURVE('',#2556,#2559,#261,.T.);
#3297=EDGE_CURVE('',#2560,#2557,#1526,.T.);
#3298=EDGE_CURVE('',#2543,#2560,#1527,.T.);
#3299=EDGE_CURVE('',#2561,#2560,#1528,.T.);
#3300=EDGE_CURVE('',#2542,#2561,#1529,.T.);
#3301=EDGE_CURVE('',#2549,#2561,#1530,.T.);
#3302=EDGE_CURVE('',#2484,#2559,#1531,.T.);
#3303=EDGE_CURVE('',#2545,#2537,#1532,.T.);
#3304=EDGE_CURVE('',#2546,#2535,#1533,.T.);
#3305=EDGE_CURVE('',#2547,#2533,#1534,.T.);
#3306=EDGE_CURVE('',#2544,#2531,#1535,.T.);
#3307=ORIENTED_EDGE('',*,*,#2562,.T.);
#3308=ORIENTED_EDGE('',*,*,#2563,.T.);
#3309=ORIENTED_EDGE('',*,*,#2564,.T.);
#3310=ORIENTED_EDGE('',*,*,#2565,.T.);
#3311=ORIENTED_EDGE('',*,*,#2566,.F.);
#3312=ORIENTED_EDGE('',*,*,#2567,.F.);
#3313=ORIENTED_EDGE('',*,*,#2568,.F.);
#3314=ORIENTED_EDGE('',*,*,#2569,.T.);
#3315=ORIENTED_EDGE('',*,*,#2570,.T.);
#3316=ORIENTED_EDGE('',*,*,#2569,.F.);
#3317=ORIENTED_EDGE('',*,*,#2571,.F.);
#3318=ORIENTED_EDGE('',*,*,#2572,.F.);
#3319=ORIENTED_EDGE('',*,*,#2573,.F.);
#3320=ORIENTED_EDGE('',*,*,#2574,.F.);
#3321=ORIENTED_EDGE('',*,*,#2575,.T.);
#3322=ORIENTED_EDGE('',*,*,#2576,.T.);
#3323=ORIENTED_EDGE('',*,*,#2577,.T.);
#3324=ORIENTED_EDGE('',*,*,#2578,.T.);
#3325=ORIENTED_EDGE('',*,*,#2579,.T.);
#3326=ORIENTED_EDGE('',*,*,#2580,.F.);
#3327=ORIENTED_EDGE('',*,*,#2581,.T.);
#3328=ORIENTED_EDGE('',*,*,#2582,.F.);
#3329=ORIENTED_EDGE('',*,*,#2583,.F.);
#3330=ORIENTED_EDGE('',*,*,#2565,.F.);
#3331=ORIENTED_EDGE('',*,*,#2584,.F.);
#3332=ORIENTED_EDGE('',*,*,#2585,.T.);
#3333=ORIENTED_EDGE('',*,*,#2586,.F.);
#3334=ORIENTED_EDGE('',*,*,#2585,.F.);
#3335=ORIENTED_EDGE('',*,*,#2584,.T.);
#3336=ORIENTED_EDGE('',*,*,#2587,.F.);
#3337=ORIENTED_EDGE('',*,*,#2588,.T.);
#3338=ORIENTED_EDGE('',*,*,#2589,.F.);
#3339=ORIENTED_EDGE('',*,*,#2588,.F.);
#3340=ORIENTED_EDGE('',*,*,#2587,.T.);
#3341=ORIENTED_EDGE('',*,*,#2590,.T.);
#3342=ORIENTED_EDGE('',*,*,#2591,.F.);
#3343=ORIENTED_EDGE('',*,*,#2592,.F.);
#3344=ORIENTED_EDGE('',*,*,#2593,.F.);
#3345=ORIENTED_EDGE('',*,*,#2594,.T.);
#3346=ORIENTED_EDGE('',*,*,#2595,.T.);
#3347=ORIENTED_EDGE('',*,*,#2596,.F.);
#3348=ORIENTED_EDGE('',*,*,#2597,.F.);
#3349=ORIENTED_EDGE('',*,*,#2598,.T.);
#3350=ORIENTED_EDGE('',*,*,#2593,.T.);
#3351=ORIENTED_EDGE('',*,*,#2599,.F.);
#3352=ORIENTED_EDGE('',*,*,#2600,.T.);
#3353=ORIENTED_EDGE('',*,*,#2601,.T.);
#3354=ORIENTED_EDGE('',*,*,#2602,.F.);
#3355=ORIENTED_EDGE('',*,*,#2603,.T.);
#3356=ORIENTED_EDGE('',*,*,#2604,.T.);
#3357=ORIENTED_EDGE('',*,*,#2605,.T.);
#3358=ORIENTED_EDGE('',*,*,#2606,.T.);
#3359=ORIENTED_EDGE('',*,*,#2592,.T.);
#3360=ORIENTED_EDGE('',*,*,#2607,.T.);
#3361=ORIENTED_EDGE('',*,*,#2608,.T.);
#3362=ORIENTED_EDGE('',*,*,#2599,.T.);
#3363=ORIENTED_EDGE('',*,*,#2591,.T.);
#3364=ORIENTED_EDGE('',*,*,#2609,.F.);
#3365=ORIENTED_EDGE('',*,*,#2610,.T.);
#3366=ORIENTED_EDGE('',*,*,#2611,.T.);
#3367=ORIENTED_EDGE('',*,*,#2612,.T.);
#3368=ORIENTED_EDGE('',*,*,#2613,.F.);
#3369=ORIENTED_EDGE('',*,*,#2614,.T.);
#3370=ORIENTED_EDGE('',*,*,#2607,.F.);
#3371=ORIENTED_EDGE('',*,*,#2615,.F.);
#3372=ORIENTED_EDGE('',*,*,#2616,.T.);
#3373=ORIENTED_EDGE('',*,*,#2596,.T.);
#3374=ORIENTED_EDGE('',*,*,#2616,.F.);
#3375=ORIENTED_EDGE('',*,*,#2615,.T.);
#3376=ORIENTED_EDGE('',*,*,#2617,.F.);
#3377=ORIENTED_EDGE('',*,*,#2618,.T.);
#3378=ORIENTED_EDGE('',*,*,#2597,.T.);
#3379=ORIENTED_EDGE('',*,*,#2618,.F.);
#3380=ORIENTED_EDGE('',*,*,#2617,.T.);
#3381=ORIENTED_EDGE('',*,*,#2619,.F.);
#3382=ORIENTED_EDGE('',*,*,#2620,.F.);
#3383=ORIENTED_EDGE('',*,*,#2621,.F.);
#3384=ORIENTED_EDGE('',*,*,#2622,.F.);
#3385=ORIENTED_EDGE('',*,*,#2623,.F.);
#3386=ORIENTED_EDGE('',*,*,#2624,.F.);
#3387=ORIENTED_EDGE('',*,*,#2625,.F.);
#3388=ORIENTED_EDGE('',*,*,#2626,.F.);
#3389=ORIENTED_EDGE('',*,*,#2627,.F.);
#3390=ORIENTED_EDGE('',*,*,#2628,.F.);
#3391=ORIENTED_EDGE('',*,*,#2629,.F.);
#3392=ORIENTED_EDGE('',*,*,#2630,.F.);
#3393=ORIENTED_EDGE('',*,*,#2631,.F.);
#3394=ORIENTED_EDGE('',*,*,#2632,.F.);
#3395=ORIENTED_EDGE('',*,*,#2633,.F.);
#3396=ORIENTED_EDGE('',*,*,#2634,.F.);
#3397=ORIENTED_EDGE('',*,*,#2635,.F.);
#3398=ORIENTED_EDGE('',*,*,#2636,.F.);
#3399=ORIENTED_EDGE('',*,*,#2637,.F.);
#3400=ORIENTED_EDGE('',*,*,#2638,.F.);
#3401=ORIENTED_EDGE('',*,*,#2639,.F.);
#3402=ORIENTED_EDGE('',*,*,#2640,.F.);
#3403=ORIENTED_EDGE('',*,*,#2641,.F.);
#3404=ORIENTED_EDGE('',*,*,#2642,.F.);
#3405=ORIENTED_EDGE('',*,*,#2643,.F.);
#3406=ORIENTED_EDGE('',*,*,#2644,.F.);
#3407=ORIENTED_EDGE('',*,*,#2645,.F.);
#3408=ORIENTED_EDGE('',*,*,#2646,.F.);
#3409=ORIENTED_EDGE('',*,*,#2647,.F.);
#3410=ORIENTED_EDGE('',*,*,#2648,.F.);
#3411=ORIENTED_EDGE('',*,*,#2649,.F.);
#3412=ORIENTED_EDGE('',*,*,#2650,.F.);
#3413=ORIENTED_EDGE('',*,*,#2651,.F.);
#3414=ORIENTED_EDGE('',*,*,#2652,.F.);
#3415=ORIENTED_EDGE('',*,*,#2653,.F.);
#3416=ORIENTED_EDGE('',*,*,#2654,.F.);
#3417=ORIENTED_EDGE('',*,*,#2655,.F.);
#3418=ORIENTED_EDGE('',*,*,#2656,.F.);
#3419=ORIENTED_EDGE('',*,*,#2657,.F.);
#3420=ORIENTED_EDGE('',*,*,#2658,.F.);
#3421=ORIENTED_EDGE('',*,*,#2659,.F.);
#3422=ORIENTED_EDGE('',*,*,#2660,.F.);
#3423=ORIENTED_EDGE('',*,*,#2661,.F.);
#3424=ORIENTED_EDGE('',*,*,#2662,.F.);
#3425=ORIENTED_EDGE('',*,*,#2663,.F.);
#3426=ORIENTED_EDGE('',*,*,#2664,.F.);
#3427=ORIENTED_EDGE('',*,*,#2665,.F.);
#3428=ORIENTED_EDGE('',*,*,#2666,.F.);
#3429=ORIENTED_EDGE('',*,*,#2667,.F.);
#3430=ORIENTED_EDGE('',*,*,#2668,.F.);
#3431=ORIENTED_EDGE('',*,*,#2669,.F.);
#3432=ORIENTED_EDGE('',*,*,#2670,.F.);
#3433=ORIENTED_EDGE('',*,*,#2671,.F.);
#3434=ORIENTED_EDGE('',*,*,#2672,.F.);
#3435=ORIENTED_EDGE('',*,*,#2673,.F.);
#3436=ORIENTED_EDGE('',*,*,#2674,.F.);
#3437=ORIENTED_EDGE('',*,*,#2675,.F.);
#3438=ORIENTED_EDGE('',*,*,#2567,.T.);
#3439=ORIENTED_EDGE('',*,*,#2676,.T.);
#3440=ORIENTED_EDGE('',*,*,#2677,.F.);
#3441=ORIENTED_EDGE('',*,*,#2678,.F.);
#3442=ORIENTED_EDGE('',*,*,#2679,.T.);
#3443=ORIENTED_EDGE('',*,*,#2640,.T.);
#3444=ORIENTED_EDGE('',*,*,#2680,.T.);
#3445=ORIENTED_EDGE('',*,*,#2681,.T.);
#3446=ORIENTED_EDGE('',*,*,#2682,.T.);
#3447=ORIENTED_EDGE('',*,*,#2683,.T.);
#3448=ORIENTED_EDGE('',*,*,#2684,.T.);
#3449=ORIENTED_EDGE('',*,*,#2685,.T.);
#3450=ORIENTED_EDGE('',*,*,#2677,.T.);
#3451=ORIENTED_EDGE('',*,*,#2686,.T.);
#3452=ORIENTED_EDGE('',*,*,#2687,.T.);
#3453=ORIENTED_EDGE('',*,*,#2688,.T.);
#3454=ORIENTED_EDGE('',*,*,#2689,.T.);
#3455=ORIENTED_EDGE('',*,*,#2690,.T.);
#3456=ORIENTED_EDGE('',*,*,#2691,.T.);
#3457=ORIENTED_EDGE('',*,*,#2575,.F.);
#3458=ORIENTED_EDGE('',*,*,#2692,.T.);
#3459=ORIENTED_EDGE('',*,*,#2693,.T.);
#3460=ORIENTED_EDGE('',*,*,#2694,.T.);
#3461=ORIENTED_EDGE('',*,*,#2695,.F.);
#3462=ORIENTED_EDGE('',*,*,#2696,.T.);
#3463=ORIENTED_EDGE('',*,*,#2579,.F.);
#3464=ORIENTED_EDGE('',*,*,#2697,.T.);
#3465=ORIENTED_EDGE('',*,*,#2693,.F.);
#3466=ORIENTED_EDGE('',*,*,#2698,.T.);
#3467=ORIENTED_EDGE('',*,*,#2695,.T.);
#3468=ORIENTED_EDGE('',*,*,#2699,.F.);
#3469=ORIENTED_EDGE('',*,*,#2700,.T.);
#3470=ORIENTED_EDGE('',*,*,#2680,.F.);
#3471=ORIENTED_EDGE('',*,*,#2639,.T.);
#3472=ORIENTED_EDGE('',*,*,#2701,.T.);
#3473=ORIENTED_EDGE('',*,*,#2641,.T.);
#3474=ORIENTED_EDGE('',*,*,#2679,.F.);
#3475=ORIENTED_EDGE('',*,*,#2702,.T.);
#3476=ORIENTED_EDGE('',*,*,#2700,.F.);
#3477=ORIENTED_EDGE('',*,*,#2703,.F.);
#3478=ORIENTED_EDGE('',*,*,#2702,.F.);
#3479=ORIENTED_EDGE('',*,*,#2681,.F.);
#3480=ORIENTED_EDGE('',*,*,#2704,.F.);
#3481=ORIENTED_EDGE('',*,*,#2705,.F.);
#3482=ORIENTED_EDGE('',*,*,#2706,.F.);
#3483=ORIENTED_EDGE('',*,*,#2707,.F.);
#3484=ORIENTED_EDGE('',*,*,#2708,.F.);
#3485=ORIENTED_EDGE('',*,*,#2709,.F.);
#3486=ORIENTED_EDGE('',*,*,#2710,.F.);
#3487=ORIENTED_EDGE('',*,*,#2711,.F.);
#3488=ORIENTED_EDGE('',*,*,#2712,.F.);
#3489=ORIENTED_EDGE('',*,*,#2713,.F.);
#3490=ORIENTED_EDGE('',*,*,#2714,.F.);
#3491=ORIENTED_EDGE('',*,*,#2715,.F.);
#3492=ORIENTED_EDGE('',*,*,#2716,.F.);
#3493=ORIENTED_EDGE('',*,*,#2717,.F.);
#3494=ORIENTED_EDGE('',*,*,#2718,.F.);
#3495=ORIENTED_EDGE('',*,*,#2719,.F.);
#3496=ORIENTED_EDGE('',*,*,#2720,.F.);
#3497=ORIENTED_EDGE('',*,*,#2721,.F.);
#3498=ORIENTED_EDGE('',*,*,#2722,.F.);
#3499=ORIENTED_EDGE('',*,*,#2723,.F.);
#3500=ORIENTED_EDGE('',*,*,#2724,.F.);
#3501=ORIENTED_EDGE('',*,*,#2705,.T.);
#3502=ORIENTED_EDGE('',*,*,#2725,.T.);
#3503=ORIENTED_EDGE('',*,*,#2726,.F.);
#3504=ORIENTED_EDGE('',*,*,#2727,.F.);
#3505=ORIENTED_EDGE('',*,*,#2728,.F.);
#3506=ORIENTED_EDGE('',*,*,#2729,.F.);
#3507=ORIENTED_EDGE('',*,*,#2730,.F.);
#3508=ORIENTED_EDGE('',*,*,#2731,.F.);
#3509=ORIENTED_EDGE('',*,*,#2725,.F.);
#3510=ORIENTED_EDGE('',*,*,#2732,.T.);
#3511=ORIENTED_EDGE('',*,*,#2630,.T.);
#3512=ORIENTED_EDGE('',*,*,#2733,.F.);
#3513=ORIENTED_EDGE('',*,*,#2729,.T.);
#3514=ORIENTED_EDGE('',*,*,#2728,.T.);
#3515=ORIENTED_EDGE('',*,*,#2704,.T.);
#3516=ORIENTED_EDGE('',*,*,#2734,.T.);
#3517=ORIENTED_EDGE('',*,*,#2631,.T.);
#3518=ORIENTED_EDGE('',*,*,#2732,.F.);
#3519=ORIENTED_EDGE('',*,*,#2724,.T.);
#3520=ORIENTED_EDGE('',*,*,#2735,.T.);
#3521=ORIENTED_EDGE('',*,*,#2632,.T.);
#3522=ORIENTED_EDGE('',*,*,#2734,.F.);
#3523=ORIENTED_EDGE('',*,*,#2723,.T.);
#3524=ORIENTED_EDGE('',*,*,#2736,.T.);
#3525=ORIENTED_EDGE('',*,*,#2633,.T.);
#3526=ORIENTED_EDGE('',*,*,#2735,.F.);
#3527=ORIENTED_EDGE('',*,*,#2722,.T.);
#3528=ORIENTED_EDGE('',*,*,#2737,.T.);
#3529=ORIENTED_EDGE('',*,*,#2634,.T.);
#3530=ORIENTED_EDGE('',*,*,#2736,.F.);
#3531=ORIENTED_EDGE('',*,*,#2721,.T.);
#3532=ORIENTED_EDGE('',*,*,#2738,.T.);
#3533=ORIENTED_EDGE('',*,*,#2635,.T.);
#3534=ORIENTED_EDGE('',*,*,#2737,.F.);
#3535=ORIENTED_EDGE('',*,*,#2720,.T.);
#3536=ORIENTED_EDGE('',*,*,#2739,.T.);
#3537=ORIENTED_EDGE('',*,*,#2636,.T.);
#3538=ORIENTED_EDGE('',*,*,#2738,.F.);
#3539=ORIENTED_EDGE('',*,*,#2719,.T.);
#3540=ORIENTED_EDGE('',*,*,#2740,.T.);
#3541=ORIENTED_EDGE('',*,*,#2637,.T.);
#3542=ORIENTED_EDGE('',*,*,#2739,.F.);
#3543=ORIENTED_EDGE('',*,*,#2718,.T.);
#3544=ORIENTED_EDGE('',*,*,#2741,.T.);
#3545=ORIENTED_EDGE('',*,*,#2699,.T.);
#3546=ORIENTED_EDGE('',*,*,#2638,.T.);
#3547=ORIENTED_EDGE('',*,*,#2740,.F.);
#3548=ORIENTED_EDGE('',*,*,#2717,.T.);
#3549=ORIENTED_EDGE('',*,*,#2598,.F.);
#3550=ORIENTED_EDGE('',*,*,#2742,.F.);
#3551=ORIENTED_EDGE('',*,*,#2743,.T.);
#3552=ORIENTED_EDGE('',*,*,#2594,.F.);
#3553=ORIENTED_EDGE('',*,*,#2601,.F.);
#3554=ORIENTED_EDGE('',*,*,#2744,.T.);
#3555=ORIENTED_EDGE('',*,*,#2745,.T.);
#3556=ORIENTED_EDGE('',*,*,#2746,.F.);
#3557=ORIENTED_EDGE('',*,*,#2674,.T.);
#3558=ORIENTED_EDGE('',*,*,#2747,.T.);
#3559=ORIENTED_EDGE('',*,*,#2689,.F.);
#3560=ORIENTED_EDGE('',*,*,#2747,.F.);
#3561=ORIENTED_EDGE('',*,*,#2675,.T.);
#3562=ORIENTED_EDGE('',*,*,#2748,.T.);
#3563=ORIENTED_EDGE('',*,*,#2690,.F.);
#3564=ORIENTED_EDGE('',*,*,#2748,.F.);
#3565=ORIENTED_EDGE('',*,*,#2749,.F.);
#3566=ORIENTED_EDGE('',*,*,#2750,.T.);
#3567=ORIENTED_EDGE('',*,*,#2751,.T.);
#3568=ORIENTED_EDGE('',*,*,#2672,.T.);
#3569=ORIENTED_EDGE('',*,*,#2752,.F.);
#3570=ORIENTED_EDGE('',*,*,#2753,.T.);
#3571=ORIENTED_EDGE('',*,*,#2749,.T.);
#3572=ORIENTED_EDGE('',*,*,#2671,.T.);
#3573=ORIENTED_EDGE('',*,*,#2754,.F.);
#3574=ORIENTED_EDGE('',*,*,#2755,.T.);
#3575=ORIENTED_EDGE('',*,*,#2756,.T.);
#3576=ORIENTED_EDGE('',*,*,#2661,.T.);
#3577=ORIENTED_EDGE('',*,*,#2757,.F.);
#3578=ORIENTED_EDGE('',*,*,#2758,.T.);
#3579=ORIENTED_EDGE('',*,*,#2759,.T.);
#3580=ORIENTED_EDGE('',*,*,#2663,.T.);
#3581=ORIENTED_EDGE('',*,*,#2760,.T.);
#3582=ORIENTED_EDGE('',*,*,#2752,.T.);
#3583=ORIENTED_EDGE('',*,*,#2670,.T.);
#3584=ORIENTED_EDGE('',*,*,#2761,.F.);
#3585=ORIENTED_EDGE('',*,*,#2762,.T.);
#3586=ORIENTED_EDGE('',*,*,#2761,.T.);
#3587=ORIENTED_EDGE('',*,*,#2669,.T.);
#3588=ORIENTED_EDGE('',*,*,#2763,.T.);
#3589=ORIENTED_EDGE('',*,*,#2764,.F.);
#3590=ORIENTED_EDGE('',*,*,#2765,.T.);
#3591=ORIENTED_EDGE('',*,*,#2763,.F.);
#3592=ORIENTED_EDGE('',*,*,#2668,.T.);
#3593=ORIENTED_EDGE('',*,*,#2766,.F.);
#3594=ORIENTED_EDGE('',*,*,#2767,.T.);
#3595=ORIENTED_EDGE('',*,*,#2768,.T.);
#3596=ORIENTED_EDGE('',*,*,#2623,.T.);
#3597=ORIENTED_EDGE('',*,*,#2769,.F.);
#3598=ORIENTED_EDGE('',*,*,#2770,.T.);
#3599=ORIENTED_EDGE('',*,*,#2766,.T.);
#3600=ORIENTED_EDGE('',*,*,#2622,.T.);
#3601=ORIENTED_EDGE('',*,*,#2771,.F.);
#3602=ORIENTED_EDGE('',*,*,#2772,.T.);
#3603=ORIENTED_EDGE('',*,*,#2769,.T.);
#3604=ORIENTED_EDGE('',*,*,#2621,.T.);
#3605=ORIENTED_EDGE('',*,*,#2773,.F.);
#3606=ORIENTED_EDGE('',*,*,#2774,.T.);
#3607=ORIENTED_EDGE('',*,*,#2771,.T.);
#3608=ORIENTED_EDGE('',*,*,#2620,.T.);
#3609=ORIENTED_EDGE('',*,*,#2775,.F.);
#3610=ORIENTED_EDGE('',*,*,#2776,.T.);
#3611=ORIENTED_EDGE('',*,*,#2773,.T.);
#3612=ORIENTED_EDGE('',*,*,#2619,.T.);
#3613=ORIENTED_EDGE('',*,*,#2777,.T.);
#3614=ORIENTED_EDGE('',*,*,#2778,.T.);
#3615=ORIENTED_EDGE('',*,*,#2651,.T.);
#3616=ORIENTED_EDGE('',*,*,#2779,.F.);
#3617=ORIENTED_EDGE('',*,*,#2706,.T.);
#3618=ORIENTED_EDGE('',*,*,#2780,.F.);
#3619=ORIENTED_EDGE('',*,*,#2779,.T.);
#3620=ORIENTED_EDGE('',*,*,#2650,.T.);
#3621=ORIENTED_EDGE('',*,*,#2781,.F.);
#3622=ORIENTED_EDGE('',*,*,#2707,.T.);
#3623=ORIENTED_EDGE('',*,*,#2782,.F.);
#3624=ORIENTED_EDGE('',*,*,#2783,.T.);
#3625=ORIENTED_EDGE('',*,*,#2784,.T.);
#3626=ORIENTED_EDGE('',*,*,#2656,.T.);
#3627=ORIENTED_EDGE('',*,*,#2785,.F.);
#3628=ORIENTED_EDGE('',*,*,#2786,.T.);
#3629=ORIENTED_EDGE('',*,*,#2782,.T.);
#3630=ORIENTED_EDGE('',*,*,#2655,.T.);
#3631=ORIENTED_EDGE('',*,*,#2787,.F.);
#3632=ORIENTED_EDGE('',*,*,#2788,.T.);
#3633=ORIENTED_EDGE('',*,*,#2785,.T.);
#3634=ORIENTED_EDGE('',*,*,#2654,.T.);
#3635=ORIENTED_EDGE('',*,*,#2789,.F.);
#3636=ORIENTED_EDGE('',*,*,#2790,.T.);
#3637=ORIENTED_EDGE('',*,*,#2787,.T.);
#3638=ORIENTED_EDGE('',*,*,#2653,.T.);
#3639=ORIENTED_EDGE('',*,*,#2791,.T.);
#3640=ORIENTED_EDGE('',*,*,#2645,.T.);
#3641=ORIENTED_EDGE('',*,*,#2792,.F.);
#3642=ORIENTED_EDGE('',*,*,#2712,.T.);
#3643=ORIENTED_EDGE('',*,*,#2792,.T.);
#3644=ORIENTED_EDGE('',*,*,#2644,.T.);
#3645=ORIENTED_EDGE('',*,*,#2793,.F.);
#3646=ORIENTED_EDGE('',*,*,#2713,.T.);
#3647=ORIENTED_EDGE('',*,*,#2793,.T.);
#3648=ORIENTED_EDGE('',*,*,#2643,.T.);
#3649=ORIENTED_EDGE('',*,*,#2794,.F.);
#3650=ORIENTED_EDGE('',*,*,#2714,.T.);
#3651=ORIENTED_EDGE('',*,*,#2794,.T.);
#3652=ORIENTED_EDGE('',*,*,#2642,.T.);
#3653=ORIENTED_EDGE('',*,*,#2701,.F.);
#3654=ORIENTED_EDGE('',*,*,#2795,.F.);
#3655=ORIENTED_EDGE('',*,*,#2715,.T.);
#3656=ORIENTED_EDGE('',*,*,#2703,.T.);
#3657=ORIENTED_EDGE('',*,*,#2741,.F.);
#3658=ORIENTED_EDGE('',*,*,#2716,.T.);
#3659=ORIENTED_EDGE('',*,*,#2795,.T.);
#3660=ORIENTED_EDGE('',*,*,#2796,.F.);
#3661=ORIENTED_EDGE('',*,*,#2797,.T.);
#3662=ORIENTED_EDGE('',*,*,#2733,.T.);
#3663=ORIENTED_EDGE('',*,*,#2629,.T.);
#3664=ORIENTED_EDGE('',*,*,#2798,.F.);
#3665=ORIENTED_EDGE('',*,*,#2799,.T.);
#3666=ORIENTED_EDGE('',*,*,#2796,.T.);
#3667=ORIENTED_EDGE('',*,*,#2628,.T.);
#3668=ORIENTED_EDGE('',*,*,#2800,.F.);
#3669=ORIENTED_EDGE('',*,*,#2801,.T.);
#3670=ORIENTED_EDGE('',*,*,#2798,.T.);
#3671=ORIENTED_EDGE('',*,*,#2627,.T.);
#3672=ORIENTED_EDGE('',*,*,#2802,.F.);
#3673=ORIENTED_EDGE('',*,*,#2803,.T.);
#3674=ORIENTED_EDGE('',*,*,#2800,.T.);
#3675=ORIENTED_EDGE('',*,*,#2626,.T.);
#3676=ORIENTED_EDGE('',*,*,#2804,.F.);
#3677=ORIENTED_EDGE('',*,*,#2805,.T.);
#3678=ORIENTED_EDGE('',*,*,#2802,.T.);
#3679=ORIENTED_EDGE('',*,*,#2625,.T.);
#3680=ORIENTED_EDGE('',*,*,#2768,.F.);
#3681=ORIENTED_EDGE('',*,*,#2806,.T.);
#3682=ORIENTED_EDGE('',*,*,#2804,.T.);
#3683=ORIENTED_EDGE('',*,*,#2624,.T.);
#3684=ORIENTED_EDGE('',*,*,#2751,.F.);
#3685=ORIENTED_EDGE('',*,*,#2807,.T.);
#3686=ORIENTED_EDGE('',*,*,#2775,.T.);
#3687=ORIENTED_EDGE('',*,*,#2673,.T.);
#3688=ORIENTED_EDGE('',*,*,#2808,.F.);
#3689=ORIENTED_EDGE('',*,*,#2809,.T.);
#3690=ORIENTED_EDGE('',*,*,#2764,.T.);
#3691=ORIENTED_EDGE('',*,*,#2667,.T.);
#3692=ORIENTED_EDGE('',*,*,#2810,.F.);
#3693=ORIENTED_EDGE('',*,*,#2811,.T.);
#3694=ORIENTED_EDGE('',*,*,#2808,.T.);
#3695=ORIENTED_EDGE('',*,*,#2666,.T.);
#3696=ORIENTED_EDGE('',*,*,#2812,.F.);
#3697=ORIENTED_EDGE('',*,*,#2813,.T.);
#3698=ORIENTED_EDGE('',*,*,#2810,.T.);
#3699=ORIENTED_EDGE('',*,*,#2665,.T.);
#3700=ORIENTED_EDGE('',*,*,#2759,.F.);
#3701=ORIENTED_EDGE('',*,*,#2814,.T.);
#3702=ORIENTED_EDGE('',*,*,#2812,.T.);
#3703=ORIENTED_EDGE('',*,*,#2664,.T.);
#3704=ORIENTED_EDGE('',*,*,#2756,.F.);
#3705=ORIENTED_EDGE('',*,*,#2815,.T.);
#3706=ORIENTED_EDGE('',*,*,#2757,.T.);
#3707=ORIENTED_EDGE('',*,*,#2662,.T.);
#3708=ORIENTED_EDGE('',*,*,#2816,.F.);
#3709=ORIENTED_EDGE('',*,*,#2817,.T.);
#3710=ORIENTED_EDGE('',*,*,#2754,.T.);
#3711=ORIENTED_EDGE('',*,*,#2660,.T.);
#3712=ORIENTED_EDGE('',*,*,#2818,.F.);
#3713=ORIENTED_EDGE('',*,*,#2819,.T.);
#3714=ORIENTED_EDGE('',*,*,#2816,.T.);
#3715=ORIENTED_EDGE('',*,*,#2659,.T.);
#3716=ORIENTED_EDGE('',*,*,#2820,.F.);
#3717=ORIENTED_EDGE('',*,*,#2821,.T.);
#3718=ORIENTED_EDGE('',*,*,#2818,.T.);
#3719=ORIENTED_EDGE('',*,*,#2658,.T.);
#3720=ORIENTED_EDGE('',*,*,#2784,.F.);
#3721=ORIENTED_EDGE('',*,*,#2822,.T.);
#3722=ORIENTED_EDGE('',*,*,#2820,.T.);
#3723=ORIENTED_EDGE('',*,*,#2657,.T.);
#3724=ORIENTED_EDGE('',*,*,#2778,.F.);
#3725=ORIENTED_EDGE('',*,*,#2823,.T.);
#3726=ORIENTED_EDGE('',*,*,#2789,.T.);
#3727=ORIENTED_EDGE('',*,*,#2652,.T.);
#3728=ORIENTED_EDGE('',*,*,#2781,.T.);
#3729=ORIENTED_EDGE('',*,*,#2649,.T.);
#3730=ORIENTED_EDGE('',*,*,#2824,.F.);
#3731=ORIENTED_EDGE('',*,*,#2708,.T.);
#3732=ORIENTED_EDGE('',*,*,#2824,.T.);
#3733=ORIENTED_EDGE('',*,*,#2648,.T.);
#3734=ORIENTED_EDGE('',*,*,#2825,.F.);
#3735=ORIENTED_EDGE('',*,*,#2709,.T.);
#3736=ORIENTED_EDGE('',*,*,#2825,.T.);
#3737=ORIENTED_EDGE('',*,*,#2647,.T.);
#3738=ORIENTED_EDGE('',*,*,#2826,.F.);
#3739=ORIENTED_EDGE('',*,*,#2710,.T.);
#3740=ORIENTED_EDGE('',*,*,#2826,.T.);
#3741=ORIENTED_EDGE('',*,*,#2646,.T.);
#3742=ORIENTED_EDGE('',*,*,#2791,.F.);
#3743=ORIENTED_EDGE('',*,*,#2711,.T.);
#3744=ORIENTED_EDGE('',*,*,#2827,.F.);
#3745=ORIENTED_EDGE('',*,*,#2828,.T.);
#3746=ORIENTED_EDGE('',*,*,#2688,.F.);
#3747=ORIENTED_EDGE('',*,*,#2829,.F.);
#3748=ORIENTED_EDGE('',*,*,#2830,.T.);
#3749=ORIENTED_EDGE('',*,*,#2829,.T.);
#3750=ORIENTED_EDGE('',*,*,#2687,.F.);
#3751=ORIENTED_EDGE('',*,*,#2831,.F.);
#3752=ORIENTED_EDGE('',*,*,#2832,.T.);
#3753=ORIENTED_EDGE('',*,*,#2833,.T.);
#3754=ORIENTED_EDGE('',*,*,#2684,.F.);
#3755=ORIENTED_EDGE('',*,*,#2834,.F.);
#3756=ORIENTED_EDGE('',*,*,#2835,.F.);
#3757=ORIENTED_EDGE('',*,*,#2834,.T.);
#3758=ORIENTED_EDGE('',*,*,#2683,.F.);
#3759=ORIENTED_EDGE('',*,*,#2836,.F.);
#3760=ORIENTED_EDGE('',*,*,#2837,.T.);
#3761=ORIENTED_EDGE('',*,*,#2836,.T.);
#3762=ORIENTED_EDGE('',*,*,#2682,.F.);
#3763=ORIENTED_EDGE('',*,*,#2828,.F.);
#3764=ORIENTED_EDGE('',*,*,#2838,.F.);
#3765=ORIENTED_EDGE('',*,*,#2839,.T.);
#3766=ORIENTED_EDGE('',*,*,#2813,.F.);
#3767=ORIENTED_EDGE('',*,*,#2840,.F.);
#3768=ORIENTED_EDGE('',*,*,#2841,.F.);
#3769=ORIENTED_EDGE('',*,*,#2840,.T.);
#3770=ORIENTED_EDGE('',*,*,#2814,.F.);
#3771=ORIENTED_EDGE('',*,*,#2842,.F.);
#3772=ORIENTED_EDGE('',*,*,#2843,.F.);
#3773=ORIENTED_EDGE('',*,*,#2842,.T.);
#3774=ORIENTED_EDGE('',*,*,#2758,.F.);
#3775=ORIENTED_EDGE('',*,*,#2844,.F.);
#3776=ORIENTED_EDGE('',*,*,#2845,.F.);
#3777=ORIENTED_EDGE('',*,*,#2844,.T.);
#3778=ORIENTED_EDGE('',*,*,#2815,.F.);
#3779=ORIENTED_EDGE('',*,*,#2846,.F.);
#3780=ORIENTED_EDGE('',*,*,#2847,.F.);
#3781=ORIENTED_EDGE('',*,*,#2846,.T.);
#3782=ORIENTED_EDGE('',*,*,#2755,.F.);
#3783=ORIENTED_EDGE('',*,*,#2848,.F.);
#3784=ORIENTED_EDGE('',*,*,#2849,.F.);
#3785=ORIENTED_EDGE('',*,*,#2848,.T.);
#3786=ORIENTED_EDGE('',*,*,#2817,.F.);
#3787=ORIENTED_EDGE('',*,*,#2850,.F.);
#3788=ORIENTED_EDGE('',*,*,#2851,.F.);
#3789=ORIENTED_EDGE('',*,*,#2850,.T.);
#3790=ORIENTED_EDGE('',*,*,#2819,.F.);
#3791=ORIENTED_EDGE('',*,*,#2852,.F.);
#3792=ORIENTED_EDGE('',*,*,#2853,.F.);
#3793=ORIENTED_EDGE('',*,*,#2852,.T.);
#3794=ORIENTED_EDGE('',*,*,#2821,.F.);
#3795=ORIENTED_EDGE('',*,*,#2854,.F.);
#3796=ORIENTED_EDGE('',*,*,#2855,.F.);
#3797=ORIENTED_EDGE('',*,*,#2854,.T.);
#3798=ORIENTED_EDGE('',*,*,#2822,.F.);
#3799=ORIENTED_EDGE('',*,*,#2856,.F.);
#3800=ORIENTED_EDGE('',*,*,#2857,.F.);
#3801=ORIENTED_EDGE('',*,*,#2856,.T.);
#3802=ORIENTED_EDGE('',*,*,#2783,.F.);
#3803=ORIENTED_EDGE('',*,*,#2858,.F.);
#3804=ORIENTED_EDGE('',*,*,#2859,.F.);
#3805=ORIENTED_EDGE('',*,*,#2858,.T.);
#3806=ORIENTED_EDGE('',*,*,#2786,.F.);
#3807=ORIENTED_EDGE('',*,*,#2860,.F.);
#3808=ORIENTED_EDGE('',*,*,#2861,.F.);
#3809=ORIENTED_EDGE('',*,*,#2860,.T.);
#3810=ORIENTED_EDGE('',*,*,#2788,.F.);
#3811=ORIENTED_EDGE('',*,*,#2862,.F.);
#3812=ORIENTED_EDGE('',*,*,#2863,.F.);
#3813=ORIENTED_EDGE('',*,*,#2862,.T.);
#3814=ORIENTED_EDGE('',*,*,#2790,.F.);
#3815=ORIENTED_EDGE('',*,*,#2864,.F.);
#3816=ORIENTED_EDGE('',*,*,#2865,.F.);
#3817=ORIENTED_EDGE('',*,*,#2864,.T.);
#3818=ORIENTED_EDGE('',*,*,#2823,.F.);
#3819=ORIENTED_EDGE('',*,*,#2866,.F.);
#3820=ORIENTED_EDGE('',*,*,#2780,.T.);
#3821=ORIENTED_EDGE('',*,*,#2727,.T.);
#3822=ORIENTED_EDGE('',*,*,#2867,.F.);
#3823=ORIENTED_EDGE('',*,*,#2866,.T.);
#3824=ORIENTED_EDGE('',*,*,#2777,.F.);
#3825=ORIENTED_EDGE('',*,*,#2868,.F.);
#3826=ORIENTED_EDGE('',*,*,#2869,.T.);
#3827=ORIENTED_EDGE('',*,*,#2811,.F.);
#3828=ORIENTED_EDGE('',*,*,#2839,.F.);
#3829=ORIENTED_EDGE('',*,*,#2870,.F.);
#3830=ORIENTED_EDGE('',*,*,#2871,.T.);
#3831=ORIENTED_EDGE('',*,*,#2809,.F.);
#3832=ORIENTED_EDGE('',*,*,#2869,.F.);
#3833=ORIENTED_EDGE('',*,*,#2872,.F.);
#3834=ORIENTED_EDGE('',*,*,#2873,.T.);
#3835=ORIENTED_EDGE('',*,*,#2765,.F.);
#3836=ORIENTED_EDGE('',*,*,#2871,.F.);
#3837=ORIENTED_EDGE('',*,*,#2874,.F.);
#3838=ORIENTED_EDGE('',*,*,#2875,.T.);
#3839=ORIENTED_EDGE('',*,*,#2762,.F.);
#3840=ORIENTED_EDGE('',*,*,#2873,.F.);
#3841=ORIENTED_EDGE('',*,*,#2876,.F.);
#3842=ORIENTED_EDGE('',*,*,#2877,.T.);
#3843=ORIENTED_EDGE('',*,*,#2760,.F.);
#3844=ORIENTED_EDGE('',*,*,#2875,.F.);
#3845=ORIENTED_EDGE('',*,*,#2878,.F.);
#3846=ORIENTED_EDGE('',*,*,#2879,.T.);
#3847=ORIENTED_EDGE('',*,*,#2753,.F.);
#3848=ORIENTED_EDGE('',*,*,#2877,.F.);
#3849=ORIENTED_EDGE('',*,*,#2880,.F.);
#3850=ORIENTED_EDGE('',*,*,#2881,.T.);
#3851=ORIENTED_EDGE('',*,*,#2750,.F.);
#3852=ORIENTED_EDGE('',*,*,#2879,.F.);
#3853=ORIENTED_EDGE('',*,*,#2882,.F.);
#3854=ORIENTED_EDGE('',*,*,#2883,.T.);
#3855=ORIENTED_EDGE('',*,*,#2807,.F.);
#3856=ORIENTED_EDGE('',*,*,#2881,.F.);
#3857=ORIENTED_EDGE('',*,*,#2884,.F.);
#3858=ORIENTED_EDGE('',*,*,#2885,.T.);
#3859=ORIENTED_EDGE('',*,*,#2776,.F.);
#3860=ORIENTED_EDGE('',*,*,#2883,.F.);
#3861=ORIENTED_EDGE('',*,*,#2886,.F.);
#3862=ORIENTED_EDGE('',*,*,#2887,.T.);
#3863=ORIENTED_EDGE('',*,*,#2774,.F.);
#3864=ORIENTED_EDGE('',*,*,#2885,.F.);
#3865=ORIENTED_EDGE('',*,*,#2888,.F.);
#3866=ORIENTED_EDGE('',*,*,#2889,.T.);
#3867=ORIENTED_EDGE('',*,*,#2772,.F.);
#3868=ORIENTED_EDGE('',*,*,#2887,.F.);
#3869=ORIENTED_EDGE('',*,*,#2890,.F.);
#3870=ORIENTED_EDGE('',*,*,#2891,.T.);
#3871=ORIENTED_EDGE('',*,*,#2770,.F.);
#3872=ORIENTED_EDGE('',*,*,#2889,.F.);
#3873=ORIENTED_EDGE('',*,*,#2892,.F.);
#3874=ORIENTED_EDGE('',*,*,#2893,.T.);
#3875=ORIENTED_EDGE('',*,*,#2767,.F.);
#3876=ORIENTED_EDGE('',*,*,#2891,.F.);
#3877=ORIENTED_EDGE('',*,*,#2894,.F.);
#3878=ORIENTED_EDGE('',*,*,#2895,.T.);
#3879=ORIENTED_EDGE('',*,*,#2806,.F.);
#3880=ORIENTED_EDGE('',*,*,#2893,.F.);
#3881=ORIENTED_EDGE('',*,*,#2896,.F.);
#3882=ORIENTED_EDGE('',*,*,#2897,.T.);
#3883=ORIENTED_EDGE('',*,*,#2805,.F.);
#3884=ORIENTED_EDGE('',*,*,#2895,.F.);
#3885=ORIENTED_EDGE('',*,*,#2898,.F.);
#3886=ORIENTED_EDGE('',*,*,#2899,.T.);
#3887=ORIENTED_EDGE('',*,*,#2803,.F.);
#3888=ORIENTED_EDGE('',*,*,#2897,.F.);
#3889=ORIENTED_EDGE('',*,*,#2900,.F.);
#3890=ORIENTED_EDGE('',*,*,#2901,.T.);
#3891=ORIENTED_EDGE('',*,*,#2801,.F.);
#3892=ORIENTED_EDGE('',*,*,#2899,.F.);
#3893=ORIENTED_EDGE('',*,*,#2902,.F.);
#3894=ORIENTED_EDGE('',*,*,#2903,.T.);
#3895=ORIENTED_EDGE('',*,*,#2799,.F.);
#3896=ORIENTED_EDGE('',*,*,#2901,.F.);
#3897=ORIENTED_EDGE('',*,*,#2904,.F.);
#3898=ORIENTED_EDGE('',*,*,#2730,.T.);
#3899=ORIENTED_EDGE('',*,*,#2797,.F.);
#3900=ORIENTED_EDGE('',*,*,#2903,.F.);
#3901=ORIENTED_EDGE('',*,*,#2905,.F.);
#3902=ORIENTED_EDGE('',*,*,#2906,.T.);
#3903=ORIENTED_EDGE('',*,*,#2907,.F.);
#3904=ORIENTED_EDGE('',*,*,#2908,.F.);
#3905=ORIENTED_EDGE('',*,*,#2909,.F.);
#3906=ORIENTED_EDGE('',*,*,#2910,.F.);
#3907=ORIENTED_EDGE('',*,*,#2911,.F.);
#3908=ORIENTED_EDGE('',*,*,#2912,.F.);
#3909=ORIENTED_EDGE('',*,*,#2913,.F.);
#3910=ORIENTED_EDGE('',*,*,#2914,.F.);
#3911=ORIENTED_EDGE('',*,*,#2915,.F.);
#3912=ORIENTED_EDGE('',*,*,#2916,.T.);
#3913=ORIENTED_EDGE('',*,*,#2726,.T.);
#3914=ORIENTED_EDGE('',*,*,#2731,.T.);
#3915=ORIENTED_EDGE('',*,*,#2904,.T.);
#3916=ORIENTED_EDGE('',*,*,#2902,.T.);
#3917=ORIENTED_EDGE('',*,*,#2900,.T.);
#3918=ORIENTED_EDGE('',*,*,#2898,.T.);
#3919=ORIENTED_EDGE('',*,*,#2896,.T.);
#3920=ORIENTED_EDGE('',*,*,#2894,.T.);
#3921=ORIENTED_EDGE('',*,*,#2892,.T.);
#3922=ORIENTED_EDGE('',*,*,#2890,.T.);
#3923=ORIENTED_EDGE('',*,*,#2888,.T.);
#3924=ORIENTED_EDGE('',*,*,#2886,.T.);
#3925=ORIENTED_EDGE('',*,*,#2884,.T.);
#3926=ORIENTED_EDGE('',*,*,#2882,.T.);
#3927=ORIENTED_EDGE('',*,*,#2880,.T.);
#3928=ORIENTED_EDGE('',*,*,#2878,.T.);
#3929=ORIENTED_EDGE('',*,*,#2876,.T.);
#3930=ORIENTED_EDGE('',*,*,#2874,.T.);
#3931=ORIENTED_EDGE('',*,*,#2872,.T.);
#3932=ORIENTED_EDGE('',*,*,#2870,.T.);
#3933=ORIENTED_EDGE('',*,*,#2868,.T.);
#3934=ORIENTED_EDGE('',*,*,#2838,.T.);
#3935=ORIENTED_EDGE('',*,*,#2841,.T.);
#3936=ORIENTED_EDGE('',*,*,#2843,.T.);
#3937=ORIENTED_EDGE('',*,*,#2845,.T.);
#3938=ORIENTED_EDGE('',*,*,#2847,.T.);
#3939=ORIENTED_EDGE('',*,*,#2849,.T.);
#3940=ORIENTED_EDGE('',*,*,#2851,.T.);
#3941=ORIENTED_EDGE('',*,*,#2853,.T.);
#3942=ORIENTED_EDGE('',*,*,#2855,.T.);
#3943=ORIENTED_EDGE('',*,*,#2857,.T.);
#3944=ORIENTED_EDGE('',*,*,#2859,.T.);
#3945=ORIENTED_EDGE('',*,*,#2861,.T.);
#3946=ORIENTED_EDGE('',*,*,#2863,.T.);
#3947=ORIENTED_EDGE('',*,*,#2865,.T.);
#3948=ORIENTED_EDGE('',*,*,#2867,.T.);
#3949=ORIENTED_EDGE('',*,*,#2917,.F.);
#3950=ORIENTED_EDGE('',*,*,#2918,.T.);
#3951=ORIENTED_EDGE('',*,*,#2919,.F.);
#3952=ORIENTED_EDGE('',*,*,#2920,.T.);
#3953=ORIENTED_EDGE('',*,*,#2921,.F.);
#3954=ORIENTED_EDGE('',*,*,#2920,.F.);
#3955=ORIENTED_EDGE('',*,*,#2922,.F.);
#3956=ORIENTED_EDGE('',*,*,#2923,.F.);
#3957=ORIENTED_EDGE('',*,*,#2924,.F.);
#3958=ORIENTED_EDGE('',*,*,#2923,.T.);
#3959=ORIENTED_EDGE('',*,*,#2925,.F.);
#3960=ORIENTED_EDGE('',*,*,#2926,.T.);
#3961=ORIENTED_EDGE('',*,*,#2927,.F.);
#3962=ORIENTED_EDGE('',*,*,#2926,.F.);
#3963=ORIENTED_EDGE('',*,*,#2928,.F.);
#3964=ORIENTED_EDGE('',*,*,#2918,.F.);
#3965=ORIENTED_EDGE('',*,*,#2929,.F.);
#3966=ORIENTED_EDGE('',*,*,#2930,.T.);
#3967=ORIENTED_EDGE('',*,*,#2931,.F.);
#3968=ORIENTED_EDGE('',*,*,#2932,.T.);
#3969=ORIENTED_EDGE('',*,*,#2933,.F.);
#3970=ORIENTED_EDGE('',*,*,#2932,.F.);
#3971=ORIENTED_EDGE('',*,*,#2934,.F.);
#3972=ORIENTED_EDGE('',*,*,#2935,.F.);
#3973=ORIENTED_EDGE('',*,*,#2936,.F.);
#3974=ORIENTED_EDGE('',*,*,#2935,.T.);
#3975=ORIENTED_EDGE('',*,*,#2937,.F.);
#3976=ORIENTED_EDGE('',*,*,#2938,.T.);
#3977=ORIENTED_EDGE('',*,*,#2939,.F.);
#3978=ORIENTED_EDGE('',*,*,#2938,.F.);
#3979=ORIENTED_EDGE('',*,*,#2940,.F.);
#3980=ORIENTED_EDGE('',*,*,#2930,.F.);
#3981=ORIENTED_EDGE('',*,*,#2941,.T.);
#3982=ORIENTED_EDGE('',*,*,#2942,.T.);
#3983=ORIENTED_EDGE('',*,*,#2943,.T.);
#3984=ORIENTED_EDGE('',*,*,#2942,.F.);
#3985=ORIENTED_EDGE('',*,*,#2943,.F.);
#3986=ORIENTED_EDGE('',*,*,#2944,.F.);
#3987=ORIENTED_EDGE('',*,*,#2945,.T.);
#3988=ORIENTED_EDGE('',*,*,#2946,.F.);
#3989=ORIENTED_EDGE('',*,*,#2947,.T.);
#3990=ORIENTED_EDGE('',*,*,#2948,.F.);
#3991=ORIENTED_EDGE('',*,*,#2949,.F.);
#3992=ORIENTED_EDGE('',*,*,#2950,.F.);
#3993=ORIENTED_EDGE('',*,*,#2951,.T.);
#3994=ORIENTED_EDGE('',*,*,#2952,.F.);
#3995=ORIENTED_EDGE('',*,*,#2953,.T.);
#3996=ORIENTED_EDGE('',*,*,#2944,.T.);
#3997=ORIENTED_EDGE('',*,*,#2954,.T.);
#3998=ORIENTED_EDGE('',*,*,#2955,.F.);
#3999=ORIENTED_EDGE('',*,*,#2956,.T.);
#4000=ORIENTED_EDGE('',*,*,#2957,.T.);
#4001=ORIENTED_EDGE('',*,*,#2609,.T.);
#4002=ORIENTED_EDGE('',*,*,#2590,.F.);
#4003=ORIENTED_EDGE('',*,*,#2958,.F.);
#4004=ORIENTED_EDGE('',*,*,#2959,.T.);
#4005=ORIENTED_EDGE('',*,*,#2580,.T.);
#4006=ORIENTED_EDGE('',*,*,#2696,.F.);
#4007=ORIENTED_EDGE('',*,*,#2698,.F.);
#4008=ORIENTED_EDGE('',*,*,#2692,.F.);
#4009=ORIENTED_EDGE('',*,*,#2574,.T.);
#4010=ORIENTED_EDGE('',*,*,#2960,.T.);
#4011=ORIENTED_EDGE('',*,*,#2961,.F.);
#4012=ORIENTED_EDGE('',*,*,#2962,.F.);
#4013=ORIENTED_EDGE('',*,*,#2613,.T.);
#4014=ORIENTED_EDGE('',*,*,#2963,.T.);
#4015=ORIENTED_EDGE('',*,*,#2964,.T.);
#4016=ORIENTED_EDGE('',*,*,#2965,.F.);
#4017=ORIENTED_EDGE('',*,*,#2966,.T.);
#4018=ORIENTED_EDGE('',*,*,#2941,.F.);
#4019=ORIENTED_EDGE('',*,*,#2967,.F.);
#4020=ORIENTED_EDGE('',*,*,#2968,.F.);
#4021=ORIENTED_EDGE('',*,*,#2969,.F.);
#4022=ORIENTED_EDGE('',*,*,#2970,.F.);
#4023=ORIENTED_EDGE('',*,*,#2970,.T.);
#4024=ORIENTED_EDGE('',*,*,#2971,.T.);
#4025=ORIENTED_EDGE('',*,*,#2972,.T.);
#4026=ORIENTED_EDGE('',*,*,#2971,.F.);
#4027=ORIENTED_EDGE('',*,*,#2972,.F.);
#4028=ORIENTED_EDGE('',*,*,#2967,.T.);
#4029=ORIENTED_EDGE('',*,*,#2973,.T.);
#4030=ORIENTED_EDGE('',*,*,#2974,.T.);
#4031=ORIENTED_EDGE('',*,*,#2973,.F.);
#4032=ORIENTED_EDGE('',*,*,#2974,.F.);
#4033=ORIENTED_EDGE('',*,*,#2969,.T.);
#4034=ORIENTED_EDGE('',*,*,#2975,.T.);
#4035=ORIENTED_EDGE('',*,*,#2976,.T.);
#4036=ORIENTED_EDGE('',*,*,#2975,.F.);
#4037=ORIENTED_EDGE('',*,*,#2976,.F.);
#4038=ORIENTED_EDGE('',*,*,#2968,.T.);
#4039=ORIENTED_EDGE('',*,*,#2977,.T.);
#4040=ORIENTED_EDGE('',*,*,#2978,.T.);
#4041=ORIENTED_EDGE('',*,*,#2977,.F.);
#4042=ORIENTED_EDGE('',*,*,#2978,.F.);
#4043=ORIENTED_EDGE('',*,*,#2979,.F.);
#4044=ORIENTED_EDGE('',*,*,#2954,.F.);
#4045=ORIENTED_EDGE('',*,*,#2953,.F.);
#4046=ORIENTED_EDGE('',*,*,#2980,.F.);
#4047=ORIENTED_EDGE('',*,*,#2981,.F.);
#4048=ORIENTED_EDGE('',*,*,#2982,.F.);
#4049=ORIENTED_EDGE('',*,*,#2983,.F.);
#4050=ORIENTED_EDGE('',*,*,#2984,.F.);
#4051=ORIENTED_EDGE('',*,*,#2985,.F.);
#4052=ORIENTED_EDGE('',*,*,#2986,.F.);
#4053=ORIENTED_EDGE('',*,*,#2987,.F.);
#4054=ORIENTED_EDGE('',*,*,#2964,.F.);
#4055=ORIENTED_EDGE('',*,*,#2988,.T.);
#4056=ORIENTED_EDGE('',*,*,#2989,.T.);
#4057=ORIENTED_EDGE('',*,*,#2990,.T.);
#4058=ORIENTED_EDGE('',*,*,#2956,.F.);
#4059=ORIENTED_EDGE('',*,*,#2958,.T.);
#4060=ORIENTED_EDGE('',*,*,#2595,.F.);
#4061=ORIENTED_EDGE('',*,*,#2743,.F.);
#4062=ORIENTED_EDGE('',*,*,#2991,.F.);
#4063=ORIENTED_EDGE('',*,*,#2962,.T.);
#4064=ORIENTED_EDGE('',*,*,#2992,.T.);
#4065=ORIENTED_EDGE('',*,*,#2744,.F.);
#4066=ORIENTED_EDGE('',*,*,#2600,.F.);
#4067=ORIENTED_EDGE('',*,*,#2608,.F.);
#4068=ORIENTED_EDGE('',*,*,#2614,.F.);
#4069=ORIENTED_EDGE('',*,*,#2586,.T.);
#4070=ORIENTED_EDGE('',*,*,#2589,.T.);
#4071=ORIENTED_EDGE('',*,*,#2979,.T.);
#4072=ORIENTED_EDGE('',*,*,#2993,.T.);
#4073=ORIENTED_EDGE('',*,*,#2983,.T.);
#4074=ORIENTED_EDGE('',*,*,#2955,.T.);
#4075=ORIENTED_EDGE('',*,*,#2961,.T.);
#4076=ORIENTED_EDGE('',*,*,#2994,.F.);
#4077=ORIENTED_EDGE('',*,*,#2745,.F.);
#4078=ORIENTED_EDGE('',*,*,#2992,.F.);
#4079=ORIENTED_EDGE('',*,*,#2995,.F.);
#4080=ORIENTED_EDGE('',*,*,#2996,.F.);
#4081=ORIENTED_EDGE('',*,*,#2997,.F.);
#4082=ORIENTED_EDGE('',*,*,#2998,.F.);
#4083=ORIENTED_EDGE('',*,*,#2945,.F.);
#4084=ORIENTED_EDGE('',*,*,#2966,.F.);
#4085=ORIENTED_EDGE('',*,*,#2987,.T.);
#4086=ORIENTED_EDGE('',*,*,#2999,.T.);
#4087=ORIENTED_EDGE('',*,*,#2995,.T.);
#4088=ORIENTED_EDGE('',*,*,#2965,.T.);
#4089=ORIENTED_EDGE('',*,*,#2990,.F.);
#4090=ORIENTED_EDGE('',*,*,#3000,.F.);
#4091=ORIENTED_EDGE('',*,*,#2610,.F.);
#4092=ORIENTED_EDGE('',*,*,#2957,.F.);
#4093=ORIENTED_EDGE('',*,*,#2988,.F.);
#4094=ORIENTED_EDGE('',*,*,#2963,.F.);
#4095=ORIENTED_EDGE('',*,*,#2612,.F.);
#4096=ORIENTED_EDGE('',*,*,#3001,.T.);
#4097=ORIENTED_EDGE('',*,*,#2989,.F.);
#4098=ORIENTED_EDGE('',*,*,#3001,.F.);
#4099=ORIENTED_EDGE('',*,*,#2611,.F.);
#4100=ORIENTED_EDGE('',*,*,#3000,.T.);
#4101=ORIENTED_EDGE('',*,*,#3002,.T.);
#4102=ORIENTED_EDGE('',*,*,#3003,.T.);
#4103=ORIENTED_EDGE('',*,*,#3004,.T.);
#4104=ORIENTED_EDGE('',*,*,#3005,.T.);
#4105=ORIENTED_EDGE('',*,*,#3006,.T.);
#4106=ORIENTED_EDGE('',*,*,#3007,.T.);
#4107=ORIENTED_EDGE('',*,*,#2909,.T.);
#4108=ORIENTED_EDGE('',*,*,#3008,.T.);
#4109=ORIENTED_EDGE('',*,*,#3005,.F.);
#4110=ORIENTED_EDGE('',*,*,#3009,.T.);
#4111=ORIENTED_EDGE('',*,*,#2910,.T.);
#4112=ORIENTED_EDGE('',*,*,#3007,.F.);
#4113=ORIENTED_EDGE('',*,*,#3010,.T.);
#4114=ORIENTED_EDGE('',*,*,#3011,.T.);
#4115=ORIENTED_EDGE('',*,*,#2911,.T.);
#4116=ORIENTED_EDGE('',*,*,#3009,.F.);
#4117=ORIENTED_EDGE('',*,*,#3012,.T.);
#4118=ORIENTED_EDGE('',*,*,#3013,.T.);
#4119=ORIENTED_EDGE('',*,*,#2912,.T.);
#4120=ORIENTED_EDGE('',*,*,#3011,.F.);
#4121=ORIENTED_EDGE('',*,*,#3014,.T.);
#4122=ORIENTED_EDGE('',*,*,#2913,.T.);
#4123=ORIENTED_EDGE('',*,*,#3013,.F.);
#4124=ORIENTED_EDGE('',*,*,#3015,.T.);
#4125=ORIENTED_EDGE('',*,*,#3016,.T.);
#4126=ORIENTED_EDGE('',*,*,#3017,.T.);
#4127=ORIENTED_EDGE('',*,*,#3018,.T.);
#4128=ORIENTED_EDGE('',*,*,#3019,.T.);
#4129=ORIENTED_EDGE('',*,*,#3003,.F.);
#4130=ORIENTED_EDGE('',*,*,#3020,.T.);
#4131=ORIENTED_EDGE('',*,*,#3021,.T.);
#4132=ORIENTED_EDGE('',*,*,#3022,.T.);
#4133=ORIENTED_EDGE('',*,*,#3018,.F.);
#4134=ORIENTED_EDGE('',*,*,#3023,.T.);
#4135=ORIENTED_EDGE('',*,*,#3024,.T.);
#4136=ORIENTED_EDGE('',*,*,#3025,.T.);
#4137=ORIENTED_EDGE('',*,*,#3026,.T.);
#4138=ORIENTED_EDGE('',*,*,#3016,.F.);
#4139=ORIENTED_EDGE('',*,*,#3027,.T.);
#4140=ORIENTED_EDGE('',*,*,#3028,.T.);
#4141=ORIENTED_EDGE('',*,*,#3025,.F.);
#4142=ORIENTED_EDGE('',*,*,#3029,.T.);
#4143=ORIENTED_EDGE('',*,*,#3030,.T.);
#4144=ORIENTED_EDGE('',*,*,#3031,.T.);
#4145=ORIENTED_EDGE('',*,*,#3027,.F.);
#4146=ORIENTED_EDGE('',*,*,#3032,.T.);
#4147=ORIENTED_EDGE('',*,*,#2946,.T.);
#4148=ORIENTED_EDGE('',*,*,#2998,.T.);
#4149=ORIENTED_EDGE('',*,*,#3033,.T.);
#4150=ORIENTED_EDGE('',*,*,#3034,.T.);
#4151=ORIENTED_EDGE('',*,*,#3033,.F.);
#4152=ORIENTED_EDGE('',*,*,#2997,.T.);
#4153=ORIENTED_EDGE('',*,*,#3021,.F.);
#4154=ORIENTED_EDGE('',*,*,#3035,.T.);
#4155=ORIENTED_EDGE('',*,*,#2952,.T.);
#4156=ORIENTED_EDGE('',*,*,#3036,.T.);
#4157=ORIENTED_EDGE('',*,*,#3037,.T.);
#4158=ORIENTED_EDGE('',*,*,#2980,.T.);
#4159=ORIENTED_EDGE('',*,*,#3037,.F.);
#4160=ORIENTED_EDGE('',*,*,#3038,.T.);
#4161=ORIENTED_EDGE('',*,*,#3030,.F.);
#4162=ORIENTED_EDGE('',*,*,#2981,.T.);
#4163=ORIENTED_EDGE('',*,*,#3035,.F.);
#4164=ORIENTED_EDGE('',*,*,#3023,.F.);
#4165=ORIENTED_EDGE('',*,*,#3039,.T.);
#4166=ORIENTED_EDGE('',*,*,#3040,.T.);
#4167=ORIENTED_EDGE('',*,*,#3041,.T.);
#4168=ORIENTED_EDGE('',*,*,#3020,.F.);
#4169=ORIENTED_EDGE('',*,*,#3002,.F.);
#4170=ORIENTED_EDGE('',*,*,#3008,.F.);
#4171=ORIENTED_EDGE('',*,*,#2908,.T.);
#4172=ORIENTED_EDGE('',*,*,#3042,.F.);
#4173=ORIENTED_EDGE('',*,*,#3039,.F.);
#4174=ORIENTED_EDGE('',*,*,#3026,.F.);
#4175=ORIENTED_EDGE('',*,*,#3028,.F.);
#4176=ORIENTED_EDGE('',*,*,#3043,.F.);
#4177=ORIENTED_EDGE('',*,*,#3044,.F.);
#4178=ORIENTED_EDGE('',*,*,#2914,.T.);
#4179=ORIENTED_EDGE('',*,*,#3017,.F.);
#4180=ORIENTED_EDGE('',*,*,#3031,.F.);
#4181=ORIENTED_EDGE('',*,*,#3038,.F.);
#4182=ORIENTED_EDGE('',*,*,#3045,.T.);
#4183=ORIENTED_EDGE('',*,*,#3046,.T.);
#4184=ORIENTED_EDGE('',*,*,#3043,.T.);
#4185=ORIENTED_EDGE('',*,*,#3036,.F.);
#4186=ORIENTED_EDGE('',*,*,#2951,.F.);
#4187=ORIENTED_EDGE('',*,*,#3047,.F.);
#4188=ORIENTED_EDGE('',*,*,#3045,.F.);
#4189=ORIENTED_EDGE('',*,*,#2924,.T.);
#4190=ORIENTED_EDGE('',*,*,#2927,.T.);
#4191=ORIENTED_EDGE('',*,*,#2917,.T.);
#4192=ORIENTED_EDGE('',*,*,#2921,.T.);
#4193=ORIENTED_EDGE('',*,*,#3048,.F.);
#4194=ORIENTED_EDGE('',*,*,#3046,.F.);
#4195=ORIENTED_EDGE('',*,*,#3049,.F.);
#4196=ORIENTED_EDGE('',*,*,#3050,.T.);
#4197=ORIENTED_EDGE('',*,*,#2950,.T.);
#4198=ORIENTED_EDGE('',*,*,#3051,.F.);
#4199=ORIENTED_EDGE('',*,*,#3052,.T.);
#4200=ORIENTED_EDGE('',*,*,#3049,.T.);
#4201=ORIENTED_EDGE('',*,*,#3047,.T.);
#4202=ORIENTED_EDGE('',*,*,#2915,.T.);
#4203=ORIENTED_EDGE('',*,*,#3044,.T.);
#4204=ORIENTED_EDGE('',*,*,#3048,.T.);
#4205=ORIENTED_EDGE('',*,*,#3053,.T.);
#4206=ORIENTED_EDGE('',*,*,#3040,.F.);
#4207=ORIENTED_EDGE('',*,*,#3054,.F.);
#4208=ORIENTED_EDGE('',*,*,#3055,.T.);
#4209=ORIENTED_EDGE('',*,*,#3056,.F.);
#4210=ORIENTED_EDGE('',*,*,#2907,.T.);
#4211=ORIENTED_EDGE('',*,*,#3057,.T.);
#4212=ORIENTED_EDGE('',*,*,#3054,.T.);
#4213=ORIENTED_EDGE('',*,*,#3042,.T.);
#4214=ORIENTED_EDGE('',*,*,#2948,.T.);
#4215=ORIENTED_EDGE('',*,*,#3058,.T.);
#4216=ORIENTED_EDGE('',*,*,#3056,.T.);
#4217=ORIENTED_EDGE('',*,*,#3059,.T.);
#4218=ORIENTED_EDGE('',*,*,#3060,.T.);
#4219=ORIENTED_EDGE('',*,*,#3059,.F.);
#4220=ORIENTED_EDGE('',*,*,#3055,.F.);
#4221=ORIENTED_EDGE('',*,*,#3057,.F.);
#4222=ORIENTED_EDGE('',*,*,#2906,.F.);
#4223=ORIENTED_EDGE('',*,*,#3061,.F.);
#4224=ORIENTED_EDGE('',*,*,#2604,.F.);
#4225=ORIENTED_EDGE('',*,*,#3062,.T.);
#4226=ORIENTED_EDGE('',*,*,#2837,.F.);
#4227=ORIENTED_EDGE('',*,*,#3063,.T.);
#4228=ORIENTED_EDGE('',*,*,#3062,.F.);
#4229=ORIENTED_EDGE('',*,*,#2603,.F.);
#4230=ORIENTED_EDGE('',*,*,#3064,.T.);
#4231=ORIENTED_EDGE('',*,*,#3065,.T.);
#4232=ORIENTED_EDGE('',*,*,#2835,.T.);
#4233=ORIENTED_EDGE('',*,*,#3066,.T.);
#4234=ORIENTED_EDGE('',*,*,#3067,.T.);
#4235=ORIENTED_EDGE('',*,*,#3068,.T.);
#4236=ORIENTED_EDGE('',*,*,#3069,.T.);
#4237=ORIENTED_EDGE('',*,*,#3010,.F.);
#4238=ORIENTED_EDGE('',*,*,#3070,.T.);
#4239=ORIENTED_EDGE('',*,*,#3069,.F.);
#4240=ORIENTED_EDGE('',*,*,#3071,.T.);
#4241=ORIENTED_EDGE('',*,*,#3012,.F.);
#4242=ORIENTED_EDGE('',*,*,#3071,.F.);
#4243=ORIENTED_EDGE('',*,*,#3072,.F.);
#4244=ORIENTED_EDGE('',*,*,#3073,.F.);
#4245=ORIENTED_EDGE('',*,*,#3068,.F.);
#4246=ORIENTED_EDGE('',*,*,#3074,.T.);
#4247=ORIENTED_EDGE('',*,*,#3075,.F.);
#4248=ORIENTED_EDGE('',*,*,#3072,.T.);
#4249=ORIENTED_EDGE('',*,*,#3067,.F.);
#4250=ORIENTED_EDGE('',*,*,#3076,.F.);
#4251=ORIENTED_EDGE('',*,*,#3077,.F.);
#4252=ORIENTED_EDGE('',*,*,#3078,.F.);
#4253=ORIENTED_EDGE('',*,*,#3079,.F.);
#4254=ORIENTED_EDGE('',*,*,#3074,.F.);
#4255=ORIENTED_EDGE('',*,*,#3080,.T.);
#4256=ORIENTED_EDGE('',*,*,#3081,.T.);
#4257=ORIENTED_EDGE('',*,*,#3075,.T.);
#4258=ORIENTED_EDGE('',*,*,#3079,.T.);
#4259=ORIENTED_EDGE('',*,*,#3014,.F.);
#4260=ORIENTED_EDGE('',*,*,#3073,.T.);
#4261=ORIENTED_EDGE('',*,*,#3081,.F.);
#4262=ORIENTED_EDGE('',*,*,#3082,.T.);
#4263=ORIENTED_EDGE('',*,*,#3015,.F.);
#4264=ORIENTED_EDGE('',*,*,#3082,.F.);
#4265=ORIENTED_EDGE('',*,*,#3083,.F.);
#4266=ORIENTED_EDGE('',*,*,#3084,.F.);
#4267=ORIENTED_EDGE('',*,*,#3024,.F.);
#4268=ORIENTED_EDGE('',*,*,#3080,.F.);
#4269=ORIENTED_EDGE('',*,*,#3078,.T.);
#4270=ORIENTED_EDGE('',*,*,#3085,.F.);
#4271=ORIENTED_EDGE('',*,*,#3086,.T.);
#4272=ORIENTED_EDGE('',*,*,#3083,.T.);
#4273=ORIENTED_EDGE('',*,*,#3087,.T.);
#4274=ORIENTED_EDGE('',*,*,#3088,.T.);
#4275=ORIENTED_EDGE('',*,*,#3089,.T.);
#4276=ORIENTED_EDGE('',*,*,#3090,.T.);
#4277=ORIENTED_EDGE('',*,*,#3091,.T.);
#4278=ORIENTED_EDGE('',*,*,#3092,.T.);
#4279=ORIENTED_EDGE('',*,*,#3093,.T.);
#4280=ORIENTED_EDGE('',*,*,#3077,.T.);
#4281=ORIENTED_EDGE('',*,*,#3091,.F.);
#4282=ORIENTED_EDGE('',*,*,#3094,.T.);
#4283=ORIENTED_EDGE('',*,*,#3087,.F.);
#4284=ORIENTED_EDGE('',*,*,#3095,.T.);
#4285=ORIENTED_EDGE('',*,*,#3096,.T.);
#4286=ORIENTED_EDGE('',*,*,#3097,.T.);
#4287=ORIENTED_EDGE('',*,*,#3098,.T.);
#4288=ORIENTED_EDGE('',*,*,#3099,.T.);
#4289=ORIENTED_EDGE('',*,*,#3096,.F.);
#4290=ORIENTED_EDGE('',*,*,#3085,.T.);
#4291=ORIENTED_EDGE('',*,*,#3093,.F.);
#4292=ORIENTED_EDGE('',*,*,#3100,.T.);
#4293=ORIENTED_EDGE('',*,*,#3088,.F.);
#4294=ORIENTED_EDGE('',*,*,#3101,.T.);
#4295=ORIENTED_EDGE('',*,*,#3102,.T.);
#4296=ORIENTED_EDGE('',*,*,#3066,.F.);
#4297=ORIENTED_EDGE('',*,*,#3103,.T.);
#4298=ORIENTED_EDGE('',*,*,#3101,.F.);
#4299=ORIENTED_EDGE('',*,*,#3094,.F.);
#4300=ORIENTED_EDGE('',*,*,#3076,.T.);
#4301=ORIENTED_EDGE('',*,*,#3099,.F.);
#4302=ORIENTED_EDGE('',*,*,#3104,.T.);
#4303=ORIENTED_EDGE('',*,*,#3086,.F.);
#4304=ORIENTED_EDGE('',*,*,#3022,.F.);
#4305=ORIENTED_EDGE('',*,*,#2996,.T.);
#4306=ORIENTED_EDGE('',*,*,#3105,.F.);
#4307=ORIENTED_EDGE('',*,*,#3106,.T.);
#4308=ORIENTED_EDGE('',*,*,#3089,.F.);
#4309=ORIENTED_EDGE('',*,*,#3102,.F.);
#4310=ORIENTED_EDGE('',*,*,#3107,.T.);
#4311=ORIENTED_EDGE('',*,*,#3019,.F.);
#4312=ORIENTED_EDGE('',*,*,#3004,.F.);
#4313=ORIENTED_EDGE('',*,*,#3107,.F.);
#4314=ORIENTED_EDGE('',*,*,#3103,.F.);
#4315=ORIENTED_EDGE('',*,*,#3070,.F.);
#4316=ORIENTED_EDGE('',*,*,#3006,.F.);
#4317=ORIENTED_EDGE('',*,*,#3029,.F.);
#4318=ORIENTED_EDGE('',*,*,#3084,.T.);
#4319=ORIENTED_EDGE('',*,*,#3104,.F.);
#4320=ORIENTED_EDGE('',*,*,#3098,.F.);
#4321=ORIENTED_EDGE('',*,*,#3108,.T.);
#4322=ORIENTED_EDGE('',*,*,#3109,.F.);
#4323=ORIENTED_EDGE('',*,*,#2982,.T.);
#4324=ORIENTED_EDGE('',*,*,#3032,.F.);
#4325=ORIENTED_EDGE('',*,*,#3105,.T.);
#4326=ORIENTED_EDGE('',*,*,#2999,.F.);
#4327=ORIENTED_EDGE('',*,*,#2986,.T.);
#4328=ORIENTED_EDGE('',*,*,#3110,.T.);
#4329=ORIENTED_EDGE('',*,*,#2985,.T.);
#4330=ORIENTED_EDGE('',*,*,#3111,.T.);
#4331=ORIENTED_EDGE('',*,*,#3112,.T.);
#4332=ORIENTED_EDGE('',*,*,#3110,.F.);
#4333=ORIENTED_EDGE('',*,*,#2984,.T.);
#4334=ORIENTED_EDGE('',*,*,#2993,.F.);
#4335=ORIENTED_EDGE('',*,*,#3109,.T.);
#4336=ORIENTED_EDGE('',*,*,#3111,.F.);
#4337=ORIENTED_EDGE('',*,*,#3090,.F.);
#4338=ORIENTED_EDGE('',*,*,#3106,.F.);
#4339=ORIENTED_EDGE('',*,*,#3112,.F.);
#4340=ORIENTED_EDGE('',*,*,#3108,.F.);
#4341=ORIENTED_EDGE('',*,*,#3097,.F.);
#4342=ORIENTED_EDGE('',*,*,#3100,.F.);
#4343=ORIENTED_EDGE('',*,*,#3092,.F.);
#4344=ORIENTED_EDGE('',*,*,#3095,.F.);
#4345=ORIENTED_EDGE('',*,*,#2994,.T.);
#4346=ORIENTED_EDGE('',*,*,#2960,.F.);
#4347=ORIENTED_EDGE('',*,*,#2573,.T.);
#4348=ORIENTED_EDGE('',*,*,#3113,.F.);
#4349=ORIENTED_EDGE('',*,*,#3114,.T.);
#4350=ORIENTED_EDGE('',*,*,#3064,.F.);
#4351=ORIENTED_EDGE('',*,*,#2602,.T.);
#4352=ORIENTED_EDGE('',*,*,#2746,.T.);
#4353=ORIENTED_EDGE('',*,*,#3063,.F.);
#4354=ORIENTED_EDGE('',*,*,#2827,.T.);
#4355=ORIENTED_EDGE('',*,*,#3115,.T.);
#4356=ORIENTED_EDGE('',*,*,#3116,.T.);
#4357=ORIENTED_EDGE('',*,*,#2605,.F.);
#4358=ORIENTED_EDGE('',*,*,#3117,.T.);
#4359=ORIENTED_EDGE('',*,*,#3115,.F.);
#4360=ORIENTED_EDGE('',*,*,#2830,.F.);
#4361=ORIENTED_EDGE('',*,*,#3118,.F.);
#4362=ORIENTED_EDGE('',*,*,#3119,.T.);
#4363=ORIENTED_EDGE('',*,*,#3119,.F.);
#4364=ORIENTED_EDGE('',*,*,#3120,.F.);
#4365=ORIENTED_EDGE('',*,*,#2582,.T.);
#4366=ORIENTED_EDGE('',*,*,#3121,.T.);
#4367=ORIENTED_EDGE('',*,*,#2925,.T.);
#4368=ORIENTED_EDGE('',*,*,#2922,.T.);
#4369=ORIENTED_EDGE('',*,*,#2919,.T.);
#4370=ORIENTED_EDGE('',*,*,#2928,.T.);
#4371=ORIENTED_EDGE('',*,*,#3118,.T.);
#4372=ORIENTED_EDGE('',*,*,#2831,.T.);
#4373=ORIENTED_EDGE('',*,*,#2686,.F.);
#4374=ORIENTED_EDGE('',*,*,#2676,.F.);
#4375=ORIENTED_EDGE('',*,*,#2566,.T.);
#4376=ORIENTED_EDGE('',*,*,#2583,.T.);
#4377=ORIENTED_EDGE('',*,*,#3120,.T.);
#4378=ORIENTED_EDGE('',*,*,#3122,.T.);
#4379=ORIENTED_EDGE('',*,*,#3123,.T.);
#4380=ORIENTED_EDGE('',*,*,#2571,.T.);
#4381=ORIENTED_EDGE('',*,*,#2568,.T.);
#4382=ORIENTED_EDGE('',*,*,#2678,.T.);
#4383=ORIENTED_EDGE('',*,*,#2685,.F.);
#4384=ORIENTED_EDGE('',*,*,#2833,.F.);
#4385=ORIENTED_EDGE('',*,*,#3114,.F.);
#4386=ORIENTED_EDGE('',*,*,#3124,.T.);
#4387=ORIENTED_EDGE('',*,*,#3122,.F.);
#4388=ORIENTED_EDGE('',*,*,#2832,.F.);
#4389=ORIENTED_EDGE('',*,*,#3065,.F.);
#4390=ORIENTED_EDGE('',*,*,#3113,.T.);
#4391=ORIENTED_EDGE('',*,*,#2572,.T.);
#4392=ORIENTED_EDGE('',*,*,#3123,.F.);
#4393=ORIENTED_EDGE('',*,*,#3124,.F.);
#4394=ORIENTED_EDGE('',*,*,#2936,.T.);
#4395=ORIENTED_EDGE('',*,*,#2939,.T.);
#4396=ORIENTED_EDGE('',*,*,#2929,.T.);
#4397=ORIENTED_EDGE('',*,*,#2933,.T.);
#4398=ORIENTED_EDGE('',*,*,#2742,.T.);
#4399=ORIENTED_EDGE('',*,*,#2606,.F.);
#4400=ORIENTED_EDGE('',*,*,#3116,.F.);
#4401=ORIENTED_EDGE('',*,*,#3117,.F.);
#4402=ORIENTED_EDGE('',*,*,#3121,.F.);
#4403=ORIENTED_EDGE('',*,*,#2581,.F.);
#4404=ORIENTED_EDGE('',*,*,#2959,.F.);
#4405=ORIENTED_EDGE('',*,*,#2991,.T.);
#4406=ORIENTED_EDGE('',*,*,#3052,.F.);
#4407=ORIENTED_EDGE('',*,*,#3125,.F.);
#4408=ORIENTED_EDGE('',*,*,#2916,.F.);
#4409=ORIENTED_EDGE('',*,*,#3053,.F.);
#4410=ORIENTED_EDGE('',*,*,#3050,.F.);
#4411=ORIENTED_EDGE('',*,*,#2949,.T.);
#4412=ORIENTED_EDGE('',*,*,#3060,.F.);
#4413=ORIENTED_EDGE('',*,*,#3061,.T.);
#4414=ORIENTED_EDGE('',*,*,#2905,.T.);
#4415=ORIENTED_EDGE('',*,*,#3125,.T.);
#4416=ORIENTED_EDGE('',*,*,#3051,.T.);
#4417=ORIENTED_EDGE('',*,*,#3034,.F.);
#4418=ORIENTED_EDGE('',*,*,#3041,.F.);
#4419=ORIENTED_EDGE('',*,*,#3058,.F.);
#4420=ORIENTED_EDGE('',*,*,#2947,.F.);
#4421=ORIENTED_EDGE('',*,*,#2937,.T.);
#4422=ORIENTED_EDGE('',*,*,#2934,.T.);
#4423=ORIENTED_EDGE('',*,*,#2931,.T.);
#4424=ORIENTED_EDGE('',*,*,#2940,.T.);
#4425=ORIENTED_EDGE('',*,*,#3126,.F.);
#4426=ORIENTED_EDGE('',*,*,#3127,.T.);
#4427=ORIENTED_EDGE('',*,*,#2577,.F.);
#4428=ORIENTED_EDGE('',*,*,#2564,.F.);
#4429=ORIENTED_EDGE('',*,*,#3128,.F.);
#4430=ORIENTED_EDGE('',*,*,#3129,.T.);
#4431=ORIENTED_EDGE('',*,*,#3126,.T.);
#4432=ORIENTED_EDGE('',*,*,#2563,.F.);
#4433=ORIENTED_EDGE('',*,*,#3129,.F.);
#4434=ORIENTED_EDGE('',*,*,#3130,.T.);
#4435=ORIENTED_EDGE('',*,*,#2576,.F.);
#4436=ORIENTED_EDGE('',*,*,#2691,.F.);
#4437=ORIENTED_EDGE('',*,*,#2697,.F.);
#4438=ORIENTED_EDGE('',*,*,#2694,.F.);
#4439=ORIENTED_EDGE('',*,*,#2578,.F.);
#4440=ORIENTED_EDGE('',*,*,#3127,.F.);
#4441=ORIENTED_EDGE('',*,*,#2570,.F.);
#4442=ORIENTED_EDGE('',*,*,#3130,.F.);
#4443=ORIENTED_EDGE('',*,*,#3128,.T.);
#4444=ORIENTED_EDGE('',*,*,#2562,.F.);
#4445=ORIENTED_EDGE('',*,*,#3131,.F.);
#4446=ORIENTED_EDGE('',*,*,#3132,.F.);
#4447=ORIENTED_EDGE('',*,*,#3133,.F.);
#4448=ORIENTED_EDGE('',*,*,#3134,.T.);
#4449=ORIENTED_EDGE('',*,*,#3135,.F.);
#4450=ORIENTED_EDGE('',*,*,#3136,.F.);
#4451=ORIENTED_EDGE('',*,*,#3137,.F.);
#4452=ORIENTED_EDGE('',*,*,#3138,.T.);
#4453=ORIENTED_EDGE('',*,*,#3139,.F.);
#4454=ORIENTED_EDGE('',*,*,#3140,.F.);
#4455=ORIENTED_EDGE('',*,*,#3141,.F.);
#4456=ORIENTED_EDGE('',*,*,#3142,.F.);
#4457=ORIENTED_EDGE('',*,*,#3141,.T.);
#4458=ORIENTED_EDGE('',*,*,#3143,.F.);
#4459=ORIENTED_EDGE('',*,*,#3144,.F.);
#4460=ORIENTED_EDGE('',*,*,#3145,.F.);
#4461=ORIENTED_EDGE('',*,*,#3140,.T.);
#4462=ORIENTED_EDGE('',*,*,#3146,.T.);
#4463=ORIENTED_EDGE('',*,*,#3147,.F.);
#4464=ORIENTED_EDGE('',*,*,#3143,.T.);
#4465=ORIENTED_EDGE('',*,*,#3148,.F.);
#4466=ORIENTED_EDGE('',*,*,#3149,.T.);
#4467=ORIENTED_EDGE('',*,*,#3150,.F.);
#4468=ORIENTED_EDGE('',*,*,#3151,.F.);
#4469=ORIENTED_EDGE('',*,*,#3152,.F.);
#4470=ORIENTED_EDGE('',*,*,#3153,.F.);
#4471=ORIENTED_EDGE('',*,*,#3154,.F.);
#4472=ORIENTED_EDGE('',*,*,#3155,.F.);
#4473=ORIENTED_EDGE('',*,*,#3156,.T.);
#4474=ORIENTED_EDGE('',*,*,#3157,.T.);
#4475=ORIENTED_EDGE('',*,*,#3158,.T.);
#4476=ORIENTED_EDGE('',*,*,#3159,.T.);
#4477=ORIENTED_EDGE('',*,*,#3160,.T.);
#4478=ORIENTED_EDGE('',*,*,#3161,.T.);
#4479=ORIENTED_EDGE('',*,*,#3162,.T.);
#4480=ORIENTED_EDGE('',*,*,#3154,.T.);
#4481=ORIENTED_EDGE('',*,*,#3163,.F.);
#4482=ORIENTED_EDGE('',*,*,#3150,.T.);
#4483=ORIENTED_EDGE('',*,*,#3164,.T.);
#4484=ORIENTED_EDGE('',*,*,#3165,.T.);
#4485=ORIENTED_EDGE('',*,*,#3148,.T.);
#4486=ORIENTED_EDGE('',*,*,#3166,.F.);
#4487=ORIENTED_EDGE('',*,*,#3167,.F.);
#4488=ORIENTED_EDGE('',*,*,#3167,.T.);
#4489=ORIENTED_EDGE('',*,*,#3168,.F.);
#4490=ORIENTED_EDGE('',*,*,#3169,.T.);
#4491=ORIENTED_EDGE('',*,*,#3170,.T.);
#4492=ORIENTED_EDGE('',*,*,#3171,.T.);
#4493=ORIENTED_EDGE('',*,*,#3172,.T.);
#4494=ORIENTED_EDGE('',*,*,#3173,.T.);
#4495=ORIENTED_EDGE('',*,*,#3174,.T.);
#4496=ORIENTED_EDGE('',*,*,#3147,.T.);
#4497=ORIENTED_EDGE('',*,*,#3175,.T.);
#4498=ORIENTED_EDGE('',*,*,#3176,.T.);
#4499=ORIENTED_EDGE('',*,*,#3144,.T.);
#4500=ORIENTED_EDGE('',*,*,#3139,.T.);
#4501=ORIENTED_EDGE('',*,*,#3177,.T.);
#4502=ORIENTED_EDGE('',*,*,#3175,.F.);
#4503=ORIENTED_EDGE('',*,*,#3146,.F.);
#4504=ORIENTED_EDGE('',*,*,#3178,.F.);
#4505=ORIENTED_EDGE('',*,*,#3179,.T.);
#4506=ORIENTED_EDGE('',*,*,#3171,.F.);
#4507=ORIENTED_EDGE('',*,*,#3180,.T.);
#4508=ORIENTED_EDGE('',*,*,#3181,.F.);
#4509=ORIENTED_EDGE('',*,*,#3182,.T.);
#4510=ORIENTED_EDGE('',*,*,#3172,.F.);
#4511=ORIENTED_EDGE('',*,*,#3179,.F.);
#4512=ORIENTED_EDGE('',*,*,#3142,.T.);
#4513=ORIENTED_EDGE('',*,*,#3145,.T.);
#4514=ORIENTED_EDGE('',*,*,#3176,.F.);
#4515=ORIENTED_EDGE('',*,*,#3177,.F.);
#4516=ORIENTED_EDGE('',*,*,#3183,.F.);
#4517=ORIENTED_EDGE('',*,*,#3184,.T.);
#4518=ORIENTED_EDGE('',*,*,#3173,.F.);
#4519=ORIENTED_EDGE('',*,*,#3182,.F.);
#4520=ORIENTED_EDGE('',*,*,#3185,.F.);
#4521=ORIENTED_EDGE('',*,*,#3180,.F.);
#4522=ORIENTED_EDGE('',*,*,#3174,.F.);
#4523=ORIENTED_EDGE('',*,*,#3184,.F.);
#4524=ORIENTED_EDGE('',*,*,#3153,.T.);
#4525=ORIENTED_EDGE('',*,*,#3186,.T.);
#4526=ORIENTED_EDGE('',*,*,#3187,.T.);
#4527=ORIENTED_EDGE('',*,*,#3188,.T.);
#4528=ORIENTED_EDGE('',*,*,#3132,.T.);
#4529=ORIENTED_EDGE('',*,*,#3189,.T.);
#4530=ORIENTED_EDGE('',*,*,#3190,.T.);
#4531=ORIENTED_EDGE('',*,*,#3191,.T.);
#4532=ORIENTED_EDGE('',*,*,#3192,.T.);
#4533=ORIENTED_EDGE('',*,*,#3193,.T.);
#4534=ORIENTED_EDGE('',*,*,#3194,.T.);
#4535=ORIENTED_EDGE('',*,*,#3136,.T.);
#4536=ORIENTED_EDGE('',*,*,#3195,.T.);
#4537=ORIENTED_EDGE('',*,*,#3196,.T.);
#4538=ORIENTED_EDGE('',*,*,#3197,.T.);
#4539=ORIENTED_EDGE('',*,*,#3166,.T.);
#4540=ORIENTED_EDGE('',*,*,#3151,.T.);
#4541=ORIENTED_EDGE('',*,*,#3163,.T.);
#4542=ORIENTED_EDGE('',*,*,#3181,.T.);
#4543=ORIENTED_EDGE('',*,*,#3178,.T.);
#4544=ORIENTED_EDGE('',*,*,#3185,.T.);
#4545=ORIENTED_EDGE('',*,*,#3183,.T.);
#4546=ORIENTED_EDGE('',*,*,#3198,.F.);
#4547=ORIENTED_EDGE('',*,*,#3199,.F.);
#4548=ORIENTED_EDGE('',*,*,#3200,.F.);
#4549=ORIENTED_EDGE('',*,*,#3201,.T.);
#4550=ORIENTED_EDGE('',*,*,#3202,.T.);
#4551=ORIENTED_EDGE('',*,*,#3201,.F.);
#4552=ORIENTED_EDGE('',*,*,#3203,.F.);
#4553=ORIENTED_EDGE('',*,*,#3204,.F.);
#4554=ORIENTED_EDGE('',*,*,#3202,.F.);
#4555=ORIENTED_EDGE('',*,*,#3205,.F.);
#4556=ORIENTED_EDGE('',*,*,#3206,.T.);
#4557=ORIENTED_EDGE('',*,*,#3207,.T.);
#4558=ORIENTED_EDGE('',*,*,#3206,.F.);
#4559=ORIENTED_EDGE('',*,*,#3134,.F.);
#4560=ORIENTED_EDGE('',*,*,#3208,.F.);
#4561=ORIENTED_EDGE('',*,*,#3207,.F.);
#4562=ORIENTED_EDGE('',*,*,#3209,.F.);
#4563=ORIENTED_EDGE('',*,*,#3210,.T.);
#4564=ORIENTED_EDGE('',*,*,#3211,.T.);
#4565=ORIENTED_EDGE('',*,*,#3210,.F.);
#4566=ORIENTED_EDGE('',*,*,#3212,.F.);
#4567=ORIENTED_EDGE('',*,*,#3213,.F.);
#4568=ORIENTED_EDGE('',*,*,#3211,.F.);
#4569=ORIENTED_EDGE('',*,*,#3198,.T.);
#4570=ORIENTED_EDGE('',*,*,#3214,.T.);
#4571=ORIENTED_EDGE('',*,*,#3215,.T.);
#4572=ORIENTED_EDGE('',*,*,#3214,.F.);
#4573=ORIENTED_EDGE('',*,*,#3216,.F.);
#4574=ORIENTED_EDGE('',*,*,#3215,.F.);
#4575=ORIENTED_EDGE('',*,*,#3217,.F.);
#4576=ORIENTED_EDGE('',*,*,#3218,.T.);
#4577=ORIENTED_EDGE('',*,*,#3219,.T.);
#4578=ORIENTED_EDGE('',*,*,#3218,.F.);
#4579=ORIENTED_EDGE('',*,*,#3138,.F.);
#4580=ORIENTED_EDGE('',*,*,#3220,.F.);
#4581=ORIENTED_EDGE('',*,*,#3219,.F.);
#4582=ORIENTED_EDGE('',*,*,#3204,.T.);
#4583=ORIENTED_EDGE('',*,*,#3221,.T.);
#4584=ORIENTED_EDGE('',*,*,#3222,.F.);
#4585=ORIENTED_EDGE('',*,*,#3223,.F.);
#4586=ORIENTED_EDGE('',*,*,#3212,.T.);
#4587=ORIENTED_EDGE('',*,*,#3224,.T.);
#4588=ORIENTED_EDGE('',*,*,#3197,.F.);
#4589=ORIENTED_EDGE('',*,*,#3225,.F.);
#4590=ORIENTED_EDGE('',*,*,#3216,.T.);
#4591=ORIENTED_EDGE('',*,*,#3226,.T.);
#4592=ORIENTED_EDGE('',*,*,#3192,.F.);
#4593=ORIENTED_EDGE('',*,*,#3226,.F.);
#4594=ORIENTED_EDGE('',*,*,#3135,.T.);
#4595=ORIENTED_EDGE('',*,*,#3220,.T.);
#4596=ORIENTED_EDGE('',*,*,#3137,.T.);
#4597=ORIENTED_EDGE('',*,*,#3195,.F.);
#4598=ORIENTED_EDGE('',*,*,#3227,.T.);
#4599=ORIENTED_EDGE('',*,*,#3194,.F.);
#4600=ORIENTED_EDGE('',*,*,#3228,.T.);
#4601=ORIENTED_EDGE('',*,*,#3229,.T.);
#4602=ORIENTED_EDGE('',*,*,#3169,.F.);
#4603=ORIENTED_EDGE('',*,*,#3230,.F.);
#4604=ORIENTED_EDGE('',*,*,#3231,.F.);
#4605=ORIENTED_EDGE('',*,*,#3231,.T.);
#4606=ORIENTED_EDGE('',*,*,#3196,.F.);
#4607=ORIENTED_EDGE('',*,*,#3227,.F.);
#4608=ORIENTED_EDGE('',*,*,#3131,.T.);
#4609=ORIENTED_EDGE('',*,*,#3208,.T.);
#4610=ORIENTED_EDGE('',*,*,#3133,.T.);
#4611=ORIENTED_EDGE('',*,*,#3189,.F.);
#4612=ORIENTED_EDGE('',*,*,#3213,.T.);
#4613=ORIENTED_EDGE('',*,*,#3225,.T.);
#4614=ORIENTED_EDGE('',*,*,#3232,.F.);
#4615=ORIENTED_EDGE('',*,*,#3224,.F.);
#4616=ORIENTED_EDGE('',*,*,#3232,.T.);
#4617=ORIENTED_EDGE('',*,*,#3230,.T.);
#4618=ORIENTED_EDGE('',*,*,#3168,.T.);
#4619=ORIENTED_EDGE('',*,*,#3203,.T.);
#4620=ORIENTED_EDGE('',*,*,#3223,.T.);
#4621=ORIENTED_EDGE('',*,*,#3187,.F.);
#4622=ORIENTED_EDGE('',*,*,#3221,.F.);
#4623=ORIENTED_EDGE('',*,*,#3233,.T.);
#4624=ORIENTED_EDGE('',*,*,#3234,.F.);
#4625=ORIENTED_EDGE('',*,*,#3235,.T.);
#4626=ORIENTED_EDGE('',*,*,#3236,.T.);
#4627=ORIENTED_EDGE('',*,*,#3237,.F.);
#4628=ORIENTED_EDGE('',*,*,#3190,.F.);
#4629=ORIENTED_EDGE('',*,*,#3238,.F.);
#4630=ORIENTED_EDGE('',*,*,#3238,.T.);
#4631=ORIENTED_EDGE('',*,*,#3188,.F.);
#4632=ORIENTED_EDGE('',*,*,#3233,.F.);
#4633=ORIENTED_EDGE('',*,*,#3152,.T.);
#4634=ORIENTED_EDGE('',*,*,#3239,.T.);
#4635=ORIENTED_EDGE('',*,*,#3235,.F.);
#4636=ORIENTED_EDGE('',*,*,#3240,.F.);
#4637=ORIENTED_EDGE('',*,*,#3241,.F.);
#4638=ORIENTED_EDGE('',*,*,#3241,.T.);
#4639=ORIENTED_EDGE('',*,*,#3186,.F.);
#4640=ORIENTED_EDGE('',*,*,#3222,.T.);
#4641=ORIENTED_EDGE('',*,*,#3240,.T.);
#4642=ORIENTED_EDGE('',*,*,#3234,.T.);
#4643=ORIENTED_EDGE('',*,*,#3242,.F.);
#4644=ORIENTED_EDGE('',*,*,#3243,.T.);
#4645=ORIENTED_EDGE('',*,*,#3199,.T.);
#4646=ORIENTED_EDGE('',*,*,#3243,.F.);
#4647=ORIENTED_EDGE('',*,*,#3244,.T.);
#4648=ORIENTED_EDGE('',*,*,#3242,.T.);
#4649=ORIENTED_EDGE('',*,*,#3244,.F.);
#4650=ORIENTED_EDGE('',*,*,#3245,.T.);
#4651=ORIENTED_EDGE('',*,*,#3246,.F.);
#4652=ORIENTED_EDGE('',*,*,#3245,.F.);
#4653=ORIENTED_EDGE('',*,*,#3217,.T.);
#4654=ORIENTED_EDGE('',*,*,#3247,.F.);
#4655=ORIENTED_EDGE('',*,*,#3205,.T.);
#4656=ORIENTED_EDGE('',*,*,#3248,.F.);
#4657=ORIENTED_EDGE('',*,*,#3209,.T.);
#4658=ORIENTED_EDGE('',*,*,#3249,.F.);
#4659=ORIENTED_EDGE('',*,*,#3200,.T.);
#4660=ORIENTED_EDGE('',*,*,#3250,.F.);
#4661=ORIENTED_EDGE('',*,*,#3251,.F.);
#4662=ORIENTED_EDGE('',*,*,#3252,.T.);
#4663=ORIENTED_EDGE('',*,*,#3250,.T.);
#4664=ORIENTED_EDGE('',*,*,#3252,.F.);
#4665=ORIENTED_EDGE('',*,*,#3253,.F.);
#4666=ORIENTED_EDGE('',*,*,#3251,.T.);
#4667=ORIENTED_EDGE('',*,*,#3254,.F.);
#4668=ORIENTED_EDGE('',*,*,#3255,.T.);
#4669=ORIENTED_EDGE('',*,*,#3247,.T.);
#4670=ORIENTED_EDGE('',*,*,#3255,.F.);
#4671=ORIENTED_EDGE('',*,*,#3256,.F.);
#4672=ORIENTED_EDGE('',*,*,#3254,.T.);
#4673=ORIENTED_EDGE('',*,*,#3257,.F.);
#4674=ORIENTED_EDGE('',*,*,#3258,.T.);
#4675=ORIENTED_EDGE('',*,*,#3248,.T.);
#4676=ORIENTED_EDGE('',*,*,#3258,.F.);
#4677=ORIENTED_EDGE('',*,*,#3259,.F.);
#4678=ORIENTED_EDGE('',*,*,#3257,.T.);
#4679=ORIENTED_EDGE('',*,*,#3260,.F.);
#4680=ORIENTED_EDGE('',*,*,#3261,.T.);
#4681=ORIENTED_EDGE('',*,*,#3249,.T.);
#4682=ORIENTED_EDGE('',*,*,#3261,.F.);
#4683=ORIENTED_EDGE('',*,*,#3262,.F.);
#4684=ORIENTED_EDGE('',*,*,#3260,.T.);
#4685=ORIENTED_EDGE('',*,*,#3263,.F.);
#4686=ORIENTED_EDGE('',*,*,#3264,.F.);
#4687=ORIENTED_EDGE('',*,*,#3265,.F.);
#4688=ORIENTED_EDGE('',*,*,#3266,.F.);
#4689=ORIENTED_EDGE('',*,*,#3267,.F.);
#4690=ORIENTED_EDGE('',*,*,#3268,.F.);
#4691=ORIENTED_EDGE('',*,*,#3246,.T.);
#4692=ORIENTED_EDGE('',*,*,#3269,.T.);
#4693=ORIENTED_EDGE('',*,*,#3270,.T.);
#4694=ORIENTED_EDGE('',*,*,#3271,.T.);
#4695=ORIENTED_EDGE('',*,*,#3272,.T.);
#4696=ORIENTED_EDGE('',*,*,#3273,.T.);
#4697=ORIENTED_EDGE('',*,*,#3191,.F.);
#4698=ORIENTED_EDGE('',*,*,#3237,.T.);
#4699=ORIENTED_EDGE('',*,*,#3274,.T.);
#4700=ORIENTED_EDGE('',*,*,#3228,.F.);
#4701=ORIENTED_EDGE('',*,*,#3193,.F.);
#4702=ORIENTED_EDGE('',*,*,#3273,.F.);
#4703=ORIENTED_EDGE('',*,*,#3275,.T.);
#4704=ORIENTED_EDGE('',*,*,#3276,.T.);
#4705=ORIENTED_EDGE('',*,*,#3265,.T.);
#4706=ORIENTED_EDGE('',*,*,#3277,.T.);
#4707=ORIENTED_EDGE('',*,*,#3278,.F.);
#4708=ORIENTED_EDGE('',*,*,#3279,.F.);
#4709=ORIENTED_EDGE('',*,*,#3158,.F.);
#4710=ORIENTED_EDGE('',*,*,#3280,.T.);
#4711=ORIENTED_EDGE('',*,*,#3281,.F.);
#4712=ORIENTED_EDGE('',*,*,#3282,.F.);
#4713=ORIENTED_EDGE('',*,*,#3159,.F.);
#4714=ORIENTED_EDGE('',*,*,#3279,.T.);
#4715=ORIENTED_EDGE('',*,*,#3283,.F.);
#4716=ORIENTED_EDGE('',*,*,#3284,.F.);
#4717=ORIENTED_EDGE('',*,*,#3160,.F.);
#4718=ORIENTED_EDGE('',*,*,#3282,.T.);
#4719=ORIENTED_EDGE('',*,*,#3285,.T.);
#4720=ORIENTED_EDGE('',*,*,#3161,.F.);
#4721=ORIENTED_EDGE('',*,*,#3284,.T.);
#4722=ORIENTED_EDGE('',*,*,#3286,.F.);
#4723=ORIENTED_EDGE('',*,*,#3287,.F.);
#4724=ORIENTED_EDGE('',*,*,#3288,.F.);
#4725=ORIENTED_EDGE('',*,*,#3156,.F.);
#4726=ORIENTED_EDGE('',*,*,#3289,.T.);
#4727=ORIENTED_EDGE('',*,*,#3290,.F.);
#4728=ORIENTED_EDGE('',*,*,#3280,.F.);
#4729=ORIENTED_EDGE('',*,*,#3157,.F.);
#4730=ORIENTED_EDGE('',*,*,#3288,.T.);
#4731=ORIENTED_EDGE('',*,*,#3291,.T.);
#4732=ORIENTED_EDGE('',*,*,#3292,.T.);
#4733=ORIENTED_EDGE('',*,*,#3263,.T.);
#4734=ORIENTED_EDGE('',*,*,#3293,.T.);
#4735=ORIENTED_EDGE('',*,*,#3294,.T.);
#4736=ORIENTED_EDGE('',*,*,#3277,.F.);
#4737=ORIENTED_EDGE('',*,*,#3264,.T.);
#4738=ORIENTED_EDGE('',*,*,#3292,.F.);
#4739=ORIENTED_EDGE('',*,*,#3295,.T.);
#4740=ORIENTED_EDGE('',*,*,#3286,.T.);
#4741=ORIENTED_EDGE('',*,*,#3283,.T.);
#4742=ORIENTED_EDGE('',*,*,#3281,.T.);
#4743=ORIENTED_EDGE('',*,*,#3278,.T.);
#4744=ORIENTED_EDGE('',*,*,#3290,.T.);
#4745=ORIENTED_EDGE('',*,*,#3287,.T.);
#4746=ORIENTED_EDGE('',*,*,#3296,.T.);
#4747=ORIENTED_EDGE('',*,*,#3297,.T.);
#4748=ORIENTED_EDGE('',*,*,#3293,.F.);
#4749=ORIENTED_EDGE('',*,*,#3268,.T.);
#4750=ORIENTED_EDGE('',*,*,#3298,.T.);
#4751=ORIENTED_EDGE('',*,*,#3299,.T.);
#4752=ORIENTED_EDGE('',*,*,#3298,.F.);
#4753=ORIENTED_EDGE('',*,*,#3267,.T.);
#4754=ORIENTED_EDGE('',*,*,#3300,.T.);
#4755=ORIENTED_EDGE('',*,*,#3301,.T.);
#4756=ORIENTED_EDGE('',*,*,#3300,.F.);
#4757=ORIENTED_EDGE('',*,*,#3266,.T.);
#4758=ORIENTED_EDGE('',*,*,#3276,.F.);
#4759=ORIENTED_EDGE('',*,*,#3302,.T.);
#4760=ORIENTED_EDGE('',*,*,#3296,.F.);
#4761=ORIENTED_EDGE('',*,*,#3289,.F.);
#4762=ORIENTED_EDGE('',*,*,#3165,.F.);
#4763=ORIENTED_EDGE('',*,*,#3302,.F.);
#4764=ORIENTED_EDGE('',*,*,#3164,.F.);
#4765=ORIENTED_EDGE('',*,*,#3149,.F.);
#4766=ORIENTED_EDGE('',*,*,#3170,.F.);
#4767=ORIENTED_EDGE('',*,*,#3229,.F.);
#4768=ORIENTED_EDGE('',*,*,#3274,.F.);
#4769=ORIENTED_EDGE('',*,*,#3236,.F.);
#4770=ORIENTED_EDGE('',*,*,#3239,.F.);
#4771=ORIENTED_EDGE('',*,*,#3155,.T.);
#4772=ORIENTED_EDGE('',*,*,#3162,.F.);
#4773=ORIENTED_EDGE('',*,*,#3285,.F.);
#4774=ORIENTED_EDGE('',*,*,#3295,.F.);
#4775=ORIENTED_EDGE('',*,*,#3291,.F.);
#4776=ORIENTED_EDGE('',*,*,#3297,.F.);
#4777=ORIENTED_EDGE('',*,*,#3299,.F.);
#4778=ORIENTED_EDGE('',*,*,#3301,.F.);
#4779=ORIENTED_EDGE('',*,*,#3275,.F.);
#4780=ORIENTED_EDGE('',*,*,#3294,.F.);
#4781=ORIENTED_EDGE('',*,*,#3270,.F.);
#4782=ORIENTED_EDGE('',*,*,#3303,.T.);
#4783=ORIENTED_EDGE('',*,*,#3262,.T.);
#4784=ORIENTED_EDGE('',*,*,#3303,.F.);
#4785=ORIENTED_EDGE('',*,*,#3271,.F.);
#4786=ORIENTED_EDGE('',*,*,#3304,.T.);
#4787=ORIENTED_EDGE('',*,*,#3259,.T.);
#4788=ORIENTED_EDGE('',*,*,#3304,.F.);
#4789=ORIENTED_EDGE('',*,*,#3272,.F.);
#4790=ORIENTED_EDGE('',*,*,#3305,.T.);
#4791=ORIENTED_EDGE('',*,*,#3256,.T.);
#4792=ORIENTED_EDGE('',*,*,#3305,.F.);
#4793=ORIENTED_EDGE('',*,*,#3269,.F.);
#4794=ORIENTED_EDGE('',*,*,#3306,.T.);
#4795=ORIENTED_EDGE('',*,*,#3253,.T.);
#4796=ORIENTED_EDGE('',*,*,#3306,.F.);
#4797=PLANE('',#5304);
#4798=PLANE('',#5305);
#4799=PLANE('',#5306);
#4800=PLANE('',#5310);
#4801=PLANE('',#5314);
#4802=PLANE('',#5315);
#4803=PLANE('',#5318);
#4804=PLANE('',#5320);
#4805=PLANE('',#5321);
#4806=PLANE('',#5326);
#4807=PLANE('',#5329);
#4808=PLANE('',#5330);
#4809=PLANE('',#5333);
#4810=PLANE('',#5334);
#4811=PLANE('',#5338);
#4812=PLANE('',#5339);
#4813=PLANE('',#5340);
#4814=PLANE('',#5341);
#4815=PLANE('',#5342);
#4816=PLANE('',#5343);
#4817=PLANE('',#5344);
#4818=PLANE('',#5348);
#4819=PLANE('',#5349);
#4820=PLANE('',#5350);
#4821=PLANE('',#5351);
#4822=PLANE('',#5352);
#4823=PLANE('',#5353);
#4824=PLANE('',#5354);
#4825=PLANE('',#5355);
#4826=PLANE('',#5356);
#4827=PLANE('',#5357);
#4828=PLANE('',#5358);
#4829=PLANE('',#5359);
#4830=PLANE('',#5362);
#4831=PLANE('',#5363);
#4832=PLANE('',#5364);
#4833=PLANE('',#5365);
#4834=PLANE('',#5366);
#4835=PLANE('',#5367);
#4836=PLANE('',#5368);
#4837=PLANE('',#5369);
#4838=PLANE('',#5370);
#4839=PLANE('',#5371);
#4840=PLANE('',#5372);
#4841=PLANE('',#5373);
#4842=PLANE('',#5374);
#4843=PLANE('',#5375);
#4844=PLANE('',#5376);
#4845=PLANE('',#5377);
#4846=PLANE('',#5378);
#4847=PLANE('',#5379);
#4848=PLANE('',#5380);
#4849=PLANE('',#5381);
#4850=PLANE('',#5382);
#4851=PLANE('',#5383);
#4852=PLANE('',#5384);
#4853=PLANE('',#5385);
#4854=PLANE('',#5386);
#4855=PLANE('',#5387);
#4856=PLANE('',#5388);
#4857=PLANE('',#5389);
#4858=PLANE('',#5390);
#4859=PLANE('',#5391);
#4860=PLANE('',#5392);
#4861=PLANE('',#5393);
#4862=PLANE('',#5394);
#4863=PLANE('',#5395);
#4864=PLANE('',#5396);
#4865=PLANE('',#5397);
#4866=PLANE('',#5398);
#4867=PLANE('',#5399);
#4868=PLANE('',#5400);
#4869=PLANE('',#5401);
#4870=PLANE('',#5402);
#4871=PLANE('',#5403);
#4872=PLANE('',#5404);
#4873=PLANE('',#5405);
#4874=PLANE('',#5406);
#4875=PLANE('',#5407);
#4876=PLANE('',#5408);
#4877=PLANE('',#5409);
#4878=PLANE('',#5411);
#4879=PLANE('',#5412);
#4880=PLANE('',#5413);
#4881=PLANE('',#5414);
#4882=PLANE('',#5415);
#4883=PLANE('',#5416);
#4884=PLANE('',#5417);
#4885=PLANE('',#5418);
#4886=PLANE('',#5419);
#4887=PLANE('',#5420);
#4888=PLANE('',#5421);
#4889=PLANE('',#5422);
#4890=PLANE('',#5423);
#4891=PLANE('',#5424);
#4892=PLANE('',#5425);
#4893=PLANE('',#5426);
#4894=PLANE('',#5427);
#4895=PLANE('',#5428);
#4896=PLANE('',#5429);
#4897=PLANE('',#5430);
#4898=PLANE('',#5431);
#4899=PLANE('',#5432);
#4900=PLANE('',#5433);
#4901=PLANE('',#5434);
#4902=PLANE('',#5435);
#4903=PLANE('',#5436);
#4904=PLANE('',#5437);
#4905=PLANE('',#5438);
#4906=PLANE('',#5439);
#4907=PLANE('',#5440);
#4908=PLANE('',#5441);
#4909=PLANE('',#5442);
#4910=PLANE('',#5443);
#4911=PLANE('',#5444);
#4912=PLANE('',#5445);
#4913=PLANE('',#5450);
#4914=PLANE('',#5454);
#4915=PLANE('',#5458);
#4916=PLANE('',#5462);
#4917=PLANE('',#5469);
#4918=PLANE('',#5470);
#4919=PLANE('',#5475);
#4920=PLANE('',#5484);
#4921=PLANE('',#5487);
#4922=PLANE('',#5490);
#4923=PLANE('',#5493);
#4924=PLANE('',#5494);
#4925=PLANE('',#5496);
#4926=PLANE('',#5501);
#4927=PLANE('',#5502);
#4928=PLANE('',#5505);
#4929=PLANE('',#5506);
#4930=PLANE('',#5512);
#4931=PLANE('',#5548);
#4932=PLANE('',#5549);
#4933=PLANE('',#5552);
#4934=PLANE('',#5567);
#4935=PLANE('',#5569);
#4936=PLANE('',#5576);
#4937=PLANE('',#5579);
#4938=PLANE('',#5585);
#4939=PLANE('',#5605);
#4940=PLANE('',#5611);
#4941=PLANE('',#5612);
#4942=PLANE('',#5613);
#4943=PLANE('',#5614);
#4944=PLANE('',#5615);
#4945=PLANE('',#5616);
#4946=PLANE('',#5617);
#4947=PLANE('',#5618);
#4948=PLANE('',#5619);
#4949=PLANE('',#5620);
#4950=PLANE('',#5621);
#4951=PLANE('',#5622);
#4952=PLANE('',#5623);
#4953=PLANE('',#5624);
#4954=PLANE('',#5625);
#4955=PLANE('',#5626);
#4956=PLANE('',#5627);
#4957=PLANE('',#5634);
#4958=PLANE('',#5635);
#4959=PLANE('',#5636);
#4960=PLANE('',#5637);
#4961=PLANE('',#5638);
#4962=PLANE('',#5639);
#4963=PLANE('',#5644);
#4964=PLANE('',#5645);
#4965=PLANE('',#5646);
#4966=PLANE('',#5647);
#4967=PLANE('',#5648);
#4968=PLANE('',#5649);
#4969=PLANE('',#5650);
#4970=PLANE('',#5651);
#4971=PLANE('',#5652);
#4972=PLANE('',#5658);
#4973=PLANE('',#5664);
#4974=PLANE('',#5670);
#4975=PLANE('',#5675);
#4976=PLANE('',#5680);
#4977=PLANE('',#5685);
#4978=PLANE('',#5692);
#4979=PLANE('',#5696);
#4980=PLANE('',#5698);
#4981=PLANE('',#5699);
#4982=PLANE('',#5700);
#4983=PLANE('',#5703);
#4984=PLANE('',#5707);
#4985=PLANE('',#5709);
#4986=PLANE('',#5711);
#4987=PLANE('',#5713);
#4988=PLANE('',#5717);
#4989=PLANE('',#5721);
#4990=PLANE('',#5725);
#4991=PLANE('',#5729);
#4992=PLANE('',#5731);
#4993=PLANE('',#5738);
#4994=PLANE('',#5741);
#4995=PLANE('',#5744);
#4996=PLANE('',#5747);
#4997=PLANE('',#5752);
#4998=PLANE('',#5754);
#4999=PLANE('',#5755);
#5000=PLANE('',#5756);
#5001=PLANE('',#5758);
#5002=ADVANCED_FACE('',(#335),#4797,.T.);
#5003=ADVANCED_FACE('',(#336),#4798,.F.);
#5004=ADVANCED_FACE('',(#337),#4799,.F.);
#5005=ADVANCED_FACE('',(#338),#262,.T.);
#5006=ADVANCED_FACE('',(#339),#4800,.T.);
#5007=ADVANCED_FACE('',(#340),#263,.T.);
#5008=ADVANCED_FACE('',(#341),#4801,.T.);
#5009=ADVANCED_FACE('',(#342,#76,#77),#4802,.T.);
#5010=ADVANCED_FACE('',(#343),#4803,.T.);
#5011=ADVANCED_FACE('',(#344),#4804,.T.);
#5012=ADVANCED_FACE('',(#345),#4805,.F.);
#5013=ADVANCED_FACE('',(#346),#264,.T.);
#5014=ADVANCED_FACE('',(#347),#4806,.T.);
#5015=ADVANCED_FACE('',(#348),#265,.T.);
#5016=ADVANCED_FACE('',(#349),#4807,.T.);
#5017=ADVANCED_FACE('',(#350,#78,#79),#4808,.T.);
#5018=ADVANCED_FACE('',(#351,#80),#4809,.T.);
#5019=ADVANCED_FACE('',(#352,#81,#82),#4810,.T.);
#5020=ADVANCED_FACE('',(#353),#4811,.T.);
#5021=ADVANCED_FACE('',(#354),#4812,.T.);
#5022=ADVANCED_FACE('',(#355),#4813,.T.);
#5023=ADVANCED_FACE('',(#356),#4814,.F.);
#5024=ADVANCED_FACE('',(#357),#4815,.F.);
#5025=ADVANCED_FACE('',(#358),#4816,.F.);
#5026=ADVANCED_FACE('',(#359),#4817,.F.);
#5027=ADVANCED_FACE('',(#360),#266,.F.);
#5028=ADVANCED_FACE('',(#361),#4818,.F.);
#5029=ADVANCED_FACE('',(#362),#4819,.T.);
#5030=ADVANCED_FACE('',(#363),#4820,.T.);
#5031=ADVANCED_FACE('',(#364),#4821,.T.);
#5032=ADVANCED_FACE('',(#365),#4822,.T.);
#5033=ADVANCED_FACE('',(#366),#4823,.T.);
#5034=ADVANCED_FACE('',(#367),#4824,.T.);
#5035=ADVANCED_FACE('',(#368),#4825,.T.);
#5036=ADVANCED_FACE('',(#369),#4826,.T.);
#5037=ADVANCED_FACE('',(#370),#4827,.T.);
#5038=ADVANCED_FACE('',(#371),#4828,.T.);
#5039=ADVANCED_FACE('',(#372),#4829,.T.);
#5040=ADVANCED_FACE('',(#373),#267,.F.);
#5041=ADVANCED_FACE('',(#374),#268,.F.);
#5042=ADVANCED_FACE('',(#375),#4830,.T.);
#5043=ADVANCED_FACE('',(#376),#4831,.T.);
#5044=ADVANCED_FACE('',(#377),#4832,.T.);
#5045=ADVANCED_FACE('',(#378),#4833,.T.);
#5046=ADVANCED_FACE('',(#379),#4834,.F.);
#5047=ADVANCED_FACE('',(#380),#4835,.F.);
#5048=ADVANCED_FACE('',(#381),#4836,.F.);
#5049=ADVANCED_FACE('',(#382),#4837,.T.);
#5050=ADVANCED_FACE('',(#383),#4838,.T.);
#5051=ADVANCED_FACE('',(#384),#4839,.T.);
#5052=ADVANCED_FACE('',(#385),#4840,.T.);
#5053=ADVANCED_FACE('',(#386),#4841,.T.);
#5054=ADVANCED_FACE('',(#387),#4842,.T.);
#5055=ADVANCED_FACE('',(#388),#4843,.T.);
#5056=ADVANCED_FACE('',(#389),#4844,.T.);
#5057=ADVANCED_FACE('',(#390),#4845,.T.);
#5058=ADVANCED_FACE('',(#391),#4846,.T.);
#5059=ADVANCED_FACE('',(#392),#4847,.T.);
#5060=ADVANCED_FACE('',(#393),#4848,.T.);
#5061=ADVANCED_FACE('',(#394),#4849,.T.);
#5062=ADVANCED_FACE('',(#395),#4850,.T.);
#5063=ADVANCED_FACE('',(#396),#4851,.T.);
#5064=ADVANCED_FACE('',(#397),#4852,.T.);
#5065=ADVANCED_FACE('',(#398),#4853,.T.);
#5066=ADVANCED_FACE('',(#399),#4854,.T.);
#5067=ADVANCED_FACE('',(#400),#4855,.T.);
#5068=ADVANCED_FACE('',(#401),#4856,.T.);
#5069=ADVANCED_FACE('',(#402),#4857,.T.);
#5070=ADVANCED_FACE('',(#403),#4858,.T.);
#5071=ADVANCED_FACE('',(#404),#4859,.T.);
#5072=ADVANCED_FACE('',(#405),#4860,.T.);
#5073=ADVANCED_FACE('',(#406),#4861,.T.);
#5074=ADVANCED_FACE('',(#407),#4862,.T.);
#5075=ADVANCED_FACE('',(#408),#4863,.T.);
#5076=ADVANCED_FACE('',(#409),#4864,.T.);
#5077=ADVANCED_FACE('',(#410),#4865,.T.);
#5078=ADVANCED_FACE('',(#411),#4866,.T.);
#5079=ADVANCED_FACE('',(#412),#4867,.T.);
#5080=ADVANCED_FACE('',(#413),#4868,.T.);
#5081=ADVANCED_FACE('',(#414),#4869,.T.);
#5082=ADVANCED_FACE('',(#415),#4870,.T.);
#5083=ADVANCED_FACE('',(#416),#4871,.T.);
#5084=ADVANCED_FACE('',(#417),#4872,.T.);
#5085=ADVANCED_FACE('',(#418),#4873,.T.);
#5086=ADVANCED_FACE('',(#419),#4874,.T.);
#5087=ADVANCED_FACE('',(#420),#4875,.T.);
#5088=ADVANCED_FACE('',(#421),#4876,.T.);
#5089=ADVANCED_FACE('',(#422),#4877,.T.);
#5090=ADVANCED_FACE('',(#423),#49,.F.);
#5091=ADVANCED_FACE('',(#424),#4878,.F.);
#5092=ADVANCED_FACE('',(#425),#4879,.F.);
#5093=ADVANCED_FACE('',(#426),#4880,.F.);
#5094=ADVANCED_FACE('',(#427),#4881,.F.);
#5095=ADVANCED_FACE('',(#428),#4882,.F.);
#5096=ADVANCED_FACE('',(#429),#4883,.F.);
#5097=ADVANCED_FACE('',(#430),#4884,.F.);
#5098=ADVANCED_FACE('',(#431),#4885,.F.);
#5099=ADVANCED_FACE('',(#432),#4886,.F.);
#5100=ADVANCED_FACE('',(#433),#4887,.F.);
#5101=ADVANCED_FACE('',(#434),#4888,.F.);
#5102=ADVANCED_FACE('',(#435),#4889,.F.);
#5103=ADVANCED_FACE('',(#436),#4890,.F.);
#5104=ADVANCED_FACE('',(#437),#4891,.F.);
#5105=ADVANCED_FACE('',(#438),#4892,.F.);
#5106=ADVANCED_FACE('',(#439),#4893,.F.);
#5107=ADVANCED_FACE('',(#440),#4894,.F.);
#5108=ADVANCED_FACE('',(#441),#4895,.F.);
#5109=ADVANCED_FACE('',(#442),#4896,.F.);
#5110=ADVANCED_FACE('',(#443),#4897,.F.);
#5111=ADVANCED_FACE('',(#444),#4898,.F.);
#5112=ADVANCED_FACE('',(#445),#4899,.F.);
#5113=ADVANCED_FACE('',(#446),#4900,.F.);
#5114=ADVANCED_FACE('',(#447),#4901,.F.);
#5115=ADVANCED_FACE('',(#448),#4902,.F.);
#5116=ADVANCED_FACE('',(#449),#4903,.F.);
#5117=ADVANCED_FACE('',(#450),#4904,.F.);
#5118=ADVANCED_FACE('',(#451),#4905,.F.);
#5119=ADVANCED_FACE('',(#452),#4906,.F.);
#5120=ADVANCED_FACE('',(#453),#4907,.F.);
#5121=ADVANCED_FACE('',(#454),#4908,.F.);
#5122=ADVANCED_FACE('',(#455),#4909,.F.);
#5123=ADVANCED_FACE('',(#456),#4910,.F.);
#5124=ADVANCED_FACE('',(#457),#4911,.F.);
#5125=ADVANCED_FACE('',(#458,#83),#4912,.F.);
#5126=ADVANCED_FACE('',(#459),#4913,.F.);
#5127=ADVANCED_FACE('',(#460),#269,.F.);
#5128=ADVANCED_FACE('',(#461),#4914,.F.);
#5129=ADVANCED_FACE('',(#462),#270,.F.);
#5130=ADVANCED_FACE('',(#463),#4915,.F.);
#5131=ADVANCED_FACE('',(#464),#271,.F.);
#5132=ADVANCED_FACE('',(#465),#4916,.F.);
#5133=ADVANCED_FACE('',(#466),#272,.F.);
#5134=ADVANCED_FACE('',(#467),#273,.F.);
#5135=ADVANCED_FACE('',(#468),#4917,.F.);
#5136=ADVANCED_FACE('',(#469),#4918,.T.);
#5137=ADVANCED_FACE('',(#470,#84,#85,#86,#87,#88),#4919,.F.);
#5138=ADVANCED_FACE('',(#471),#274,.F.);
#5139=ADVANCED_FACE('',(#472),#4920,.F.);
#5140=ADVANCED_FACE('',(#473),#275,.F.);
#5141=ADVANCED_FACE('',(#474),#4921,.F.);
#5142=ADVANCED_FACE('',(#475),#276,.F.);
#5143=ADVANCED_FACE('',(#476),#4922,.F.);
#5144=ADVANCED_FACE('',(#477),#277,.F.);
#5145=ADVANCED_FACE('',(#478),#4923,.F.);
#5146=ADVANCED_FACE('',(#479),#4924,.T.);
#5147=ADVANCED_FACE('',(#480),#4925,.T.);
#5148=ADVANCED_FACE('',(#481),#4926,.T.);
#5149=ADVANCED_FACE('',(#482,#89,#90),#4927,.T.);
#5150=ADVANCED_FACE('',(#483),#278,.T.);
#5151=ADVANCED_FACE('',(#484),#4928,.T.);
#5152=ADVANCED_FACE('',(#485),#4929,.T.);
#5153=ADVANCED_FACE('',(#486),#279,.T.);
#5154=ADVANCED_FACE('',(#487),#280,.F.);
#5155=ADVANCED_FACE('',(#488),#281,.F.);
#5156=ADVANCED_FACE('',(#489),#4930,.F.);
#5157=ADVANCED_FACE('',(#490),#282,.T.);
#5158=ADVANCED_FACE('',(#491),#283,.T.);
#5159=ADVANCED_FACE('',(#492),#39,.F.);
#5160=ADVANCED_FACE('',(#493),#284,.T.);
#5161=ADVANCED_FACE('',(#494),#40,.F.);
#5162=ADVANCED_FACE('',(#495),#285,.T.);
#5163=ADVANCED_FACE('',(#496),#41,.F.);
#5164=ADVANCED_FACE('',(#497),#42,.F.);
#5165=ADVANCED_FACE('',(#498),#286,.T.);
#5166=ADVANCED_FACE('',(#499),#43,.F.);
#5167=ADVANCED_FACE('',(#500),#44,.F.);
#5168=ADVANCED_FACE('',(#501),#287,.T.);
#5169=ADVANCED_FACE('',(#502),#17,.T.);
#5170=ADVANCED_FACE('',(#503),#288,.T.);
#5171=ADVANCED_FACE('',(#504),#18,.T.);
#5172=ADVANCED_FACE('',(#505),#289,.F.);
#5173=ADVANCED_FACE('',(#506),#4931,.F.);
#5174=ADVANCED_FACE('',(#507),#4932,.F.);
#5175=ADVANCED_FACE('',(#508),#290,.F.);
#5176=ADVANCED_FACE('',(#509,#91),#4933,.F.);
#5177=ADVANCED_FACE('',(#510),#19,.T.);
#5178=ADVANCED_FACE('',(#511),#291,.T.);
#5179=ADVANCED_FACE('',(#512),#292,.T.);
#5180=ADVANCED_FACE('',(#513),#20,.T.);
#5181=ADVANCED_FACE('',(#514),#293,.T.);
#5182=ADVANCED_FACE('',(#515),#294,.T.);
#5183=ADVANCED_FACE('',(#516),#4934,.F.);
#5184=ADVANCED_FACE('',(#517),#295,.F.);
#5185=ADVANCED_FACE('',(#518),#4935,.T.);
#5186=ADVANCED_FACE('',(#519),#21,.T.);
#5187=ADVANCED_FACE('',(#520),#296,.T.);
#5188=ADVANCED_FACE('',(#521),#4936,.T.);
#5189=ADVANCED_FACE('',(#522),#297,.T.);
#5190=ADVANCED_FACE('',(#523),#4937,.F.);
#5191=ADVANCED_FACE('',(#524),#22,.T.);
#5192=ADVANCED_FACE('',(#525),#298,.T.);
#5193=ADVANCED_FACE('',(#526),#4938,.F.);
#5194=ADVANCED_FACE('',(#527),#299,.T.);
#5195=ADVANCED_FACE('',(#528),#45,.T.);
#5196=ADVANCED_FACE('',(#529),#300,.F.);
#5197=ADVANCED_FACE('',(#530),#46,.T.);
#5198=ADVANCED_FACE('',(#531),#47,.T.);
#5199=ADVANCED_FACE('',(#532),#48,.T.);
#5200=ADVANCED_FACE('',(#533),#23,.T.);
#5201=ADVANCED_FACE('',(#534),#301,.T.);
#5202=ADVANCED_FACE('',(#535),#24,.T.);
#5203=ADVANCED_FACE('',(#536),#302,.T.);
#5204=ADVANCED_FACE('',(#537),#4939,.F.);
#5205=ADVANCED_FACE('',(#538),#303,.T.);
#5206=ADVANCED_FACE('',(#539),#25,.T.);
#5207=ADVANCED_FACE('',(#540),#304,.T.);
#5208=ADVANCED_FACE('',(#541),#26,.T.);
#5209=ADVANCED_FACE('',(#542),#4940,.F.);
#5210=ADVANCED_FACE('',(#543),#4941,.F.);
#5211=ADVANCED_FACE('',(#544),#4942,.T.);
#5212=ADVANCED_FACE('',(#545),#4943,.T.);
#5213=ADVANCED_FACE('',(#546,#92),#4944,.T.);
#5214=ADVANCED_FACE('',(#547),#4945,.T.);
#5215=ADVANCED_FACE('',(#548),#4946,.T.);
#5216=ADVANCED_FACE('',(#549),#4947,.T.);
#5217=ADVANCED_FACE('',(#550,#93),#4948,.T.);
#5218=ADVANCED_FACE('',(#551),#4949,.F.);
#5219=ADVANCED_FACE('',(#552),#4950,.F.);
#5220=ADVANCED_FACE('',(#553),#4951,.F.);
#5221=ADVANCED_FACE('',(#554,#94),#4952,.F.);
#5222=ADVANCED_FACE('',(#555),#4953,.T.);
#5223=ADVANCED_FACE('',(#556),#4954,.T.);
#5224=ADVANCED_FACE('',(#557),#4955,.T.);
#5225=ADVANCED_FACE('',(#558),#4956,.T.);
#5226=ADVANCED_FACE('',(#559),#305,.T.);
#5227=ADVANCED_FACE('',(#560),#306,.T.);
#5228=ADVANCED_FACE('',(#561),#4957,.T.);
#5229=ADVANCED_FACE('',(#562),#4958,.T.);
#5230=ADVANCED_FACE('',(#563),#4959,.T.);
#5231=ADVANCED_FACE('',(#564),#4960,.T.);
#5232=ADVANCED_FACE('',(#565),#4961,.T.);
#5233=ADVANCED_FACE('',(#566),#4962,.T.);
#5234=ADVANCED_FACE('',(#567),#4963,.F.);
#5235=ADVANCED_FACE('',(#568,#95),#4964,.T.);
#5236=ADVANCED_FACE('',(#569),#4965,.T.);
#5237=ADVANCED_FACE('',(#570),#4966,.T.);
#5238=ADVANCED_FACE('',(#571),#4967,.T.);
#5239=ADVANCED_FACE('',(#572),#4968,.T.);
#5240=ADVANCED_FACE('',(#573),#4969,.T.);
#5241=ADVANCED_FACE('',(#574),#4970,.T.);
#5242=ADVANCED_FACE('',(#575,#96),#4971,.T.);
#5243=ADVANCED_FACE('',(#576,#97),#4972,.T.);
#5244=ADVANCED_FACE('',(#577),#307,.T.);
#5245=ADVANCED_FACE('',(#578,#98),#4973,.T.);
#5246=ADVANCED_FACE('',(#579),#308,.T.);
#5247=ADVANCED_FACE('',(#580,#99),#4974,.T.);
#5248=ADVANCED_FACE('',(#581),#309,.T.);
#5249=ADVANCED_FACE('',(#582,#100),#4975,.T.);
#5250=ADVANCED_FACE('',(#583),#310,.T.);
#5251=ADVANCED_FACE('',(#584,#101),#4976,.T.);
#5252=ADVANCED_FACE('',(#585),#311,.T.);
#5253=ADVANCED_FACE('',(#586,#102),#4977,.T.);
#5254=ADVANCED_FACE('',(#587),#312,.T.);
#5255=ADVANCED_FACE('',(#588),#313,.T.);
#5256=ADVANCED_FACE('',(#589),#314,.T.);
#5257=ADVANCED_FACE('',(#590),#315,.T.);
#5258=ADVANCED_FACE('',(#591),#4978,.F.);
#5259=ADVANCED_FACE('',(#592),#316,.T.);
#5260=ADVANCED_FACE('',(#593),#317,.T.);
#5261=ADVANCED_FACE('',(#594),#4979,.T.);
#5262=ADVANCED_FACE('',(#595),#318,.T.);
#5263=ADVANCED_FACE('',(#596),#4980,.F.);
#5264=ADVANCED_FACE('',(#597),#4981,.F.);
#5265=ADVANCED_FACE('',(#598),#4982,.T.);
#5266=ADVANCED_FACE('',(#599),#319,.F.);
#5267=ADVANCED_FACE('',(#600,#103),#4983,.F.);
#5268=ADVANCED_FACE('',(#601),#320,.F.);
#5269=ADVANCED_FACE('',(#602,#104),#4984,.T.);
#5270=ADVANCED_FACE('',(#603,#105),#4985,.T.);
#5271=ADVANCED_FACE('',(#604,#106),#4986,.T.);
#5272=ADVANCED_FACE('',(#605,#107),#4987,.T.);
#5273=ADVANCED_FACE('',(#606),#321,.F.);
#5274=ADVANCED_FACE('',(#607,#108),#4988,.F.);
#5275=ADVANCED_FACE('',(#608),#322,.F.);
#5276=ADVANCED_FACE('',(#609,#109),#4989,.F.);
#5277=ADVANCED_FACE('',(#610),#323,.F.);
#5278=ADVANCED_FACE('',(#611,#110),#4990,.F.);
#5279=ADVANCED_FACE('',(#612),#324,.F.);
#5280=ADVANCED_FACE('',(#613,#111),#4991,.F.);
#5281=ADVANCED_FACE('',(#614,#112,#113,#114,#115,#116),#4992,.F.);
#5282=ADVANCED_FACE('',(#615),#4993,.F.);
#5283=ADVANCED_FACE('',(#616),#325,.T.);
#5284=ADVANCED_FACE('',(#617),#4994,.F.);
#5285=ADVANCED_FACE('',(#618),#326,.F.);
#5286=ADVANCED_FACE('',(#619),#4995,.F.);
#5287=ADVANCED_FACE('',(#620),#327,.F.);
#5288=ADVANCED_FACE('',(#621),#4996,.F.);
#5289=ADVANCED_FACE('',(#622),#328,.F.);
#5290=ADVANCED_FACE('',(#623),#329,.T.);
#5291=ADVANCED_FACE('',(#624),#4997,.T.);
#5292=ADVANCED_FACE('',(#625),#4998,.T.);
#5293=ADVANCED_FACE('',(#626),#4999,.T.);
#5294=ADVANCED_FACE('',(#627),#5000,.T.);
#5295=ADVANCED_FACE('',(#628),#330,.F.);
#5296=ADVANCED_FACE('',(#629),#5001,.T.);
#5297=ADVANCED_FACE('',(#630),#331,.F.);
#5298=ADVANCED_FACE('',(#631),#332,.F.);
#5299=ADVANCED_FACE('',(#632),#333,.F.);
#5300=ADVANCED_FACE('',(#633),#334,.F.);
#5301=CLOSED_SHELL('',(#5002,#5003,#5004,#5005,#5006,#5007,#5008,#5009,
#5010,#5011,#5012,#5013,#5014,#5015,#5016,#5017,#5018,#5019,#5020,#5021,
#5022,#5023,#5024,#5025,#5026,#5027,#5028,#5029,#5030,#5031,#5032,#5033,
#5034,#5035,#5036,#5037,#5038,#5039,#5040,#5041,#5042,#5043,#5044,#5045,
#5046,#5047,#5048,#5049,#5050,#5051,#5052,#5053,#5054,#5055,#5056,#5057,
#5058,#5059,#5060,#5061,#5062,#5063,#5064,#5065,#5066,#5067,#5068,#5069,
#5070,#5071,#5072,#5073,#5074,#5075,#5076,#5077,#5078,#5079,#5080,#5081,
#5082,#5083,#5084,#5085,#5086,#5087,#5088,#5089,#5090,#5091,#5092,#5093,
#5094,#5095,#5096,#5097,#5098,#5099,#5100,#5101,#5102,#5103,#5104,#5105,
#5106,#5107,#5108,#5109,#5110,#5111,#5112,#5113,#5114,#5115,#5116,#5117,
#5118,#5119,#5120,#5121,#5122,#5123,#5124,#5125,#5126,#5127,#5128,#5129,
#5130,#5131,#5132,#5133,#5134,#5135,#5136,#5137,#5138,#5139,#5140,#5141,
#5142,#5143,#5144,#5145,#5146,#5147,#5148,#5149,#5150,#5151,#5152,#5153,
#5154,#5155,#5156,#5157,#5158,#5159,#5160,#5161,#5162,#5163,#5164,#5165,
#5166,#5167,#5168,#5169,#5170,#5171,#5172,#5173,#5174,#5175,#5176,#5177,
#5178,#5179,#5180,#5181,#5182,#5183,#5184,#5185,#5186,#5187,#5188,#5189,
#5190,#5191,#5192,#5193,#5194,#5195,#5196,#5197,#5198,#5199,#5200,#5201,
#5202,#5203,#5204,#5205,#5206,#5207,#5208,#5209,#5210,#5211,#5212,#5213,
#5214,#5215,#5216,#5217,#5218,#5219,#5220,#5221,#5222,#5223,#5224,#5225));
#5302=CLOSED_SHELL('',(#5226,#5227,#5228,#5229,#5230,#5231,#5232,#5233,
#5234,#5235,#5236,#5237,#5238,#5239,#5240,#5241,#5242,#5243,#5244,#5245,
#5246,#5247,#5248,#5249,#5250,#5251,#5252,#5253,#5254,#5255,#5256,#5257,
#5258,#5259,#5260,#5261,#5262,#5263,#5264,#5265,#5266,#5267,#5268,#5269,
#5270,#5271,#5272,#5273,#5274,#5275,#5276,#5277,#5278,#5279,#5280,#5281,
#5282,#5283,#5284,#5285,#5286,#5287,#5288,#5289,#5290,#5291,#5292,#5293,
#5294,#5295,#5296,#5297,#5298,#5299,#5300));
#5303=AXIS2_PLACEMENT_3D('',#7245,#5763,#5764);
#5304=AXIS2_PLACEMENT_3D('',#7246,#5765,#5766);
#5305=AXIS2_PLACEMENT_3D('',#7263,#5775,#5776);
#5306=AXIS2_PLACEMENT_3D('',#7277,#5784,#5785);
#5307=AXIS2_PLACEMENT_3D('',#7291,#5793,#5794);
#5308=AXIS2_PLACEMENT_3D('',#7293,#5795,#5796);
#5309=AXIS2_PLACEMENT_3D('',#7296,#5798,#5799);
#5310=AXIS2_PLACEMENT_3D('',#7297,#5800,#5801);
#5311=AXIS2_PLACEMENT_3D('',#7298,#5802,#5803);
#5312=AXIS2_PLACEMENT_3D('',#7300,#5804,#5805);
#5313=AXIS2_PLACEMENT_3D('',#7303,#5807,#5808);
#5314=AXIS2_PLACEMENT_3D('',#7304,#5809,#5810);
#5315=AXIS2_PLACEMENT_3D('',#7305,#5811,#5812);
#5316=AXIS2_PLACEMENT_3D('',#7319,#5819,#5820);
#5317=AXIS2_PLACEMENT_3D('',#7321,#5821,#5822);
#5318=AXIS2_PLACEMENT_3D('',#7322,#5823,#5824);
#5319=AXIS2_PLACEMENT_3D('',#7336,#5831,#5832);
#5320=AXIS2_PLACEMENT_3D('',#7340,#5835,#5836);
#5321=AXIS2_PLACEMENT_3D('',#7344,#5839,#5840);
#5322=AXIS2_PLACEMENT_3D('',#7348,#5842,#5843);
#5323=AXIS2_PLACEMENT_3D('',#7352,#5845,#5846);
#5324=AXIS2_PLACEMENT_3D('',#7356,#5849,#5850);
#5325=AXIS2_PLACEMENT_3D('',#7358,#5851,#5852);
#5326=AXIS2_PLACEMENT_3D('',#7360,#5854,#5855);
#5327=AXIS2_PLACEMENT_3D('',#7361,#5856,#5857);
#5328=AXIS2_PLACEMENT_3D('',#7363,#5858,#5859);
#5329=AXIS2_PLACEMENT_3D('',#7365,#5861,#5862);
#5330=AXIS2_PLACEMENT_3D('',#7366,#5863,#5864);
#5331=AXIS2_PLACEMENT_3D('',#7478,#5920,#5921);
#5332=AXIS2_PLACEMENT_3D('',#7480,#5922,#5923);
#5333=AXIS2_PLACEMENT_3D('',#7481,#5924,#5925);
#5334=AXIS2_PLACEMENT_3D('',#7492,#5932,#5933);
#5335=AXIS2_PLACEMENT_3D('',#7495,#5934,#5935);
#5336=AXIS2_PLACEMENT_3D('',#7507,#5942,#5943);
#5337=AXIS2_PLACEMENT_3D('',#7509,#5944,#5945);
#5338=AXIS2_PLACEMENT_3D('',#7510,#5946,#5947);
#5339=AXIS2_PLACEMENT_3D('',#7516,#5951,#5952);
#5340=AXIS2_PLACEMENT_3D('',#7522,#5956,#5957);
#5341=AXIS2_PLACEMENT_3D('',#7525,#5960,#5961);
#5342=AXIS2_PLACEMENT_3D('',#7529,#5964,#5965);
#5343=AXIS2_PLACEMENT_3D('',#7533,#5968,#5969);
#5344=AXIS2_PLACEMENT_3D('',#7535,#5971,#5972);
#5345=AXIS2_PLACEMENT_3D('',#7540,#5974,#5975);
#5346=AXIS2_PLACEMENT_3D('',#7578,#5995,#5996);
#5347=AXIS2_PLACEMENT_3D('',#7582,#5998,#5999);
#5348=AXIS2_PLACEMENT_3D('',#7584,#6001,#6002);
#5349=AXIS2_PLACEMENT_3D('',#7592,#6007,#6008);
#5350=AXIS2_PLACEMENT_3D('',#7595,#6011,#6012);
#5351=AXIS2_PLACEMENT_3D('',#7597,#6014,#6015);
#5352=AXIS2_PLACEMENT_3D('',#7599,#6017,#6018);
#5353=AXIS2_PLACEMENT_3D('',#7601,#6020,#6021);
#5354=AXIS2_PLACEMENT_3D('',#7603,#6023,#6024);
#5355=AXIS2_PLACEMENT_3D('',#7605,#6026,#6027);
#5356=AXIS2_PLACEMENT_3D('',#7607,#6029,#6030);
#5357=AXIS2_PLACEMENT_3D('',#7609,#6032,#6033);
#5358=AXIS2_PLACEMENT_3D('',#7611,#6035,#6036);
#5359=AXIS2_PLACEMENT_3D('',#7615,#6039,#6040);
#5360=AXIS2_PLACEMENT_3D('',#7621,#6044,#6045);
#5361=AXIS2_PLACEMENT_3D('',#7623,#6047,#6048);
#5362=AXIS2_PLACEMENT_3D('',#7625,#6050,#6051);
#5363=AXIS2_PLACEMENT_3D('',#7631,#6055,#6056);
#5364=AXIS2_PLACEMENT_3D('',#7635,#6059,#6060);
#5365=AXIS2_PLACEMENT_3D('',#7641,#6064,#6065);
#5366=AXIS2_PLACEMENT_3D('',#7647,#6069,#6070);
#5367=AXIS2_PLACEMENT_3D('',#7651,#6073,#6074);
#5368=AXIS2_PLACEMENT_3D('',#7655,#6077,#6078);
#5369=AXIS2_PLACEMENT_3D('',#7659,#6081,#6082);
#5370=AXIS2_PLACEMENT_3D('',#7665,#6086,#6087);
#5371=AXIS2_PLACEMENT_3D('',#7669,#6090,#6091);
#5372=AXIS2_PLACEMENT_3D('',#7673,#6094,#6095);
#5373=AXIS2_PLACEMENT_3D('',#7677,#6098,#6099);
#5374=AXIS2_PLACEMENT_3D('',#7681,#6102,#6103);
#5375=AXIS2_PLACEMENT_3D('',#7688,#6108,#6109);
#5376=AXIS2_PLACEMENT_3D('',#7690,#6111,#6112);
#5377=AXIS2_PLACEMENT_3D('',#7696,#6116,#6117);
#5378=AXIS2_PLACEMENT_3D('',#7700,#6120,#6121);
#5379=AXIS2_PLACEMENT_3D('',#7704,#6124,#6125);
#5380=AXIS2_PLACEMENT_3D('',#7708,#6128,#6129);
#5381=AXIS2_PLACEMENT_3D('',#7711,#6132,#6133);
#5382=AXIS2_PLACEMENT_3D('',#7713,#6135,#6136);
#5383=AXIS2_PLACEMENT_3D('',#7715,#6138,#6139);
#5384=AXIS2_PLACEMENT_3D('',#7717,#6141,#6142);
#5385=AXIS2_PLACEMENT_3D('',#7718,#6143,#6144);
#5386=AXIS2_PLACEMENT_3D('',#7722,#6147,#6148);
#5387=AXIS2_PLACEMENT_3D('',#7726,#6151,#6152);
#5388=AXIS2_PLACEMENT_3D('',#7730,#6155,#6156);
#5389=AXIS2_PLACEMENT_3D('',#7734,#6159,#6160);
#5390=AXIS2_PLACEMENT_3D('',#7738,#6163,#6164);
#5391=AXIS2_PLACEMENT_3D('',#7740,#6166,#6167);
#5392=AXIS2_PLACEMENT_3D('',#7742,#6169,#6170);
#5393=AXIS2_PLACEMENT_3D('',#7746,#6173,#6174);
#5394=AXIS2_PLACEMENT_3D('',#7750,#6177,#6178);
#5395=AXIS2_PLACEMENT_3D('',#7754,#6181,#6182);
#5396=AXIS2_PLACEMENT_3D('',#7756,#6184,#6185);
#5397=AXIS2_PLACEMENT_3D('',#7758,#6187,#6188);
#5398=AXIS2_PLACEMENT_3D('',#7762,#6191,#6192);
#5399=AXIS2_PLACEMENT_3D('',#7766,#6195,#6196);
#5400=AXIS2_PLACEMENT_3D('',#7770,#6199,#6200);
#5401=AXIS2_PLACEMENT_3D('',#7772,#6202,#6203);
#5402=AXIS2_PLACEMENT_3D('',#7774,#6205,#6206);
#5403=AXIS2_PLACEMENT_3D('',#7776,#6208,#6209);
#5404=AXIS2_PLACEMENT_3D('',#7778,#6211,#6212);
#5405=AXIS2_PLACEMENT_3D('',#7780,#6214,#6215);
#5406=AXIS2_PLACEMENT_3D('',#7781,#6216,#6217);
#5407=AXIS2_PLACEMENT_3D('',#7787,#6221,#6222);
#5408=AXIS2_PLACEMENT_3D('',#7791,#6225,#6226);
#5409=AXIS2_PLACEMENT_3D('',#7797,#6230,#6231);
#5410=AXIS2_PLACEMENT_3D('',#7807,#6234,#6235);
#5411=AXIS2_PLACEMENT_3D('',#7808,#6236,#6237);
#5412=AXIS2_PLACEMENT_3D('',#7814,#6241,#6242);
#5413=AXIS2_PLACEMENT_3D('',#7818,#6245,#6246);
#5414=AXIS2_PLACEMENT_3D('',#7822,#6249,#6250);
#5415=AXIS2_PLACEMENT_3D('',#7826,#6253,#6254);
#5416=AXIS2_PLACEMENT_3D('',#7830,#6257,#6258);
#5417=AXIS2_PLACEMENT_3D('',#7834,#6261,#6262);
#5418=AXIS2_PLACEMENT_3D('',#7838,#6265,#6266);
#5419=AXIS2_PLACEMENT_3D('',#7842,#6269,#6270);
#5420=AXIS2_PLACEMENT_3D('',#7846,#6273,#6274);
#5421=AXIS2_PLACEMENT_3D('',#7850,#6277,#6278);
#5422=AXIS2_PLACEMENT_3D('',#7854,#6281,#6282);
#5423=AXIS2_PLACEMENT_3D('',#7858,#6285,#6286);
#5424=AXIS2_PLACEMENT_3D('',#7862,#6289,#6290);
#5425=AXIS2_PLACEMENT_3D('',#7866,#6293,#6294);
#5426=AXIS2_PLACEMENT_3D('',#7868,#6296,#6297);
#5427=AXIS2_PLACEMENT_3D('',#7872,#6300,#6301);
#5428=AXIS2_PLACEMENT_3D('',#7876,#6304,#6305);
#5429=AXIS2_PLACEMENT_3D('',#7880,#6308,#6309);
#5430=AXIS2_PLACEMENT_3D('',#7884,#6312,#6313);
#5431=AXIS2_PLACEMENT_3D('',#7888,#6316,#6317);
#5432=AXIS2_PLACEMENT_3D('',#7892,#6320,#6321);
#5433=AXIS2_PLACEMENT_3D('',#7896,#6324,#6325);
#5434=AXIS2_PLACEMENT_3D('',#7900,#6328,#6329);
#5435=AXIS2_PLACEMENT_3D('',#7904,#6332,#6333);
#5436=AXIS2_PLACEMENT_3D('',#7908,#6336,#6337);
#5437=AXIS2_PLACEMENT_3D('',#7912,#6340,#6341);
#5438=AXIS2_PLACEMENT_3D('',#7916,#6344,#6345);
#5439=AXIS2_PLACEMENT_3D('',#7920,#6348,#6349);
#5440=AXIS2_PLACEMENT_3D('',#7924,#6352,#6353);
#5441=AXIS2_PLACEMENT_3D('',#7928,#6356,#6357);
#5442=AXIS2_PLACEMENT_3D('',#7932,#6360,#6361);
#5443=AXIS2_PLACEMENT_3D('',#7936,#6364,#6365);
#5444=AXIS2_PLACEMENT_3D('',#7940,#6368,#6369);
#5445=AXIS2_PLACEMENT_3D('',#7942,#6371,#6372);
#5446=AXIS2_PLACEMENT_3D('',#7949,#6375,#6376);
#5447=AXIS2_PLACEMENT_3D('',#7955,#6379,#6380);
#5448=AXIS2_PLACEMENT_3D('',#7959,#6382,#6383);
#5449=AXIS2_PLACEMENT_3D('',#7965,#6386,#6387);
#5450=AXIS2_PLACEMENT_3D('',#7967,#6389,#6390);
#5451=AXIS2_PLACEMENT_3D('',#7976,#6395,#6396);
#5452=AXIS2_PLACEMENT_3D('',#7978,#6397,#6398);
#5453=AXIS2_PLACEMENT_3D('',#7980,#6399,#6400);
#5454=AXIS2_PLACEMENT_3D('',#7982,#6402,#6403);
#5455=AXIS2_PLACEMENT_3D('',#7988,#6407,#6408);
#5456=AXIS2_PLACEMENT_3D('',#7989,#6409,#6410);
#5457=AXIS2_PLACEMENT_3D('',#7990,#6411,#6412);
#5458=AXIS2_PLACEMENT_3D('',#7991,#6413,#6414);
#5459=AXIS2_PLACEMENT_3D('',#8000,#6419,#6420);
#5460=AXIS2_PLACEMENT_3D('',#8002,#6421,#6422);
#5461=AXIS2_PLACEMENT_3D('',#8004,#6423,#6424);
#5462=AXIS2_PLACEMENT_3D('',#8006,#6426,#6427);
#5463=AXIS2_PLACEMENT_3D('',#8012,#6431,#6432);
#5464=AXIS2_PLACEMENT_3D('',#8013,#6433,#6434);
#5465=AXIS2_PLACEMENT_3D('',#8014,#6435,#6436);
#5466=AXIS2_PLACEMENT_3D('',#8015,#6437,#6438);
#5467=AXIS2_PLACEMENT_3D('',#8017,#6439,#6440);
#5468=AXIS2_PLACEMENT_3D('',#8020,#6442,#6443);
#5469=AXIS2_PLACEMENT_3D('',#8021,#6444,#6445);
#5470=AXIS2_PLACEMENT_3D('',#8022,#6446,#6447);
#5471=AXIS2_PLACEMENT_3D('',#8029,#6450,#6451);
#5472=AXIS2_PLACEMENT_3D('',#8033,#6453,#6454);
#5473=AXIS2_PLACEMENT_3D('',#8037,#6456,#6457);
#5474=AXIS2_PLACEMENT_3D('',#8041,#6459,#6460);
#5475=AXIS2_PLACEMENT_3D('',#8043,#6462,#6463);
#5476=AXIS2_PLACEMENT_3D('',#8047,#6465,#6466);
#5477=AXIS2_PLACEMENT_3D('',#8064,#6476,#6477);
#5478=AXIS2_PLACEMENT_3D('',#8067,#6479,#6480);
#5479=AXIS2_PLACEMENT_3D('',#8069,#6481,#6482);
#5480=AXIS2_PLACEMENT_3D('',#8071,#6483,#6484);
#5481=AXIS2_PLACEMENT_3D('',#8073,#6485,#6486);
#5482=AXIS2_PLACEMENT_3D('',#8074,#6487,#6488);
#5483=AXIS2_PLACEMENT_3D('',#8077,#6490,#6491);
#5484=AXIS2_PLACEMENT_3D('',#8078,#6492,#6493);
#5485=AXIS2_PLACEMENT_3D('',#8079,#6494,#6495);
#5486=AXIS2_PLACEMENT_3D('',#8082,#6497,#6498);
#5487=AXIS2_PLACEMENT_3D('',#8083,#6499,#6500);
#5488=AXIS2_PLACEMENT_3D('',#8084,#6501,#6502);
#5489=AXIS2_PLACEMENT_3D('',#8087,#6504,#6505);
#5490=AXIS2_PLACEMENT_3D('',#8088,#6506,#6507);
#5491=AXIS2_PLACEMENT_3D('',#8089,#6508,#6509);
#5492=AXIS2_PLACEMENT_3D('',#8092,#6511,#6512);
#5493=AXIS2_PLACEMENT_3D('',#8093,#6513,#6514);
#5494=AXIS2_PLACEMENT_3D('',#8094,#6515,#6516);
#5495=AXIS2_PLACEMENT_3D('',#8100,#6519,#6520);
#5496=AXIS2_PLACEMENT_3D('',#8102,#6522,#6523);
#5497=AXIS2_PLACEMENT_3D('',#8106,#6525,#6526);
#5498=AXIS2_PLACEMENT_3D('',#8110,#6528,#6529);
#5499=AXIS2_PLACEMENT_3D('',#8113,#6531,#6532);
#5500=AXIS2_PLACEMENT_3D('',#8116,#6534,#6535);
#5501=AXIS2_PLACEMENT_3D('',#8117,#6536,#6537);
#5502=AXIS2_PLACEMENT_3D('',#8119,#6539,#6540);
#5503=AXIS2_PLACEMENT_3D('',#8121,#6542,#6543);
#5504=AXIS2_PLACEMENT_3D('',#8122,#6544,#6545);
#5505=AXIS2_PLACEMENT_3D('',#8123,#6546,#6547);
#5506=AXIS2_PLACEMENT_3D('',#8125,#6549,#6550);
#5507=AXIS2_PLACEMENT_3D('',#8131,#6553,#6554);
#5508=AXIS2_PLACEMENT_3D('',#8133,#6556,#6557);
#5509=AXIS2_PLACEMENT_3D('',#8134,#6558,#6559);
#5510=AXIS2_PLACEMENT_3D('',#8135,#6560,#6561);
#5511=AXIS2_PLACEMENT_3D('',#8137,#6563,#6564);
#5512=AXIS2_PLACEMENT_3D('',#8139,#6566,#6567);
#5513=AXIS2_PLACEMENT_3D('',#8140,#6568,#6569);
#5514=AXIS2_PLACEMENT_3D('',#8145,#6571,#6572);
#5515=AXIS2_PLACEMENT_3D('',#8148,#6574,#6575);
#5516=AXIS2_PLACEMENT_3D('',#8149,#6576,#6577);
#5517=AXIS2_PLACEMENT_3D('',#8152,#6579,#6580);
#5518=AXIS2_PLACEMENT_3D('',#8153,#6581,#6582);
#5519=AXIS2_PLACEMENT_3D('',#8180,#6583,#6584);
#5520=AXIS2_PLACEMENT_3D('',#8181,#6585,#6586);
#5521=AXIS2_PLACEMENT_3D('',#8182,#6587,#6588);
#5522=AXIS2_PLACEMENT_3D('',#8184,#6589,#6590);
#5523=AXIS2_PLACEMENT_3D('',#8212,#6592,#6593);
#5524=AXIS2_PLACEMENT_3D('',#8213,#6594,#6595);
#5525=AXIS2_PLACEMENT_3D('',#8214,#6596,#6597);
#5526=AXIS2_PLACEMENT_3D('',#8218,#6599,#6600);
#5527=AXIS2_PLACEMENT_3D('',#8219,#6601,#6602);
#5528=AXIS2_PLACEMENT_3D('',#8242,#6603,#6604);
#5529=AXIS2_PLACEMENT_3D('',#8243,#6605,#6606);
#5530=AXIS2_PLACEMENT_3D('',#8244,#6607,#6608);
#5531=AXIS2_PLACEMENT_3D('',#8266,#6609,#6610);
#5532=AXIS2_PLACEMENT_3D('',#8275,#6611,#6612);
#5533=AXIS2_PLACEMENT_3D('',#8279,#6614,#6615);
#5534=AXIS2_PLACEMENT_3D('',#8303,#6617,#6618);
#5535=AXIS2_PLACEMENT_3D('',#8304,#6619,#6620);
#5536=AXIS2_PLACEMENT_3D('',#8305,#6621,#6622);
#5537=AXIS2_PLACEMENT_3D('',#8327,#6623,#6624);
#5538=AXIS2_PLACEMENT_3D('',#8336,#6625,#6626);
#5539=AXIS2_PLACEMENT_3D('',#8338,#6627,#6628);
#5540=AXIS2_PLACEMENT_3D('',#8340,#6630,#6631);
#5541=AXIS2_PLACEMENT_3D('',#8341,#6632,#6633);
#5542=AXIS2_PLACEMENT_3D('',#8342,#6634,#6635);
#5543=AXIS2_PLACEMENT_3D('',#8345,#6637,#6638);
#5544=AXIS2_PLACEMENT_3D('',#8346,#6639,#6640);
#5545=AXIS2_PLACEMENT_3D('',#8347,#6641,#6642);
#5546=AXIS2_PLACEMENT_3D('',#8348,#6643,#6644);
#5547=AXIS2_PLACEMENT_3D('',#8352,#6646,#6647);
#5548=AXIS2_PLACEMENT_3D('',#8354,#6649,#6650);
#5549=AXIS2_PLACEMENT_3D('',#8356,#6652,#6653);
#5550=AXIS2_PLACEMENT_3D('',#8360,#6656,#6657);
#5551=AXIS2_PLACEMENT_3D('',#8363,#6659,#6660);
#5552=AXIS2_PLACEMENT_3D('',#8364,#6661,#6662);
#5553=AXIS2_PLACEMENT_3D('',#8366,#6664,#6665);
#5554=AXIS2_PLACEMENT_3D('',#8368,#6666,#6667);
#5555=AXIS2_PLACEMENT_3D('',#8370,#6668,#6669);
#5556=AXIS2_PLACEMENT_3D('',#8371,#6670,#6671);
#5557=AXIS2_PLACEMENT_3D('',#8372,#6672,#6673);
#5558=AXIS2_PLACEMENT_3D('',#8374,#6674,#6675);
#5559=AXIS2_PLACEMENT_3D('',#8376,#6677,#6678);
#5560=AXIS2_PLACEMENT_3D('',#8378,#6680,#6681);
#5561=AXIS2_PLACEMENT_3D('',#8380,#6682,#6683);
#5562=AXIS2_PLACEMENT_3D('',#8382,#6684,#6685);
#5563=AXIS2_PLACEMENT_3D('',#8383,#6686,#6687);
#5564=AXIS2_PLACEMENT_3D('',#8384,#6688,#6689);
#5565=AXIS2_PLACEMENT_3D('',#8386,#6691,#6692);
#5566=AXIS2_PLACEMENT_3D('',#8390,#6695,#6696);
#5567=AXIS2_PLACEMENT_3D('',#8391,#6697,#6698);
#5568=AXIS2_PLACEMENT_3D('',#8393,#6700,#6701);
#5569=AXIS2_PLACEMENT_3D('',#8396,#6704,#6705);
#5570=AXIS2_PLACEMENT_3D('',#8400,#6708,#6709);
#5571=AXIS2_PLACEMENT_3D('',#8403,#6710,#6711);
#5572=AXIS2_PLACEMENT_3D('',#8405,#6712,#6713);
#5573=AXIS2_PLACEMENT_3D('',#8407,#6714,#6715);
#5574=AXIS2_PLACEMENT_3D('',#8408,#6716,#6717);
#5575=AXIS2_PLACEMENT_3D('',#8409,#6718,#6719);
#5576=AXIS2_PLACEMENT_3D('',#8412,#6722,#6723);
#5577=AXIS2_PLACEMENT_3D('',#8416,#6726,#6727);
#5578=AXIS2_PLACEMENT_3D('',#8419,#6729,#6730);
#5579=AXIS2_PLACEMENT_3D('',#8420,#6731,#6732);
#5580=AXIS2_PLACEMENT_3D('',#8427,#6736,#6737);
#5581=AXIS2_PLACEMENT_3D('',#8428,#6738,#6739);
#5582=AXIS2_PLACEMENT_3D('',#8430,#6740,#6741);
#5583=AXIS2_PLACEMENT_3D('',#8431,#6742,#6743);
#5584=AXIS2_PLACEMENT_3D('',#8432,#6744,#6745);
#5585=AXIS2_PLACEMENT_3D('',#8434,#6747,#6748);
#5586=AXIS2_PLACEMENT_3D('',#8438,#6751,#6752);
#5587=AXIS2_PLACEMENT_3D('',#8440,#6753,#6754);
#5588=AXIS2_PLACEMENT_3D('',#8441,#6755,#6756);
#5589=AXIS2_PLACEMENT_3D('',#8469,#6757,#6758);
#5590=AXIS2_PLACEMENT_3D('',#8491,#6759,#6760);
#5591=AXIS2_PLACEMENT_3D('',#8493,#6761,#6762);
#5592=AXIS2_PLACEMENT_3D('',#8496,#6764,#6765);
#5593=AXIS2_PLACEMENT_3D('',#8517,#6766,#6767);
#5594=AXIS2_PLACEMENT_3D('',#8518,#6768,#6769);
#5595=AXIS2_PLACEMENT_3D('',#8545,#6770,#6771);
#5596=AXIS2_PLACEMENT_3D('',#8587,#6772,#6773);
#5597=AXIS2_PLACEMENT_3D('',#8588,#6774,#6775);
#5598=AXIS2_PLACEMENT_3D('',#8590,#6776,#6777);
#5599=AXIS2_PLACEMENT_3D('',#8591,#6778,#6779);
#5600=AXIS2_PLACEMENT_3D('',#8592,#6780,#6781);
#5601=AXIS2_PLACEMENT_3D('',#8594,#6783,#6784);
#5602=AXIS2_PLACEMENT_3D('',#8595,#6785,#6786);
#5603=AXIS2_PLACEMENT_3D('',#8596,#6787,#6788);
#5604=AXIS2_PLACEMENT_3D('',#8598,#6789,#6790);
#5605=AXIS2_PLACEMENT_3D('',#8601,#6793,#6794);
#5606=AXIS2_PLACEMENT_3D('',#8602,#6795,#6796);
#5607=AXIS2_PLACEMENT_3D('',#8605,#6798,#6799);
#5608=AXIS2_PLACEMENT_3D('',#8606,#6800,#6801);
#5609=AXIS2_PLACEMENT_3D('',#8621,#6802,#6803);
#5610=AXIS2_PLACEMENT_3D('',#8637,#6805,#6806);
#5611=AXIS2_PLACEMENT_3D('',#8638,#6807,#6808);
#5612=AXIS2_PLACEMENT_3D('',#8639,#6809,#6810);
#5613=AXIS2_PLACEMENT_3D('',#8643,#6813,#6814);
#5614=AXIS2_PLACEMENT_3D('',#8647,#6817,#6818);
#5615=AXIS2_PLACEMENT_3D('',#8653,#6822,#6823);
#5616=AXIS2_PLACEMENT_3D('',#8656,#6826,#6827);
#5617=AXIS2_PLACEMENT_3D('',#8657,#6828,#6829);
#5618=AXIS2_PLACEMENT_3D('',#8661,#6832,#6833);
#5619=AXIS2_PLACEMENT_3D('',#8663,#6835,#6836);
#5620=AXIS2_PLACEMENT_3D('',#8664,#6837,#6838);
#5621=AXIS2_PLACEMENT_3D('',#8665,#6839,#6840);
#5622=AXIS2_PLACEMENT_3D('',#8667,#6842,#6843);
#5623=AXIS2_PLACEMENT_3D('',#8668,#6844,#6845);
#5624=AXIS2_PLACEMENT_3D('',#8669,#6846,#6847);
#5625=AXIS2_PLACEMENT_3D('',#8673,#6850,#6851);
#5626=AXIS2_PLACEMENT_3D('',#8677,#6854,#6855);
#5627=AXIS2_PLACEMENT_3D('',#8679,#6857,#6858);
#5628=AXIS2_PLACEMENT_3D('',#8680,#6859,#6860);
#5629=AXIS2_PLACEMENT_3D('',#8685,#6862,#6863);
#5630=AXIS2_PLACEMENT_3D('',#8688,#6865,#6866);
#5631=AXIS2_PLACEMENT_3D('',#8689,#6867,#6868);
#5632=AXIS2_PLACEMENT_3D('',#8694,#6870,#6871);
#5633=AXIS2_PLACEMENT_3D('',#8697,#6873,#6874);
#5634=AXIS2_PLACEMENT_3D('',#8698,#6875,#6876);
#5635=AXIS2_PLACEMENT_3D('',#8707,#6881,#6882);
#5636=AXIS2_PLACEMENT_3D('',#8713,#6886,#6887);
#5637=AXIS2_PLACEMENT_3D('',#8717,#6890,#6891);
#5638=AXIS2_PLACEMENT_3D('',#8726,#6896,#6897);
#5639=AXIS2_PLACEMENT_3D('',#8735,#6902,#6903);
#5640=AXIS2_PLACEMENT_3D('',#8740,#6905,#6906);
#5641=AXIS2_PLACEMENT_3D('',#8744,#6908,#6909);
#5642=AXIS2_PLACEMENT_3D('',#8748,#6911,#6912);
#5643=AXIS2_PLACEMENT_3D('',#8753,#6916,#6917);
#5644=AXIS2_PLACEMENT_3D('',#8754,#6918,#6919);
#5645=AXIS2_PLACEMENT_3D('',#8764,#6925,#6926);
#5646=AXIS2_PLACEMENT_3D('',#8776,#6933,#6934);
#5647=AXIS2_PLACEMENT_3D('',#8778,#6936,#6937);
#5648=AXIS2_PLACEMENT_3D('',#8784,#6941,#6942);
#5649=AXIS2_PLACEMENT_3D('',#8788,#6945,#6946);
#5650=AXIS2_PLACEMENT_3D('',#8789,#6947,#6948);
#5651=AXIS2_PLACEMENT_3D('',#8793,#6951,#6952);
#5652=AXIS2_PLACEMENT_3D('',#8795,#6954,#6955);
#5653=AXIS2_PLACEMENT_3D('',#8799,#6957,#6958);
#5654=AXIS2_PLACEMENT_3D('',#8801,#6960,#6961);
#5655=AXIS2_PLACEMENT_3D('',#8806,#6964,#6965);
#5656=AXIS2_PLACEMENT_3D('',#8810,#6968,#6969);
#5657=AXIS2_PLACEMENT_3D('',#8813,#6971,#6972);
#5658=AXIS2_PLACEMENT_3D('',#8814,#6973,#6974);
#5659=AXIS2_PLACEMENT_3D('',#8816,#6975,#6976);
#5660=AXIS2_PLACEMENT_3D('',#8818,#6977,#6978);
#5661=AXIS2_PLACEMENT_3D('',#8819,#6979,#6980);
#5662=AXIS2_PLACEMENT_3D('',#8821,#6981,#6982);
#5663=AXIS2_PLACEMENT_3D('',#8824,#6984,#6985);
#5664=AXIS2_PLACEMENT_3D('',#8825,#6986,#6987);
#5665=AXIS2_PLACEMENT_3D('',#8828,#6988,#6989);
#5666=AXIS2_PLACEMENT_3D('',#8829,#6990,#6991);
#5667=AXIS2_PLACEMENT_3D('',#8830,#6992,#6993);
#5668=AXIS2_PLACEMENT_3D('',#8832,#6994,#6995);
#5669=AXIS2_PLACEMENT_3D('',#8835,#6997,#6998);
#5670=AXIS2_PLACEMENT_3D('',#8836,#6999,#7000);
#5671=AXIS2_PLACEMENT_3D('',#8837,#7001,#7002);
#5672=AXIS2_PLACEMENT_3D('',#8838,#7003,#7004);
#5673=AXIS2_PLACEMENT_3D('',#8840,#7005,#7006);
#5674=AXIS2_PLACEMENT_3D('',#8843,#7008,#7009);
#5675=AXIS2_PLACEMENT_3D('',#8844,#7010,#7011);
#5676=AXIS2_PLACEMENT_3D('',#8846,#7012,#7013);
#5677=AXIS2_PLACEMENT_3D('',#8847,#7014,#7015);
#5678=AXIS2_PLACEMENT_3D('',#8848,#7016,#7017);
#5679=AXIS2_PLACEMENT_3D('',#8851,#7019,#7020);
#5680=AXIS2_PLACEMENT_3D('',#8852,#7021,#7022);
#5681=AXIS2_PLACEMENT_3D('',#8854,#7023,#7024);
#5682=AXIS2_PLACEMENT_3D('',#8855,#7025,#7026);
#5683=AXIS2_PLACEMENT_3D('',#8857,#7027,#7028);
#5684=AXIS2_PLACEMENT_3D('',#8860,#7030,#7031);
#5685=AXIS2_PLACEMENT_3D('',#8861,#7032,#7033);
#5686=AXIS2_PLACEMENT_3D('',#8862,#7034,#7035);
#5687=AXIS2_PLACEMENT_3D('',#8863,#7036,#7037);
#5688=AXIS2_PLACEMENT_3D('',#8865,#7039,#7040);
#5689=AXIS2_PLACEMENT_3D('',#8867,#7042,#7043);
#5690=AXIS2_PLACEMENT_3D('',#8870,#7046,#7047);
#5691=AXIS2_PLACEMENT_3D('',#8872,#7049,#7050);
#5692=AXIS2_PLACEMENT_3D('',#8873,#7051,#7052);
#5693=AXIS2_PLACEMENT_3D('',#8880,#7058,#7059);
#5694=AXIS2_PLACEMENT_3D('',#8881,#7060,#7061);
#5695=AXIS2_PLACEMENT_3D('',#8882,#7062,#7063);
#5696=AXIS2_PLACEMENT_3D('',#8883,#7064,#7065);
#5697=AXIS2_PLACEMENT_3D('',#8884,#7066,#7067);
#5698=AXIS2_PLACEMENT_3D('',#8885,#7068,#7069);
#5699=AXIS2_PLACEMENT_3D('',#8895,#7076,#7077);
#5700=AXIS2_PLACEMENT_3D('',#8899,#7081,#7082);
#5701=AXIS2_PLACEMENT_3D('',#8900,#7083,#7084);
#5702=AXIS2_PLACEMENT_3D('',#8902,#7085,#7086);
#5703=AXIS2_PLACEMENT_3D('',#8904,#7088,#7089);
#5704=AXIS2_PLACEMENT_3D('',#8906,#7090,#7091);
#5705=AXIS2_PLACEMENT_3D('',#8907,#7092,#7093);
#5706=AXIS2_PLACEMENT_3D('',#8910,#7095,#7096);
#5707=AXIS2_PLACEMENT_3D('',#8911,#7097,#7098);
#5708=AXIS2_PLACEMENT_3D('',#8913,#7099,#7100);
#5709=AXIS2_PLACEMENT_3D('',#8914,#7101,#7102);
#5710=AXIS2_PLACEMENT_3D('',#8916,#7103,#7104);
#5711=AXIS2_PLACEMENT_3D('',#8917,#7105,#7106);
#5712=AXIS2_PLACEMENT_3D('',#8919,#7107,#7108);
#5713=AXIS2_PLACEMENT_3D('',#8920,#7109,#7110);
#5714=AXIS2_PLACEMENT_3D('',#8922,#7111,#7112);
#5715=AXIS2_PLACEMENT_3D('',#8923,#7113,#7114);
#5716=AXIS2_PLACEMENT_3D('',#8925,#7115,#7116);
#5717=AXIS2_PLACEMENT_3D('',#8927,#7118,#7119);
#5718=AXIS2_PLACEMENT_3D('',#8929,#7120,#7121);
#5719=AXIS2_PLACEMENT_3D('',#8930,#7122,#7123);
#5720=AXIS2_PLACEMENT_3D('',#8932,#7124,#7125);
#5721=AXIS2_PLACEMENT_3D('',#8934,#7127,#7128);
#5722=AXIS2_PLACEMENT_3D('',#8936,#7129,#7130);
#5723=AXIS2_PLACEMENT_3D('',#8937,#7131,#7132);
#5724=AXIS2_PLACEMENT_3D('',#8939,#7133,#7134);
#5725=AXIS2_PLACEMENT_3D('',#8941,#7136,#7137);
#5726=AXIS2_PLACEMENT_3D('',#8943,#7138,#7139);
#5727=AXIS2_PLACEMENT_3D('',#8944,#7140,#7141);
#5728=AXIS2_PLACEMENT_3D('',#8946,#7142,#7143);
#5729=AXIS2_PLACEMENT_3D('',#8948,#7145,#7146);
#5730=AXIS2_PLACEMENT_3D('',#8950,#7147,#7148);
#5731=AXIS2_PLACEMENT_3D('',#8951,#7149,#7150);
#5732=AXIS2_PLACEMENT_3D('',#8954,#7151,#7152);
#5733=AXIS2_PLACEMENT_3D('',#8958,#7154,#7155);
#5734=AXIS2_PLACEMENT_3D('',#8965,#7159,#7160);
#5735=AXIS2_PLACEMENT_3D('',#8967,#7161,#7162);
#5736=AXIS2_PLACEMENT_3D('',#8969,#7163,#7164);
#5737=AXIS2_PLACEMENT_3D('',#8971,#7165,#7166);
#5738=AXIS2_PLACEMENT_3D('',#8972,#7167,#7168);
#5739=AXIS2_PLACEMENT_3D('',#8975,#7171,#7172);
#5740=AXIS2_PLACEMENT_3D('',#8978,#7173,#7174);
#5741=AXIS2_PLACEMENT_3D('',#8981,#7177,#7178);
#5742=AXIS2_PLACEMENT_3D('',#8987,#7182,#7183);
#5743=AXIS2_PLACEMENT_3D('',#8989,#7184,#7185);
#5744=AXIS2_PLACEMENT_3D('',#8991,#7187,#7188);
#5745=AXIS2_PLACEMENT_3D('',#8995,#7191,#7192);
#5746=AXIS2_PLACEMENT_3D('',#8998,#7194,#7195);
#5747=AXIS2_PLACEMENT_3D('',#8999,#7196,#7197);
#5748=AXIS2_PLACEMENT_3D('',#9005,#7201,#7202);
#5749=AXIS2_PLACEMENT_3D('',#9006,#7203,#7204);
#5750=AXIS2_PLACEMENT_3D('',#9007,#7205,#7206);
#5751=AXIS2_PLACEMENT_3D('',#9010,#7207,#7208);
#5752=AXIS2_PLACEMENT_3D('',#9013,#7211,#7212);
#5753=AXIS2_PLACEMENT_3D('',#9017,#7215,#7216);
#5754=AXIS2_PLACEMENT_3D('',#9018,#7217,#7218);
#5755=AXIS2_PLACEMENT_3D('',#9022,#7221,#7222);
#5756=AXIS2_PLACEMENT_3D('',#9026,#7225,#7226);
#5757=AXIS2_PLACEMENT_3D('',#9028,#7228,#7229);
#5758=AXIS2_PLACEMENT_3D('',#9030,#7231,#7232);
#5759=AXIS2_PLACEMENT_3D('',#9031,#7233,#7234);
#5760=AXIS2_PLACEMENT_3D('',#9033,#7236,#7237);
#5761=AXIS2_PLACEMENT_3D('',#9035,#7239,#7240);
#5762=AXIS2_PLACEMENT_3D('',#9037,#7242,#7243);
#5763=DIRECTION('axis',(0.,0.,1.));
#5764=DIRECTION('refdir',(1.,0.,0.));
#5765=DIRECTION('center_axis',(0.242525224470754,0.,-0.970145100227492));
#5766=DIRECTION('ref_axis',(-0.970145100227492,0.,-0.242525224470754));
#5767=DIRECTION('',(0.970145100227492,-5.58106325103371E-16,0.242525224470754));
#5768=DIRECTION('',(0.,1.,0.));
#5769=DIRECTION('',(-0.970145100227492,6.11960196478362E-16,-0.242525224470754));
#5770=DIRECTION('',(0.,-1.,0.));
#5771=DIRECTION('',(-0.970145100227492,0.,-0.242525224470754));
#5772=DIRECTION('',(0.,1.,0.));
#5773=DIRECTION('',(-0.970145100227492,0.,-0.242525224470754));
#5774=DIRECTION('',(0.,-1.,0.));
#5775=DIRECTION('center_axis',(-1.,0.,0.));
#5776=DIRECTION('ref_axis',(0.,-1.,0.));
#5777=DIRECTION('',(0.,-1.4130111222502E-15,1.));
#5778=DIRECTION('',(0.,0.,1.));
#5779=DIRECTION('',(0.,-1.,0.));
#5780=DIRECTION('',(0.,0.,1.));
#5781=DIRECTION('',(0.,-1.,0.));
#5782=DIRECTION('',(0.,0.,1.));
#5783=DIRECTION('',(0.,-1.,-1.55431223447522E-15));
#5784=DIRECTION('center_axis',(-1.,0.,0.));
#5785=DIRECTION('ref_axis',(0.,-1.,0.));
#5786=DIRECTION('',(0.,1.44328993201271E-15,-1.));
#5787=DIRECTION('',(0.,-1.,-1.55431223447522E-15));
#5788=DIRECTION('',(0.,0.,-1.));
#5789=DIRECTION('',(0.,-1.,0.));
#5790=DIRECTION('',(0.,0.,-1.));
#5791=DIRECTION('',(0.,1.,0.));
#5792=DIRECTION('',(0.,0.,-1.));
#5793=DIRECTION('center_axis',(0.,1.,0.));
#5794=DIRECTION('ref_axis',(-1.,0.,0.));
#5795=DIRECTION('center_axis',(0.,1.,0.));
#5796=DIRECTION('ref_axis',(-1.,0.,0.));
#5797=DIRECTION('',(0.,-1.,0.));
#5798=DIRECTION('center_axis',(0.,-1.,0.));
#5799=DIRECTION('ref_axis',(-1.,0.,0.));
#5800=DIRECTION('center_axis',(0.,1.,0.));
#5801=DIRECTION('ref_axis',(-1.,0.,0.));
#5802=DIRECTION('center_axis',(0.,1.,0.));
#5803=DIRECTION('ref_axis',(-1.,0.,0.));
#5804=DIRECTION('center_axis',(0.,1.,0.));
#5805=DIRECTION('ref_axis',(-1.,0.,0.));
#5806=DIRECTION('',(0.,-1.,0.));
#5807=DIRECTION('center_axis',(0.,-1.,0.));
#5808=DIRECTION('ref_axis',(-1.,0.,0.));
#5809=DIRECTION('center_axis',(0.,1.,0.));
#5810=DIRECTION('ref_axis',(-1.,0.,0.));
#5811=DIRECTION('center_axis',(0.,-1.,0.));
#5812=DIRECTION('ref_axis',(1.,0.,0.));
#5813=DIRECTION('',(1.,0.,0.));
#5814=DIRECTION('',(0.,0.,-1.));
#5815=DIRECTION('',(1.,0.,0.));
#5816=DIRECTION('',(0.,0.,-1.));
#5817=DIRECTION('',(-1.,0.,0.));
#5818=DIRECTION('',(0.,0.,-1.));
#5819=DIRECTION('center_axis',(0.,-1.,0.));
#5820=DIRECTION('ref_axis',(1.,0.,0.));
#5821=DIRECTION('center_axis',(0.,-1.,0.));
#5822=DIRECTION('ref_axis',(1.,0.,0.));
#5823=DIRECTION('center_axis',(-1.,0.,0.));
#5824=DIRECTION('ref_axis',(0.,0.,1.));
#5825=DIRECTION('',(0.,-1.,0.));
#5826=DIRECTION('',(0.,1.,0.));
#5827=DIRECTION('',(0.,0.,1.));
#5828=DIRECTION('',(0.,-1.,0.));
#5829=DIRECTION('',(0.,0.,-1.));
#5830=DIRECTION('',(0.,0.707106781186547,0.707106781186548));
#5831=DIRECTION('center_axis',(-1.,0.,0.));
#5832=DIRECTION('ref_axis',(0.,0.707106781186547,0.707106781186547));
#5833=DIRECTION('',(0.,0.707106781186548,-0.707106781186548));
#5834=DIRECTION('',(0.,0.,-1.));
#5835=DIRECTION('center_axis',(0.,0.,-1.));
#5836=DIRECTION('ref_axis',(-1.,0.,0.));
#5837=DIRECTION('',(0.,-1.,0.));
#5838=DIRECTION('',(-1.,0.,0.));
#5839=DIRECTION('center_axis',(1.,0.,0.));
#5840=DIRECTION('ref_axis',(0.,1.,0.));
#5841=DIRECTION('',(0.,1.,0.));
#5842=DIRECTION('center_axis',(1.,0.,0.));
#5843=DIRECTION('ref_axis',(0.,1.,1.39235365708329E-15));
#5844=DIRECTION('',(0.,-1.,0.));
#5845=DIRECTION('center_axis',(1.,0.,0.));
#5846=DIRECTION('ref_axis',(0.,-1.59126132238091E-15,1.));
#5847=DIRECTION('',(0.,1.,0.));
#5848=DIRECTION('',(0.,0.,1.));
#5849=DIRECTION('center_axis',(0.,-1.,0.));
#5850=DIRECTION('ref_axis',(1.,0.,0.));
#5851=DIRECTION('center_axis',(0.,-1.,0.));
#5852=DIRECTION('ref_axis',(1.,0.,0.));
#5853=DIRECTION('',(0.,1.,0.));
#5854=DIRECTION('center_axis',(0.,-1.,0.));
#5855=DIRECTION('ref_axis',(1.,0.,0.));
#5856=DIRECTION('center_axis',(0.,-1.,0.));
#5857=DIRECTION('ref_axis',(1.,0.,0.));
#5858=DIRECTION('center_axis',(0.,-1.,0.));
#5859=DIRECTION('ref_axis',(1.,0.,0.));
#5860=DIRECTION('',(0.,1.,0.));
#5861=DIRECTION('center_axis',(0.,-1.,0.));
#5862=DIRECTION('ref_axis',(1.,0.,0.));
#5863=DIRECTION('center_axis',(-0.965924118190987,3.94430452610506E-31,
0.258825419727207));
#5864=DIRECTION('ref_axis',(2.6509751161095E-16,-1.,9.89331265867608E-16));
#5865=DIRECTION('',(0.154182062710697,-0.80320770285084,0.575400102206588));
#5866=DIRECTION('',(0.173816636472424,-0.74095074676932,0.64867539474486));
#5867=DIRECTION('',(0.191776888033524,-0.671559372535606,0.715702196710168));
#5868=DIRECTION('',(0.207890570821708,-0.595699073409665,0.775837692112398));
#5869=DIRECTION('',(0.222002064665728,-0.514102117828512,0.828501113896893));
#5870=DIRECTION('',(0.233975253468622,-0.427556357591424,0.873184483283715));
#5871=DIRECTION('',(0.243695580468958,-0.336889393326405,0.909460279904551));
#5872=DIRECTION('',(0.25106878649996,-0.242979559173,0.936976733045988));
#5873=DIRECTION('',(0.256023989602382,-0.146731406221925,0.955469314617804));
#5874=DIRECTION('',(0.258519620566373,-0.0485960939104715,0.964782890312045));
#5875=DIRECTION('',(0.258513662620846,0.0490669313638998,0.964760655543584));
#5876=DIRECTION('',(0.256024003243456,0.146731050923892,0.955469365525638));
#5877=DIRECTION('',(0.251068789413064,0.242979514240026,0.936976743917553));
#5878=DIRECTION('',(0.243695587906188,0.336889313018601,0.90946030765994));
#5879=DIRECTION('',(0.233975404259825,0.427555125793482,0.873185046029289));
#5880=DIRECTION('',(0.222001977119164,0.514102682157744,0.828500787177294));
#5881=DIRECTION('',(0.206711727725264,0.601791659782573,0.771438305917572));
#5882=DIRECTION('',(0.207275223252198,0.598891413471592,0.773541244340436));
#5883=DIRECTION('',(0.205626725060731,0.607315055445588,0.76738912773763));
#5884=DIRECTION('',(0.192282100762609,0.669399426354033,0.717587626512059));
#5885=DIRECTION('',(0.258825419727207,0.,0.965924118190987));
#5886=DIRECTION('',(3.80989887125475E-31,1.,-1.02088627450106E-31));
#5887=DIRECTION('',(-0.258825419727206,0.,-0.965924118190987));
#5888=DIRECTION('',(-0.187001611631697,0.691369927953924,-0.697881093000902));
#5889=DIRECTION('',(-0.205618429878395,0.607356978589552,-0.767358170512906));
#5890=DIRECTION('',(-0.207041637783187,0.600096310240717,-0.772669514514151));
#5891=DIRECTION('',(-0.207890224937736,0.59570087527957,-0.775836401289919));
#5892=DIRECTION('',(-0.222001977119165,0.514102682157743,-0.828500787177295));
#5893=DIRECTION('',(-0.233975404259825,0.42755512579348,-0.87318504602929));
#5894=DIRECTION('',(-0.243695587906188,0.336889313018599,-0.909460307659941));
#5895=DIRECTION('',(-0.251068789413064,0.242979514240024,-0.936976743917553));
#5896=DIRECTION('',(-0.256024003243456,0.14673105092389,-0.955469365525638));
#5897=DIRECTION('',(-0.258508809760856,0.0494471165263203,-0.964742544901622));
#5898=DIRECTION('',(-0.258513646176501,-0.0490682246410449,-0.964760594174071));
#5899=DIRECTION('',(-0.256023989602382,-0.146731406221927,-0.955469314617803));
#5900=DIRECTION('',(-0.25106878649996,-0.242979559173002,-0.936976733045987));
#5901=DIRECTION('',(-0.243695580468957,-0.336889393326407,-0.909460279904551));
#5902=DIRECTION('',(-0.233975253468622,-0.427556357591426,-0.873184483283714));
#5903=DIRECTION('',(-0.222002064665728,-0.514102117828514,-0.828501113896892));
#5904=DIRECTION('',(-0.207890570821707,-0.595699073409667,-0.775837692112397));
#5905=DIRECTION('',(-0.191776888033524,-0.671559372535607,-0.715702196710167));
#5906=DIRECTION('',(-0.173816636472424,-0.740950746769322,-0.648675394744858));
#5907=DIRECTION('',(-0.154182062710696,-0.803207702850841,-0.575400102206587));
#5908=DIRECTION('',(-0.133062696433874,-0.857728985418646,-0.496583634839536));
#5909=DIRECTION('',(-0.110662453714574,-0.903988695211473,-0.412986997698146));
#5910=DIRECTION('',(-0.0871955386327172,-0.94154422979242,-0.325409590189269));
#5911=DIRECTION('',(-0.0628892863906606,-0.970031408676675,-0.234699816442234));
#5912=DIRECTION('',(-0.0379778178041712,-0.989176371748892,-0.141731404171877));
#5913=DIRECTION('',(-0.01269994720415,-0.998795458900179,-0.0473955970675917));
#5914=DIRECTION('',(0.0126999472041508,-0.998795458900178,0.0473955970675935));
#5915=DIRECTION('',(0.037977817804172,-0.989176371748891,0.141731404171879));
#5916=DIRECTION('',(0.0628892863906614,-0.970031408676675,0.234699816442236));
#5917=DIRECTION('',(0.0871955386327181,-0.94154422979242,0.32540959018927));
#5918=DIRECTION('',(0.110662453714575,-0.903988695211472,0.412986997698147));
#5919=DIRECTION('',(0.133062696433875,-0.857728985418645,0.496583634839538));
#5920=DIRECTION('center_axis',(-0.965924118190987,3.94430452610506E-31,
0.258825419727207));
#5921=DIRECTION('ref_axis',(0.,-1.,0.));
#5922=DIRECTION('center_axis',(-0.965924118190987,3.94430452610506E-31,
0.258825419727207));
#5923=DIRECTION('ref_axis',(0.,-1.,0.));
#5924=DIRECTION('center_axis',(-0.258825419727207,0.,-0.965924118190987));
#5925=DIRECTION('ref_axis',(0.,1.,0.));
#5926=DIRECTION('',(0.965924118190987,0.,-0.258825419727207));
#5927=DIRECTION('',(0.,1.,0.));
#5928=DIRECTION('',(0.965924118190987,0.,-0.258825419727207));
#5929=DIRECTION('',(0.965924118190987,0.,-0.258825419727207));
#5930=DIRECTION('',(-0.965924118190987,0.,0.258825419727207));
#5931=DIRECTION('',(0.,-1.,0.));
#5932=DIRECTION('center_axis',(0.965924118190987,0.,-0.258825419727206));
#5933=DIRECTION('ref_axis',(-0.258825419727206,0.,-0.965924118190987));
#5934=DIRECTION('center_axis',(0.965924118190987,0.,-0.258825419727206));
#5935=DIRECTION('ref_axis',(0.258825419727206,0.,0.965924118190987));
#5936=DIRECTION('',(-0.186161531771001,-0.694745955039925,-0.694745955039925));
#5937=DIRECTION('',(0.,1.,0.));
#5938=DIRECTION('',(-0.258825419727206,0.,-0.965924118190987));
#5939=DIRECTION('',(0.258825419727206,0.,0.965924118190987));
#5940=DIRECTION('',(0.,1.,0.));
#5941=DIRECTION('',(0.186161531771001,-0.694745955039925,0.694745955039925));
#5942=DIRECTION('center_axis',(-0.965924118190987,0.,0.258825419727206));
#5943=DIRECTION('ref_axis',(0.,-1.,0.));
#5944=DIRECTION('center_axis',(-0.965924118190987,0.,0.258825419727206));
#5945=DIRECTION('ref_axis',(0.,-1.,0.));
#5946=DIRECTION('center_axis',(0.,-1.,0.));
#5947=DIRECTION('ref_axis',(1.,0.,0.));
#5948=DIRECTION('',(-1.,0.,-4.31408307542741E-31));
#5949=DIRECTION('',(1.,0.,0.));
#5950=DIRECTION('',(0.,0.,1.));
#5951=DIRECTION('center_axis',(0.,1.,0.));
#5952=DIRECTION('ref_axis',(-1.,0.,0.));
#5953=DIRECTION('',(1.,0.,4.31408307542741E-31));
#5954=DIRECTION('',(0.,0.,1.));
#5955=DIRECTION('',(-1.,0.,0.));
#5956=DIRECTION('center_axis',(1.,0.,0.));
#5957=DIRECTION('ref_axis',(0.,1.,0.));
#5958=DIRECTION('',(0.,-1.,-1.55431223447522E-15));
#5959=DIRECTION('',(0.,1.,0.));
#5960=DIRECTION('center_axis',(0.,1.,0.));
#5961=DIRECTION('ref_axis',(-0.258825419727207,0.,-0.965924118190987));
#5962=DIRECTION('',(0.965924118190987,0.,-0.258825419727207));
#5963=DIRECTION('',(-0.258825419727206,0.,-0.965924118190987));
#5964=DIRECTION('center_axis',(0.,-1.,0.));
#5965=DIRECTION('ref_axis',(0.258825419727207,0.,0.965924118190987));
#5966=DIRECTION('',(0.965924118190987,0.,-0.258825419727207));
#5967=DIRECTION('',(0.258825419727207,0.,0.965924118190987));
#5968=DIRECTION('center_axis',(-0.965924118190987,0.,0.258825419727207));
#5969=DIRECTION('ref_axis',(0.258825419727207,0.,0.965924118190987));
#5970=DIRECTION('',(-2.6509751161095E-16,1.,-9.89331265867607E-16));
#5971=DIRECTION('center_axis',(-0.96592411819099,4.18851787594409E-14,0.258825419727197));
#5972=DIRECTION('ref_axis',(-4.04579043584848E-14,-1.,1.08409489727614E-14));
#5973=DIRECTION('',(-0.256024003243461,-0.146731050923657,-0.955469365525673));
#5974=DIRECTION('center_axis',(0.96592411819099,-4.18851787594409E-14,-0.258825419727197));
#5975=DIRECTION('ref_axis',(-4.03219089717202E-14,-1.,1.08045081567616E-14));
#5976=DIRECTION('',(0.258508809760855,-0.0494471165263249,0.964742544901622));
#5977=DIRECTION('',(0.256024003243461,-0.146731050923651,0.955469365525674));
#5978=DIRECTION('',(0.25106878941307,-0.242979514240025,0.936976743917551));
#5979=DIRECTION('',(0.243695587906173,-0.336889313018713,0.909460307659902));
#5980=DIRECTION('',(0.233975404259814,-0.427555125793606,0.873185046029231));
#5981=DIRECTION('',(0.222001977119084,-0.51410268215825,0.828500787177002));
#5982=DIRECTION('',(0.207890224937651,-0.595700875280016,0.775836401289599));
#5983=DIRECTION('',(0.207041637783241,-0.600096310240437,0.772669514514354));
#5984=DIRECTION('',(0.205618429878333,-0.607356978589865,0.767358170512675));
#5985=DIRECTION('',(0.187001611631662,-0.691369927954066,0.697881093000771));
#5986=DIRECTION('',(2.73295633740903E-16,-1.,1.01926267029577E-15));
#5987=DIRECTION('',(-0.192282100762311,-0.66939942635417,-0.717587626512011));
#5988=DIRECTION('',(-0.205626725060646,-0.607315055446017,-0.767389127737313));
#5989=DIRECTION('',(-0.207275223252203,-0.598891413471566,-0.773541244340455));
#5990=DIRECTION('',(-0.206711727725252,-0.601791659782657,-0.771438305917509));
#5991=DIRECTION('',(-0.222001977119082,-0.514102682158248,-0.828500787177003));
#5992=DIRECTION('',(-0.233975404259813,-0.427555125793611,-0.873185046029229));
#5993=DIRECTION('',(-0.243695587906178,-0.336889313018712,-0.909460307659902));
#5994=DIRECTION('',(-0.251068789413064,-0.242979514240027,-0.936976743917553));
#5995=DIRECTION('center_axis',(-0.965924118190989,4.17443857259059E-14,
0.258825419727197));
#5996=DIRECTION('ref_axis',(-4.03219089717202E-14,-1.,1.08045081567616E-14));
#5997=DIRECTION('',(-0.965924118190989,4.17443857259059E-14,0.258825419727197));
#5998=DIRECTION('center_axis',(0.965924118190987,-1.26000308978156E-29,
-0.258825419727207));
#5999=DIRECTION('ref_axis',(1.26217744835362E-29,-1.,-1.57772181044202E-30));
#6000=DIRECTION('',(-0.965924118190989,4.17443857259059E-14,0.258825419727197));
#6001=DIRECTION('center_axis',(-0.0379767904878215,0.989176424453117,-0.141731311608943));
#6002=DIRECTION('ref_axis',(0.256017697614879,0.146731050927018,0.955471055135544));
#6003=DIRECTION('',(-0.965924118190989,4.17443857259059E-14,0.258825419727197));
#6004=DIRECTION('',(-0.256024003243455,-0.146731050923892,-0.955469365525638));
#6005=DIRECTION('',(0.965925826289069,1.66533453693773E-15,-0.258819045102519));
#6006=DIRECTION('',(0.256024003243455,0.146731050923892,0.955469365525638));
#6007=DIRECTION('center_axis',(0.0379777258423904,-0.989176424453581,0.141731060974897));
#6008=DIRECTION('ref_axis',(-0.256024003243455,-0.146731050923892,-0.955469365525638));
#6009=DIRECTION('',(0.965924118190987,0.,-0.258825419727207));
#6010=DIRECTION('',(0.965924118190987,0.,-0.258825419727207));
#6011=DIRECTION('center_axis',(0.0628892747582875,-0.970031419934262,0.234699773030771));
#6012=DIRECTION('ref_axis',(-0.251068789413063,-0.242979514240026,-0.936976743917553));
#6013=DIRECTION('',(0.965924118190987,0.,-0.258825419727207));
#6014=DIRECTION('center_axis',(0.0871955178436498,-0.941544258531618,0.32540951260546));
#6015=DIRECTION('ref_axis',(-0.243695587906187,-0.336889313018601,-0.90946030765994));
#6016=DIRECTION('',(0.965924118190987,0.,-0.258825419727207));
#6017=DIRECTION('center_axis',(0.110662134890017,-0.903989277816789,0.412985807860106));
#6018=DIRECTION('ref_axis',(-0.233975404259825,-0.427555125793482,-0.873185046029289));
#6019=DIRECTION('',(0.965924118190987,0.,-0.258825419727207));
#6020=DIRECTION('center_axis',(0.133062842492361,-0.857728647182903,0.496584179922841));
#6021=DIRECTION('ref_axis',(-0.222001977119164,-0.514102682157745,-0.828500787177294));
#6022=DIRECTION('',(0.965924118190987,0.,-0.258825419727207));
#6023=DIRECTION('center_axis',(0.155758978931557,-0.798653115073206,0.581285078310172));
#6024=DIRECTION('ref_axis',(-0.206711727725263,-0.601791659782573,-0.771438305917571));
#6025=DIRECTION('',(0.965924118190987,0.,-0.258825419727207));
#6026=DIRECTION('center_axis',(0.155008321462805,-0.800830240981195,0.578483660449701));
#6027=DIRECTION('ref_axis',(-0.207275223252198,-0.598891413471592,-0.773541244340436));
#6028=DIRECTION('',(0.965924118190987,0.,-0.258825419727207));
#6029=DIRECTION('center_axis',(0.157188574132356,-0.794461089940295,0.58662025939539));
#6030=DIRECTION('ref_axis',(-0.205626725060731,-0.607315055445588,-0.76738912773763));
#6031=DIRECTION('',(0.965924118190987,0.,-0.258825419727207));
#6032=DIRECTION('center_axis',(0.173257587491234,-0.742902690799335,0.646589050618572));
#6033=DIRECTION('ref_axis',(-0.192282100762609,-0.669399426354033,-0.717587626512059));
#6034=DIRECTION('',(0.965924118190987,0.,-0.258825419727207));
#6035=DIRECTION('center_axis',(0.,0.,1.));
#6036=DIRECTION('ref_axis',(1.,0.,0.));
#6037=DIRECTION('',(1.,0.,0.));
#6038=DIRECTION('',(0.,-1.,0.));
#6039=DIRECTION('center_axis',(0.,0.,1.));
#6040=DIRECTION('ref_axis',(1.,0.,0.));
#6041=DIRECTION('',(-1.,0.,0.));
#6042=DIRECTION('',(0.,-1.,0.));
#6043=DIRECTION('',(-1.,0.,0.));
#6044=DIRECTION('center_axis',(0.965924118190987,0.,-0.258825419727207));
#6045=DIRECTION('ref_axis',(0.,-1.,0.));
#6046=DIRECTION('',(0.965924118190987,0.,-0.258825419727207));
#6047=DIRECTION('center_axis',(0.965924118190987,0.,-0.258825419727207));
#6048=DIRECTION('ref_axis',(0.,-1.,0.));
#6049=DIRECTION('',(0.965924118190987,0.,-0.258825419727207));
#6050=DIRECTION('center_axis',(-0.233975253466759,-0.427556357606643,-0.873184483276762));
#6051=DIRECTION('ref_axis',(-0.110662453714575,0.903988695211472,-0.412986997698147));
#6052=DIRECTION('',(0.965924118190987,0.,-0.258825419727207));
#6053=DIRECTION('',(-0.110662453714575,0.903988695211472,-0.412986997698147));
#6054=DIRECTION('',(0.965924118190987,0.,-0.258825419727207));
#6055=DIRECTION('center_axis',(-0.243695580467753,-0.336889393339414,-0.909460279900055));
#6056=DIRECTION('ref_axis',(-0.0871955386327179,0.94154422979242,-0.32540959018927));
#6057=DIRECTION('',(0.965924118190987,0.,-0.258825419727207));
#6058=DIRECTION('',(-0.0871955386327179,0.94154422979242,-0.32540959018927));
#6059=DIRECTION('center_axis',(-0.207890570818494,0.595699073426403,-0.775837692100407));
#6060=DIRECTION('ref_axis',(0.154182062710697,0.803207702850841,0.575400102206586));
#6061=DIRECTION('',(0.965924118190987,0.,-0.258825419727207));
#6062=DIRECTION('',(0.154182062710697,0.803207702850841,0.575400102206586));
#6063=DIRECTION('',(0.965924118190987,0.,-0.258825419727207));
#6064=DIRECTION('center_axis',(-0.233975253466759,0.427556357606642,-0.873184483276763));
#6065=DIRECTION('ref_axis',(0.110662453714575,0.903988695211473,0.412986997698146));
#6066=DIRECTION('',(0.965924118190987,0.,-0.258825419727207));
#6067=DIRECTION('',(0.110662453714575,0.903988695211473,0.412986997698146));
#6068=DIRECTION('',(0.965924118190987,0.,-0.258825419727207));
#6069=DIRECTION('center_axis',(0.251068786499313,0.24297955918296,0.936976733043578));
#6070=DIRECTION('ref_axis',(0.965924118190987,0.,-0.258825419727206));
#6071=DIRECTION('',(-0.0628892863906613,0.970031408676675,-0.234699816442236));
#6072=DIRECTION('',(0.965924118190987,0.,-0.258825419727205));
#6073=DIRECTION('center_axis',(0.256023989602143,0.146731406228181,0.955469314616907));
#6074=DIRECTION('ref_axis',(0.965924118190987,0.,-0.258825419727207));
#6075=DIRECTION('',(-0.037977817804172,0.989176371748891,-0.141731404171878));
#6076=DIRECTION('',(-0.965924118190987,-1.31641881841383E-17,0.258825419727207));
#6077=DIRECTION('center_axis',(0.258513653871466,0.0490676194692782,0.964760622891317));
#6078=DIRECTION('ref_axis',(0.965924118190987,0.,-0.258825419727206));
#6079=DIRECTION('',(0.965924118190987,0.,-0.258825419727207));
#6080=DIRECTION('',(-0.0126999472041508,0.998795458900178,-0.0473955970675936));
#6081=DIRECTION('center_axis',(-0.133062696429611,-0.85772898542852,-0.496583634823625));
#6082=DIRECTION('ref_axis',(-0.222002064665728,0.514102117828513,-0.828501113896893));
#6083=DIRECTION('',(0.965924118190987,0.,-0.258825419727207));
#6084=DIRECTION('',(-0.222002064665728,0.514102117828513,-0.828501113896893));
#6085=DIRECTION('',(0.965924118190987,0.,-0.258825419727207));
#6086=DIRECTION('center_axis',(-0.154182062706365,-0.803207702863255,-0.575400102190419));
#6087=DIRECTION('ref_axis',(-0.207890570821707,0.595699073409665,-0.775837692112397));
#6088=DIRECTION('',(0.965924118190987,0.,-0.258825419727207));
#6089=DIRECTION('',(-0.207890570821707,0.595699073409665,-0.775837692112397));
#6090=DIRECTION('center_axis',(-0.173816636468268,-0.740950746783876,-0.648675394729348));
#6091=DIRECTION('ref_axis',(-0.191776888033524,0.671559372535606,-0.715702196710168));
#6092=DIRECTION('',(0.965924118190987,0.,-0.258825419727207));
#6093=DIRECTION('',(-0.191776888033524,0.671559372535606,-0.715702196710168));
#6094=DIRECTION('center_axis',(-0.191776888029757,-0.671559372551665,-0.715702196696109));
#6095=DIRECTION('ref_axis',(-0.173816636472424,0.74095074676932,-0.64867539474486));
#6096=DIRECTION('',(0.965924118190987,0.,-0.258825419727207));
#6097=DIRECTION('',(-0.173816636472424,0.74095074676932,-0.64867539474486));
#6098=DIRECTION('center_axis',(-0.207890570818494,-0.595699073426405,-0.775837692100406));
#6099=DIRECTION('ref_axis',(-0.154182062710697,0.80320770285084,-0.575400102206588));
#6100=DIRECTION('',(0.965924118190987,0.,-0.258825419727207));
#6101=DIRECTION('',(-0.154182062710697,0.80320770285084,-0.575400102206588));
#6102=DIRECTION('center_axis',(0.0127981706892249,0.998776743154962,0.0477621624277729));
#6103=DIRECTION('ref_axis',(0.258508809760855,-0.0494471165263203,0.964742544901622));
#6104=DIRECTION('',(0.258508809760855,-0.0494471165263203,0.964742544901622));
#6105=DIRECTION('',(0.965924118190987,0.,-0.258825419727207));
#6106=DIRECTION('',(0.965924118190987,0.,-0.258825419727207));
#6107=DIRECTION('',(-0.965924118190989,4.17443857259059E-14,0.258825419727197));
#6108=DIRECTION('center_axis',(0.0379777258423899,0.989176424453581,0.141731060974895));
#6109=DIRECTION('ref_axis',(0.256024003243455,-0.14673105092389,0.955469365525638));
#6110=DIRECTION('',(0.965924118190987,0.,-0.258825419727207));
#6111=DIRECTION('center_axis',(-0.110662453710636,0.90398869521867,-0.412986997683448));
#6112=DIRECTION('ref_axis',(0.233975253468622,0.427556357591426,0.873184483283714));
#6113=DIRECTION('',(0.965924118190987,0.,-0.258825419727207));
#6114=DIRECTION('',(0.233975253468622,0.427556357591426,0.873184483283714));
#6115=DIRECTION('',(0.965924118190987,0.,-0.258825419727207));
#6116=DIRECTION('center_axis',(-0.0871955386293513,0.941544229797074,-0.325409590176706));
#6117=DIRECTION('ref_axis',(0.243695580468957,0.336889393326407,0.909460279904551));
#6118=DIRECTION('',(0.965924118190987,0.,-0.258825419727207));
#6119=DIRECTION('',(0.243695580468957,0.336889393326407,0.909460279904551));
#6120=DIRECTION('center_axis',(-0.062889286388084,0.970031408679169,-0.234699816432617));
#6121=DIRECTION('ref_axis',(0.251068786499959,0.242979559173003,0.936976733045987));
#6122=DIRECTION('',(0.965924118190987,0.,-0.258825419727207));
#6123=DIRECTION('',(0.251068786499959,0.242979559173003,0.936976733045987));
#6124=DIRECTION('center_axis',(-0.0379778178025536,0.989176371749819,-0.141731404165838));
#6125=DIRECTION('ref_axis',(0.256023989602382,0.146731406221927,0.955469314617803));
#6126=DIRECTION('',(0.965924118190987,0.,-0.258825419727207));
#6127=DIRECTION('',(0.256023989602382,0.146731406221927,0.955469314617803));
#6128=DIRECTION('center_axis',(0.154182529076099,0.803206366503126,0.575401842660017));
#6129=DIRECTION('ref_axis',(0.207890224937736,-0.59570087527957,0.775836401289919));
#6130=DIRECTION('',(0.965924118190987,0.,-0.258825419727207));
#6131=DIRECTION('',(0.965924118190987,0.,-0.258825419727207));
#6132=DIRECTION('center_axis',(0.155320179374802,0.79992775826038,0.579647499298929));
#6133=DIRECTION('ref_axis',(0.207041637783186,-0.600096310240717,0.772669514514151));
#6134=DIRECTION('',(0.965924118190987,0.,-0.258825419727207));
#6135=DIRECTION('center_axis',(0.157199424907689,0.794429040606252,0.586660753971255));
#6136=DIRECTION('ref_axis',(0.205618429878395,-0.607356978589552,0.767358170512906));
#6137=DIRECTION('',(0.965924118190987,0.,-0.258825419727207));
#6138=DIRECTION('center_axis',(0.178944111789443,0.722500949979296,0.667810888002661));
#6139=DIRECTION('ref_axis',(0.187001611631697,-0.691369927953924,0.697881093000902));
#6140=DIRECTION('',(0.965924118190987,0.,-0.258825419727207));
#6141=DIRECTION('center_axis',(0.258825419727207,1.02423290529328E-15,0.965924118190987));
#6142=DIRECTION('ref_axis',(2.6509751161095E-16,-1.,9.89331265867607E-16));
#6143=DIRECTION('center_axis',(0.0126997691049874,-0.998795492704353,0.0473949324100126));
#6144=DIRECTION('ref_axis',(-0.258513662620846,-0.0490669313638998,-0.964760655543584));
#6145=DIRECTION('',(0.965924118190987,0.,-0.258825419727207));
#6146=DIRECTION('',(-0.258513662620846,-0.0490669313638998,-0.964760655543584));
#6147=DIRECTION('center_axis',(-0.0125779044034806,-0.998818511871223,-0.0469401391579986));
#6148=DIRECTION('ref_axis',(-0.258519620566373,0.0485960939104716,-0.964782890312045));
#6149=DIRECTION('',(0.965924118190987,0.,-0.258825419727207));
#6150=DIRECTION('',(-0.258519620566373,0.0485960939104716,-0.964782890312045));
#6151=DIRECTION('center_axis',(-0.037977817802553,-0.989176371749819,-0.141731404165836));
#6152=DIRECTION('ref_axis',(-0.256023989602382,0.146731406221925,-0.955469314617804));
#6153=DIRECTION('',(0.965924118190987,0.,-0.258825419727207));
#6154=DIRECTION('',(-0.256023989602382,0.146731406221925,-0.955469314617804));
#6155=DIRECTION('center_axis',(-0.0628892863880835,-0.97003140867917,-0.234699816432615));
#6156=DIRECTION('ref_axis',(-0.251068786499959,0.242979559173001,-0.936976733045988));
#6157=DIRECTION('',(0.965924118190987,0.,-0.258825419727207));
#6158=DIRECTION('',(-0.251068786499959,0.242979559173001,-0.936976733045988));
#6159=DIRECTION('center_axis',(-0.0871955386293508,-0.941544229797075,-0.325409590176704));
#6160=DIRECTION('ref_axis',(-0.243695580468957,0.336889393326405,-0.909460279904551));
#6161=DIRECTION('',(0.965924118190987,0.,-0.258825419727207));
#6162=DIRECTION('',(-0.243695580468957,0.336889393326405,-0.909460279904551));
#6163=DIRECTION('center_axis',(-0.110662453710636,-0.903988695218671,-0.412986997683447));
#6164=DIRECTION('ref_axis',(-0.233975253468622,0.427556357591424,-0.873184483283715));
#6165=DIRECTION('',(-0.233975253468622,0.427556357591424,-0.873184483283715));
#6166=DIRECTION('center_axis',(-0.222002064663172,-0.514102117844987,-0.828501113887355));
#6167=DIRECTION('ref_axis',(-0.133062696433875,0.857728985418645,-0.496583634839538));
#6168=DIRECTION('',(-0.133062696433875,0.857728985418645,-0.496583634839538));
#6169=DIRECTION('center_axis',(-0.258513653871467,0.0490676194692763,-0.964760622891317));
#6170=DIRECTION('ref_axis',(0.0126999472041503,0.998795458900179,0.0473955970675916));
#6171=DIRECTION('',(0.965924118190987,0.,-0.258825419727207));
#6172=DIRECTION('',(0.0126999472041503,0.998795458900179,0.0473955970675916));
#6173=DIRECTION('center_axis',(-0.256023989602142,0.146731406228178,-0.955469314616908));
#6174=DIRECTION('ref_axis',(0.0379778178041715,0.989176371748892,0.141731404171877));
#6175=DIRECTION('',(0.965924118190987,0.,-0.258825419727207));
#6176=DIRECTION('',(0.0379778178041715,0.989176371748892,0.141731404171877));
#6177=DIRECTION('center_axis',(-0.251068786499314,0.242979559182958,-0.936976733043578));
#6178=DIRECTION('ref_axis',(0.0628892863906608,0.970031408676675,0.234699816442234));
#6179=DIRECTION('',(0.965924118190987,0.,-0.258825419727207));
#6180=DIRECTION('',(0.0628892863906608,0.970031408676675,0.234699816442234));
#6181=DIRECTION('center_axis',(-0.243695580467753,0.336889393339413,-0.909460279900056));
#6182=DIRECTION('ref_axis',(0.0871955386327174,0.941544229792421,0.325409590189269));
#6183=DIRECTION('',(0.0871955386327174,0.941544229792421,0.325409590189269));
#6184=DIRECTION('center_axis',(-0.222002064663172,0.514102117844985,-0.828501113887356));
#6185=DIRECTION('ref_axis',(0.133062696433874,0.857728985418646,0.496583634839536));
#6186=DIRECTION('',(0.133062696433874,0.857728985418646,0.496583634839536));
#6187=DIRECTION('center_axis',(-0.191776888029757,0.671559372551664,-0.71570219669611));
#6188=DIRECTION('ref_axis',(0.173816636472424,0.740950746769322,0.648675394744858));
#6189=DIRECTION('',(0.965924118190987,0.,-0.258825419727207));
#6190=DIRECTION('',(0.173816636472424,0.740950746769322,0.648675394744858));
#6191=DIRECTION('center_axis',(-0.173816636468268,0.740950746783874,-0.648675394729349));
#6192=DIRECTION('ref_axis',(0.191776888033523,0.671559372535607,0.715702196710167));
#6193=DIRECTION('',(0.965924118190987,0.,-0.258825419727207));
#6194=DIRECTION('',(0.191776888033523,0.671559372535607,0.715702196710167));
#6195=DIRECTION('center_axis',(-0.154182062706365,0.803207702863254,-0.57540010219042));
#6196=DIRECTION('ref_axis',(0.207890570821707,0.595699073409667,0.775837692112396));
#6197=DIRECTION('',(0.965924118190987,0.,-0.258825419727207));
#6198=DIRECTION('',(0.207890570821707,0.595699073409667,0.775837692112396));
#6199=DIRECTION('center_axis',(-0.133062696429611,0.857728985428519,-0.496583634823626));
#6200=DIRECTION('ref_axis',(0.222002064665727,0.514102117828514,0.828501113896892));
#6201=DIRECTION('',(0.222002064665727,0.514102117828514,0.828501113896892));
#6202=DIRECTION('center_axis',(-0.0127001038379873,0.998795429169846,-0.0473961816175985));
#6203=DIRECTION('ref_axis',(0.258513646176501,0.0490682246410449,0.964760594174071));
#6204=DIRECTION('',(0.258513646176501,0.0490682246410449,0.964760594174071));
#6205=DIRECTION('center_axis',(0.062889274758287,0.970031419934263,0.234699773030769));
#6206=DIRECTION('ref_axis',(0.251068789413064,-0.242979514240024,0.936976743917554));
#6207=DIRECTION('',(0.965924118190987,0.,-0.258825419727207));
#6208=DIRECTION('center_axis',(0.0871955178436493,0.941544258531619,0.325409512605458));
#6209=DIRECTION('ref_axis',(0.243695587906188,-0.3368893130186,0.909460307659941));
#6210=DIRECTION('',(0.965924118190987,0.,-0.258825419727207));
#6211=DIRECTION('center_axis',(0.110662134890016,0.90398927781679,0.412985807860104));
#6212=DIRECTION('ref_axis',(0.233975404259825,-0.427555125793481,0.873185046029289));
#6213=DIRECTION('',(0.965924118190987,0.,-0.258825419727207));
#6214=DIRECTION('center_axis',(0.13306284249236,0.857728647182904,0.496584179922839));
#6215=DIRECTION('ref_axis',(0.222001977119164,-0.514102682157743,0.828500787177295));
#6216=DIRECTION('center_axis',(0.179817913416988,0.719255210586383,0.671071873988694));
#6217=DIRECTION('ref_axis',(0.186161531771001,-0.694745955039925,0.694745955039925));
#6218=DIRECTION('',(-0.186161531771001,0.694745955039925,-0.694745955039925));
#6219=DIRECTION('',(0.965924118190987,0.,-0.258825419727207));
#6220=DIRECTION('',(0.965924118190987,0.,-0.258825419727207));
#6221=DIRECTION('center_axis',(-0.258825419727207,0.,-0.965924118190987));
#6222=DIRECTION('ref_axis',(0.,1.,0.));
#6223=DIRECTION('',(0.,-1.,0.));
#6224=DIRECTION('',(0.965924118190987,0.,-0.258825419727207));
#6225=DIRECTION('center_axis',(-0.258825419727207,0.,-0.965924118190987));
#6226=DIRECTION('ref_axis',(0.,1.,0.));
#6227=DIRECTION('',(0.,1.,0.));
#6228=DIRECTION('',(0.965924118190987,0.,-0.258825419727207));
#6229=DIRECTION('',(0.965924118190987,0.,-0.258825419727207));
#6230=DIRECTION('center_axis',(0.179817913416988,-0.719255210586383,0.671071873988694));
#6231=DIRECTION('ref_axis',(-0.186161531771001,-0.694745955039925,-0.694745955039925));
#6232=DIRECTION('',(0.186161531771001,0.694745955039925,0.694745955039925));
#6233=DIRECTION('',(0.965924118190987,0.,-0.258825419727207));
#6234=DIRECTION('center_axis',(0.965924118190987,0.,-0.258825419727206));
#6235=DIRECTION('ref_axis',(0.258825419727206,0.,0.965924118190987));
#6236=DIRECTION('center_axis',(0.251062602913471,-0.24297955917798,0.936978389953572));
#6237=DIRECTION('ref_axis',(-0.0628877374858741,-0.970031408677923,-0.234700231470344));
#6238=DIRECTION('',(-0.0628892863906608,-0.970031408676675,-0.234699816442234));
#6239=DIRECTION('',(0.965925826289069,1.66533453693773E-15,-0.258819045102518));
#6240=DIRECTION('',(0.965925826289069,1.66533453693773E-15,-0.258819045102518));
#6241=DIRECTION('center_axis',(0.243689578477263,-0.336889393332909,0.909461888152197));
#6242=DIRECTION('ref_axis',(-0.0871933910875888,-0.941544229794748,-0.325410165623113));
#6243=DIRECTION('',(-0.0871955386327174,-0.941544229792421,-0.325409590189269));
#6244=DIRECTION('',(0.965925826289069,1.66533453693773E-15,-0.258819045102518));
#6245=DIRECTION('center_axis',(0.233969490879037,-0.427556357599033,0.873186027381595));
#6246=DIRECTION('ref_axis',(-0.110659728201291,-0.903988695215072,-0.412987727998991));
#6247=DIRECTION('',(-0.110662453714575,-0.903988695211473,-0.412986997698146));
#6248=DIRECTION('',(0.965925826289069,1.66533453693773E-15,-0.258819045102518));
#6249=DIRECTION('center_axis',(0.221996596964085,-0.514102117836749,0.828502578977359));
#6250=DIRECTION('ref_axis',(-0.133059419223689,-0.857728985423583,-0.496584512968422));
#6251=DIRECTION('',(-0.133062696433874,-0.857728985418646,-0.496583634839536));
#6252=DIRECTION('',(0.965925826289069,1.66533453693773E-15,-0.258819045102518));
#6253=DIRECTION('center_axis',(0.207885450672449,-0.595699073418034,0.775839064063939));
#6254=DIRECTION('ref_axis',(-0.154178265350509,-0.803207702857048,-0.575401119710948));
#6255=DIRECTION('',(-0.154182062710697,-0.803207702850841,-0.575400102206586));
#6256=DIRECTION('',(0.965925826289069,1.66533453693773E-15,-0.258819045102518));
#6257=DIRECTION('center_axis',(0.191772164748718,-0.671559372543635,0.715703462319689));
#6258=DIRECTION('ref_axis',(-0.173812355531389,-0.740950746776599,-0.64867654182638));
#6259=DIRECTION('',(-0.173816636472424,-0.740950746769322,-0.648675394744858));
#6260=DIRECTION('',(0.965925826289069,1.66533453693773E-15,-0.258819045102518));
#6261=DIRECTION('center_axis',(0.173812355531392,-0.740950746776598,0.64867654182638));
#6262=DIRECTION('ref_axis',(-0.191772164748716,-0.671559372543636,-0.715703462319688));
#6263=DIRECTION('',(-0.191776888033523,-0.671559372535607,-0.715702196710167));
#6264=DIRECTION('',(0.965925826289069,1.66533453693773E-15,-0.258819045102518));
#6265=DIRECTION('center_axis',(0.154178265350512,-0.803207702857047,0.575401119710949));
#6266=DIRECTION('ref_axis',(-0.207885450672447,-0.595699073418036,-0.775839064063938));
#6267=DIRECTION('',(-0.207890570821707,-0.595699073409667,-0.775837692112396));
#6268=DIRECTION('',(0.965925826289069,1.66533453693773E-15,-0.258819045102519));
#6269=DIRECTION('center_axis',(0.133059419223692,-0.857728985423582,0.496584512968423));
#6270=DIRECTION('ref_axis',(-0.221996596964083,-0.514102117836751,-0.828502578977359));
#6271=DIRECTION('',(-0.222002064665727,-0.514102117828514,-0.828501113896892));
#6272=DIRECTION('',(0.965925826289069,1.66533453693773E-15,-0.258819045102518));
#6273=DIRECTION('center_axis',(0.110659728201295,-0.903988695215071,0.412987727998992));
#6274=DIRECTION('ref_axis',(-0.233969490879036,-0.427556357599035,-0.873186027381595));
#6275=DIRECTION('',(-0.233975253468622,-0.427556357591426,-0.873184483283714));
#6276=DIRECTION('',(0.965925826289069,1.66533453693773E-15,-0.258819045102518));
#6277=DIRECTION('center_axis',(0.0871933910875922,-0.941544229794747,0.325410165623114));
#6278=DIRECTION('ref_axis',(-0.243689578477262,-0.336889393332911,-0.909461888152196));
#6279=DIRECTION('',(-0.243695580468957,-0.336889393326407,-0.909460279904551));
#6280=DIRECTION('',(0.965925826289069,1.66533453693773E-15,-0.258819045102518));
#6281=DIRECTION('center_axis',(0.0628877374858776,-0.970031408677922,0.234700231470345));
#6282=DIRECTION('ref_axis',(-0.25106260291347,-0.242979559177981,-0.936978389953571));
#6283=DIRECTION('',(-0.251068786499959,-0.242979559173003,-0.936976733045987));
#6284=DIRECTION('',(0.965925826289069,1.66533453693773E-15,-0.258819045102519));
#6285=DIRECTION('center_axis',(0.0379768824457197,-0.989176371749355,0.141731654800492));
#6286=DIRECTION('ref_axis',(-0.256017683974142,-0.146731406225054,-0.955471004227619));
#6287=DIRECTION('',(-0.256023989602382,-0.146731406221927,-0.955469314617803));
#6288=DIRECTION('',(0.965925826289069,1.66533453693773E-15,-0.258819045102518));
#6289=DIRECTION('center_axis',(0.0126997910467486,-0.998795429169793,0.0473962654319682));
#6290=DIRECTION('ref_axis',(-0.258507279230486,-0.0490682246421109,-0.964762300214578));
#6291=DIRECTION('',(-0.258513646176501,-0.0490682246410449,-0.964760594174071));
#6292=DIRECTION('',(0.965925826289069,1.66533453693773E-15,-0.258819045102519));
#6293=DIRECTION('center_axis',(-0.0127978554826916,-0.998776743154909,-0.0477622468893358));
#6294=DIRECTION('ref_axis',(-0.258502442933957,0.0494471165273944,-0.96474425091021));
#6295=DIRECTION('',(-0.258508809760855,0.0494471165263203,-0.964742544901622));
#6296=DIRECTION('center_axis',(0.256017683974142,-0.146731406225052,0.955471004227619));
#6297=DIRECTION('ref_axis',(-0.0379768824457161,-0.989176371749355,-0.14173165480049));
#6298=DIRECTION('',(-0.0379778178041715,-0.989176371748892,-0.141731404171877));
#6299=DIRECTION('',(0.965925826289069,1.66533453693773E-15,-0.258819045102518));
#6300=DIRECTION('center_axis',(0.25850728692529,-0.0490676194682103,0.964762328931975));
#6301=DIRECTION('ref_axis',(-0.0126996344162144,-0.998795458900231,-0.0473956808788691));
#6302=DIRECTION('',(-0.0126999472041503,-0.998795458900179,-0.0473955970675916));
#6303=DIRECTION('',(0.965925826289069,1.66533453693773E-15,-0.258819045102518));
#6304=DIRECTION('center_axis',(0.258507286925289,0.0490676194682124,0.964762328931975));
#6305=DIRECTION('ref_axis',(0.012699634416218,-0.998795458900231,0.0473956808788702));
#6306=DIRECTION('',(0.0126999472041508,-0.998795458900178,0.0473955970675936));
#6307=DIRECTION('',(0.965925826289069,1.66533453693773E-15,-0.258819045102518));
#6308=DIRECTION('center_axis',(0.256017683974142,0.146731406225054,0.955471004227619));
#6309=DIRECTION('ref_axis',(0.0379768824457197,-0.989176371749355,0.141731654800492));
#6310=DIRECTION('',(0.037977817804172,-0.989176371748891,0.141731404171878));
#6311=DIRECTION('',(0.965925826289069,1.66533453693773E-15,-0.258819045102518));
#6312=DIRECTION('center_axis',(0.25106260291347,0.242979559177982,0.936978389953572));
#6313=DIRECTION('ref_axis',(0.0628877374858776,-0.970031408677922,0.234700231470345));
#6314=DIRECTION('',(0.0628892863906613,-0.970031408676675,0.234699816442236));
#6315=DIRECTION('',(0.965925826289069,1.66533453693773E-15,-0.258819045102518));
#6316=DIRECTION('center_axis',(0.243689578477262,0.336889393332911,0.909461888152196));
#6317=DIRECTION('ref_axis',(0.0871933910875922,-0.941544229794747,0.325410165623114));
#6318=DIRECTION('',(0.0871955386327179,-0.94154422979242,0.32540959018927));
#6319=DIRECTION('',(0.965925826289069,1.66533453693773E-15,-0.258819045102518));
#6320=DIRECTION('center_axis',(0.233969490879036,0.427556357599035,0.873186027381595));
#6321=DIRECTION('ref_axis',(0.110659728201294,-0.903988695215071,0.412987727998992));
#6322=DIRECTION('',(0.110662453714575,-0.903988695211472,0.412986997698147));
#6323=DIRECTION('',(0.965925826289069,1.66533453693773E-15,-0.258819045102518));
#6324=DIRECTION('center_axis',(0.221996596964083,0.514102117836751,0.828502578977358));
#6325=DIRECTION('ref_axis',(0.133059419223692,-0.857728985423582,0.496584512968423));
#6326=DIRECTION('',(0.133062696433875,-0.857728985418645,0.496583634839538));
#6327=DIRECTION('',(0.965925826289069,1.66533453693773E-15,-0.258819045102518));
#6328=DIRECTION('center_axis',(0.207885450672447,0.595699073418036,0.775839064063938));
#6329=DIRECTION('ref_axis',(0.154178265350512,-0.803207702857047,0.575401119710949));
#6330=DIRECTION('',(0.154182062710697,-0.80320770285084,0.575400102206588));
#6331=DIRECTION('',(0.965925826289069,1.66533453693773E-15,-0.258819045102518));
#6332=DIRECTION('center_axis',(0.191772164748716,0.671559372543637,0.715703462319688));
#6333=DIRECTION('ref_axis',(0.173812355531392,-0.740950746776597,0.64867654182638));
#6334=DIRECTION('',(0.173816636472424,-0.74095074676932,0.64867539474486));
#6335=DIRECTION('',(0.965925826289069,1.66533453693773E-15,-0.258819045102518));
#6336=DIRECTION('center_axis',(0.173812355531389,0.740950746776599,0.64867654182638));
#6337=DIRECTION('ref_axis',(0.191772164748718,-0.671559372543635,0.715703462319689));
#6338=DIRECTION('',(0.191776888033524,-0.671559372535606,0.715702196710168));
#6339=DIRECTION('',(0.965925826289069,1.66533453693773E-15,-0.258819045102518));
#6340=DIRECTION('center_axis',(0.154178265350509,0.803207702857048,0.575401119710948));
#6341=DIRECTION('ref_axis',(0.20788545067245,-0.595699073418034,0.775839064063939));
#6342=DIRECTION('',(0.207890570821707,-0.595699073409665,0.775837692112397));
#6343=DIRECTION('',(0.965925826289069,1.66533453693773E-15,-0.258819045102518));
#6344=DIRECTION('center_axis',(0.133059419223688,0.857728985423583,0.496584512968422));
#6345=DIRECTION('ref_axis',(0.221996596964085,-0.514102117836749,0.828502578977359));
#6346=DIRECTION('',(0.222002064665728,-0.514102117828513,0.828501113896893));
#6347=DIRECTION('',(0.965925826289069,1.66533453693773E-15,-0.258819045102518));
#6348=DIRECTION('center_axis',(0.110659728201291,0.903988695215072,0.412987727998991));
#6349=DIRECTION('ref_axis',(0.233969490879037,-0.427556357599033,0.873186027381595));
#6350=DIRECTION('',(0.233975253468622,-0.427556357591424,0.873184483283715));
#6351=DIRECTION('',(0.965925826289069,1.66533453693773E-15,-0.258819045102519));
#6352=DIRECTION('center_axis',(0.0871933910875887,0.941544229794748,0.325410165623113));
#6353=DIRECTION('ref_axis',(0.243689578477263,-0.336889393332909,0.909461888152197));
#6354=DIRECTION('',(0.243695580468957,-0.336889393326405,0.909460279904551));
#6355=DIRECTION('',(0.965925826289069,1.66533453693773E-15,-0.258819045102518));
#6356=DIRECTION('center_axis',(0.062887737485874,0.970031408677923,0.234700231470344));
#6357=DIRECTION('ref_axis',(0.251062602913471,-0.242979559177979,0.936978389953572));
#6358=DIRECTION('',(0.251068786499959,-0.242979559173001,0.936976733045988));
#6359=DIRECTION('',(0.965925826289069,1.66533453693773E-15,-0.258819045102518));
#6360=DIRECTION('center_axis',(0.037976882445716,0.989176371749355,0.14173165480049));
#6361=DIRECTION('ref_axis',(0.256017683974142,-0.146731406225052,0.955471004227619));
#6362=DIRECTION('',(0.256023989602382,-0.146731406221925,0.955469314617804));
#6363=DIRECTION('',(0.965925826289069,1.66533453693773E-15,-0.258819045102518));
#6364=DIRECTION('center_axis',(0.0125775946218922,0.998818511871172,0.0469402221659136));
#6365=DIRECTION('ref_axis',(0.258513253473215,-0.0485960939115273,0.96478459639198));
#6366=DIRECTION('',(0.258519620566373,-0.0485960939104716,0.964782890312045));
#6367=DIRECTION('',(0.965925826289069,1.66533453693773E-15,-0.258819045102518));
#6368=DIRECTION('center_axis',(-0.0126994563219929,0.9987954927043,-0.0473950162221732));
#6369=DIRECTION('ref_axis',(0.258507295674426,0.0490669313649658,0.964762361584199));
#6370=DIRECTION('',(0.258513662620846,0.0490669313638998,0.964760655543584));
#6371=DIRECTION('center_axis',(0.965924118190987,0.,-0.258825419727206));
#6372=DIRECTION('ref_axis',(-0.258825419727206,0.,-0.965924118190987));
#6373=DIRECTION('',(0.,1.,0.));
#6374=DIRECTION('',(0.258825419727207,0.,0.965924118190987));
#6375=DIRECTION('center_axis',(0.965924118190987,0.,-0.258825419727206));
#6376=DIRECTION('ref_axis',(0.258825419727206,0.,0.965924118190987));
#6377=DIRECTION('',(0.,1.,0.));
#6378=DIRECTION('',(-0.186161531771001,-0.694745955039925,-0.694745955039925));
#6379=DIRECTION('center_axis',(0.965924118190987,0.,-0.258825419727206));
#6380=DIRECTION('ref_axis',(0.258825419727206,-1.02132494862513E-16,0.965924118190987));
#6381=DIRECTION('',(0.,-1.,0.));
#6382=DIRECTION('center_axis',(0.965924118190987,0.,-0.258825419727206));
#6383=DIRECTION('ref_axis',(0.258825419727206,0.,0.965924118190987));
#6384=DIRECTION('',(0.186161531771001,-0.694745955039925,0.694745955039925));
#6385=DIRECTION('',(0.,1.,0.));
#6386=DIRECTION('center_axis',(0.965924118190987,0.,-0.258825419727206));
#6387=DIRECTION('ref_axis',(0.258825419727206,1.67744822677076E-17,0.965924118190987));
#6388=DIRECTION('',(-0.258825419727207,0.,-0.965924118190987));
#6389=DIRECTION('center_axis',(0.906307787036652,4.08953021402097E-16,0.422618261740695));
#6390=DIRECTION('ref_axis',(-2.89996333924897E-16,1.,-3.45766141652301E-16));
#6391=DIRECTION('',(3.70586349153089E-16,-1.,1.72940296271469E-16));
#6392=DIRECTION('',(0.422618261740695,-1.90812800118584E-16,-0.906307787036652));
#6393=DIRECTION('',(-3.70586349153089E-16,1.,-1.72940296271469E-16));
#6394=DIRECTION('',(-0.422618261740695,1.90812800118584E-16,0.906307787036652));
#6395=DIRECTION('center_axis',(-0.422618261740695,3.29590700118584E-16,
0.906307787036652));
#6396=DIRECTION('ref_axis',(-0.0120516070210395,-0.999911584643082,-0.00561975664698484));
#6397=DIRECTION('center_axis',(0.422885465331178,0.,-0.90618313999524));
#6398=DIRECTION('ref_axis',(-0.90618313999524,-4.09050182392788E-16,-0.422885465331178));
#6399=DIRECTION('center_axis',(-0.422885465331178,0.,0.90618313999524));
#6400=DIRECTION('ref_axis',(-0.90618313999524,-4.09050182392788E-16,-0.422885465331178));
#6401=DIRECTION('',(0.422618261740695,-1.90812800118584E-16,-0.906307787036652));
#6402=DIRECTION('center_axis',(-0.906307787036652,-4.08953021402097E-16,
-0.422618261740695));
#6403=DIRECTION('ref_axis',(2.89996333924897E-16,-1.,3.45766141652301E-16));
#6404=DIRECTION('',(-3.70586349153089E-16,1.,-1.72940296271469E-16));
#6405=DIRECTION('',(3.70586349153089E-16,-1.,1.72940296271469E-16));
#6406=DIRECTION('',(-0.422618261740695,1.90812800118584E-16,0.906307787036652));
#6407=DIRECTION('center_axis',(-0.422618261740695,3.29590700118584E-16,
0.906307787036652));
#6408=DIRECTION('ref_axis',(-2.31346259058873E-16,1.,-4.71541633090894E-16));
#6409=DIRECTION('center_axis',(0.422885465331178,0.,-0.90618313999524));
#6410=DIRECTION('ref_axis',(-0.90618313999524,-4.09050182392788E-16,-0.422885465331178));
#6411=DIRECTION('center_axis',(-0.422885465331178,0.,0.90618313999524));
#6412=DIRECTION('ref_axis',(-0.90618313999524,-4.09050182392788E-16,-0.422885465331178));
#6413=DIRECTION('center_axis',(0.906307787036651,4.08953021402098E-16,0.422618261740697));
#6414=DIRECTION('ref_axis',(-2.89996333924897E-16,1.,-3.45766141652301E-16));
#6415=DIRECTION('',(-3.7058634915309E-16,1.,-1.72940296271469E-16));
#6416=DIRECTION('',(-0.422618261740697,1.90812800118583E-16,0.906307787036651));
#6417=DIRECTION('',(3.7058634915309E-16,-1.,1.72940296271469E-16));
#6418=DIRECTION('',(0.422618261740697,-1.90812800118583E-16,-0.906307787036651));
#6419=DIRECTION('center_axis',(-0.422618261740697,3.29590700118583E-16,
0.906307787036651));
#6420=DIRECTION('ref_axis',(-2.31346259058872E-16,1.,-4.71541633090894E-16));
#6421=DIRECTION('center_axis',(-0.422885465331178,0.,0.90618313999524));
#6422=DIRECTION('ref_axis',(-0.90618313999524,-4.09050182392788E-16,-0.422885465331178));
#6423=DIRECTION('center_axis',(0.422885465331178,0.,-0.90618313999524));
#6424=DIRECTION('ref_axis',(-0.90618313999524,-4.09050182392788E-16,-0.422885465331178));
#6425=DIRECTION('',(-0.422618261740697,1.90812800118583E-16,0.906307787036651));
#6426=DIRECTION('center_axis',(-0.906307787036651,-4.08953021402098E-16,
-0.422618261740697));
#6427=DIRECTION('ref_axis',(2.89996333924897E-16,-1.,3.45766141652301E-16));
#6428=DIRECTION('',(3.7058634915309E-16,-1.,1.72940296271469E-16));
#6429=DIRECTION('',(-3.7058634915309E-16,1.,-1.72940296271469E-16));
#6430=DIRECTION('',(0.422618261740697,-1.90812800118583E-16,-0.906307787036651));
#6431=DIRECTION('center_axis',(-0.422618261740697,3.29590700118583E-16,
0.906307787036651));
#6432=DIRECTION('ref_axis',(-0.0120516070210401,-0.999911584643082,-0.00561975664698514));
#6433=DIRECTION('center_axis',(-0.422885465331178,0.,0.90618313999524));
#6434=DIRECTION('ref_axis',(-0.90618313999524,-4.09050182392788E-16,-0.422885465331178));
#6435=DIRECTION('center_axis',(0.422885465331178,0.,-0.90618313999524));
#6436=DIRECTION('ref_axis',(-0.90618313999524,-4.09050182392788E-16,-0.422885465331178));
#6437=DIRECTION('center_axis',(0.,0.,1.));
#6438=DIRECTION('ref_axis',(1.,0.,0.));
#6439=DIRECTION('center_axis',(0.,0.,-1.));
#6440=DIRECTION('ref_axis',(1.,0.,0.));
#6441=DIRECTION('',(0.,0.,1.));
#6442=DIRECTION('center_axis',(0.,0.,1.));
#6443=DIRECTION('ref_axis',(1.,0.,0.));
#6444=DIRECTION('center_axis',(0.,0.,1.));
#6445=DIRECTION('ref_axis',(1.,0.,0.));
#6446=DIRECTION('center_axis',(-1.,0.,0.));
#6447=DIRECTION('ref_axis',(0.,-1.,0.));
#6448=DIRECTION('',(0.,1.,0.));
#6449=DIRECTION('',(0.,0.,1.));
#6450=DIRECTION('center_axis',(1.,0.,0.));
#6451=DIRECTION('ref_axis',(-2.22311142858267E-17,5.03032693274918E-16,
1.));
#6452=DIRECTION('',(0.,1.,0.));
#6453=DIRECTION('center_axis',(1.,0.,0.));
#6454=DIRECTION('ref_axis',(-2.22311142858268E-17,2.51516346637459E-16,
1.));
#6455=DIRECTION('',(0.,-1.,0.));
#6456=DIRECTION('center_axis',(1.,0.,0.));
#6457=DIRECTION('ref_axis',(2.22311142858267E-17,5.65911779934283E-16,1.));
#6458=DIRECTION('',(0.,1.,0.));
#6459=DIRECTION('center_axis',(1.,0.,0.));
#6460=DIRECTION('ref_axis',(2.22311142858268E-17,0.,1.));
#6461=DIRECTION('',(0.,0.,-1.));
#6462=DIRECTION('center_axis',(0.,0.,1.));
#6463=DIRECTION('ref_axis',(1.,0.,0.));
#6464=DIRECTION('',(1.,0.,0.));
#6465=DIRECTION('center_axis',(0.,0.,1.));
#6466=DIRECTION('ref_axis',(0.707106781186548,0.707106781186548,0.));
#6467=DIRECTION('',(0.,-1.,0.));
#6468=DIRECTION('',(-1.,0.,0.));
#6469=DIRECTION('',(0.,-1.,0.));
#6470=DIRECTION('',(-1.,0.,0.));
#6471=DIRECTION('',(1.,0.,0.));
#6472=DIRECTION('',(0.,-1.,0.));
#6473=DIRECTION('',(-1.,0.,0.));
#6474=DIRECTION('',(1.,0.,0.));
#6475=DIRECTION('',(0.,-1.,0.));
#6476=DIRECTION('center_axis',(0.,0.,1.));
#6477=DIRECTION('ref_axis',(0.707106781186548,-0.707106781186548,0.));
#6478=DIRECTION('',(-1.,0.,0.));
#6479=DIRECTION('center_axis',(0.,0.,-1.));
#6480=DIRECTION('ref_axis',(1.,0.,0.));
#6481=DIRECTION('center_axis',(0.,0.,-1.));
#6482=DIRECTION('ref_axis',(1.,0.,0.));
#6483=DIRECTION('center_axis',(0.,0.,-1.));
#6484=DIRECTION('ref_axis',(1.,0.,0.));
#6485=DIRECTION('center_axis',(0.,0.,-1.));
#6486=DIRECTION('ref_axis',(1.,0.,0.));
#6487=DIRECTION('center_axis',(0.,0.,1.));
#6488=DIRECTION('ref_axis',(1.,0.,0.));
#6489=DIRECTION('',(0.,0.,1.));
#6490=DIRECTION('center_axis',(0.,0.,1.));
#6491=DIRECTION('ref_axis',(1.,0.,0.));
#6492=DIRECTION('center_axis',(0.,0.,1.));
#6493=DIRECTION('ref_axis',(1.,0.,0.));
#6494=DIRECTION('center_axis',(0.,0.,1.));
#6495=DIRECTION('ref_axis',(1.,0.,0.));
#6496=DIRECTION('',(0.,0.,1.));
#6497=DIRECTION('center_axis',(0.,0.,1.));
#6498=DIRECTION('ref_axis',(1.,0.,0.));
#6499=DIRECTION('center_axis',(0.,0.,1.));
#6500=DIRECTION('ref_axis',(1.,0.,0.));
#6501=DIRECTION('center_axis',(0.,0.,1.));
#6502=DIRECTION('ref_axis',(1.,0.,0.));
#6503=DIRECTION('',(0.,0.,1.));
#6504=DIRECTION('center_axis',(0.,0.,1.));
#6505=DIRECTION('ref_axis',(1.,0.,0.));
#6506=DIRECTION('center_axis',(0.,0.,1.));
#6507=DIRECTION('ref_axis',(1.,0.,0.));
#6508=DIRECTION('center_axis',(0.,0.,1.));
#6509=DIRECTION('ref_axis',(1.,0.,0.));
#6510=DIRECTION('',(0.,0.,1.));
#6511=DIRECTION('center_axis',(0.,0.,1.));
#6512=DIRECTION('ref_axis',(1.,0.,0.));
#6513=DIRECTION('center_axis',(0.,0.,1.));
#6514=DIRECTION('ref_axis',(1.,0.,0.));
#6515=DIRECTION('center_axis',(0.,1.,0.));
#6516=DIRECTION('ref_axis',(-1.,0.,0.));
#6517=DIRECTION('',(0.,0.,1.));
#6518=DIRECTION('',(-0.90618313999524,0.,-0.422885465331178));
#6519=DIRECTION('center_axis',(0.,1.,0.));
#6520=DIRECTION('ref_axis',(0.422885465331182,0.,-0.906183139995238));
#6521=DIRECTION('',(-1.,0.,0.));
#6522=DIRECTION('center_axis',(1.,0.,0.));
#6523=DIRECTION('ref_axis',(0.,1.,0.));
#6524=DIRECTION('',(0.,0.,-1.));
#6525=DIRECTION('center_axis',(-1.,0.,0.));
#6526=DIRECTION('ref_axis',(0.,0.977286832775747,0.211920849571602));
#6527=DIRECTION('',(0.,1.,0.));
#6528=DIRECTION('center_axis',(-1.,0.,0.));
#6529=DIRECTION('ref_axis',(0.,-0.977286832775747,0.211920849571602));
#6530=DIRECTION('',(0.,0.,1.));
#6531=DIRECTION('center_axis',(-1.,0.,0.));
#6532=DIRECTION('ref_axis',(0.,-1.59126132238091E-15,1.));
#6533=DIRECTION('',(0.,1.,0.));
#6534=DIRECTION('center_axis',(-1.,0.,0.));
#6535=DIRECTION('ref_axis',(0.,1.,1.39235365708329E-15));
#6536=DIRECTION('center_axis',(-1.,0.,0.));
#6537=DIRECTION('ref_axis',(0.,-1.,0.));
#6538=DIRECTION('',(0.,0.,1.));
#6539=DIRECTION('center_axis',(0.,1.,0.));
#6540=DIRECTION('ref_axis',(-1.,0.,0.));
#6541=DIRECTION('',(0.,0.,1.));
#6542=DIRECTION('center_axis',(0.,0.,1.));
#6543=DIRECTION('ref_axis',(0.707106781186548,0.707106781186548,0.));
#6544=DIRECTION('center_axis',(0.,0.,-1.));
#6545=DIRECTION('ref_axis',(0.,1.,0.));
#6546=DIRECTION('center_axis',(-1.,0.,0.));
#6547=DIRECTION('ref_axis',(0.,-1.,0.));
#6548=DIRECTION('',(0.,0.,-1.));
#6549=DIRECTION('center_axis',(0.,-1.,0.));
#6550=DIRECTION('ref_axis',(1.,0.,0.));
#6551=DIRECTION('',(0.,0.,-1.));
#6552=DIRECTION('',(1.,0.,0.));
#6553=DIRECTION('center_axis',(0.,-1.,0.));
#6554=DIRECTION('ref_axis',(0.422885465331182,0.,-0.906183139995238));
#6555=DIRECTION('',(0.90618313999524,0.,0.422885465331178));
#6556=DIRECTION('center_axis',(0.,0.,1.));
#6557=DIRECTION('ref_axis',(0.707106781186548,-0.707106781186548,0.));
#6558=DIRECTION('center_axis',(0.,0.,-1.));
#6559=DIRECTION('ref_axis',(1.,0.,0.));
#6560=DIRECTION('center_axis',(1.,0.,0.));
#6561=DIRECTION('ref_axis',(0.,1.,1.39235365708329E-15));
#6562=DIRECTION('',(1.,0.,0.));
#6563=DIRECTION('center_axis',(1.,0.,0.));
#6564=DIRECTION('ref_axis',(0.,-1.59126132238091E-15,1.));
#6565=DIRECTION('',(1.,0.,0.));
#6566=DIRECTION('center_axis',(0.,0.,1.));
#6567=DIRECTION('ref_axis',(0.,-1.,0.));
#6568=DIRECTION('center_axis',(0.364794699409552,0.658378624836307,0.658378624836308));
#6569=DIRECTION('ref_axis',(-0.53377253219835,-0.431499070996739,0.727251975314961));
#6570=DIRECTION('',(-0.364794699409552,-0.658378624836307,-0.658378624836308));
#6571=DIRECTION('center_axis',(0.364794699409552,0.658378624836307,0.658378624836307));
#6572=DIRECTION('ref_axis',(-0.874704495323049,0.,0.484656626759246));
#6573=DIRECTION('',(0.364794699409552,0.658378624836308,0.658378624836308));
#6574=DIRECTION('center_axis',(-0.276675773283883,-0.679503685228329,-0.679503685228333));
#6575=DIRECTION('ref_axis',(-0.960963327332404,0.19563931547905,0.195639315479081));
#6576=DIRECTION('center_axis',(0.186161531771001,0.694745955039925,0.694745955039925));
#6577=DIRECTION('ref_axis',(-0.627960723405522,-0.459699967602483,0.627965978096178));
#6578=DIRECTION('',(0.186161531771001,0.694745955039925,0.694745955039925));
#6579=DIRECTION('center_axis',(-0.186161531771001,-0.694745955039926,-0.694745955039924));
#6580=DIRECTION('ref_axis',(0.,-0.707106781186546,0.707106781186549));
#6581=DIRECTION('center_axis',(-0.874704495323049,0.,0.484656626759245));
#6582=DIRECTION('ref_axis',(-0.343484605081446,-0.705492442539227,-0.619918333002081));
#6583=DIRECTION('center_axis',(0.,-1.,0.));
#6584=DIRECTION('ref_axis',(0.,0.,1.));
#6585=DIRECTION('center_axis',(-0.96881143105078,0.,0.247799134512896));
#6586=DIRECTION('ref_axis',(0.247799134512897,-9.77815233884203E-17,0.96881143105078));
#6587=DIRECTION('center_axis',(0.,-1.,0.));
#6588=DIRECTION('ref_axis',(-0.608758811136567,0.,0.793355349048328));
#6589=DIRECTION('center_axis',(0.,-1.,0.));
#6590=DIRECTION('ref_axis',(0.,0.,1.));
#6591=DIRECTION('',(0.,1.,0.));
#6592=DIRECTION('center_axis',(0.186161531771001,-0.694745955039925,0.694745955039925));
#6593=DIRECTION('ref_axis',(2.22044604925029E-15,0.707106781186548,0.707106781186548));
#6594=DIRECTION('center_axis',(-0.96881143105078,0.,0.247799134512896));
#6595=DIRECTION('ref_axis',(0.247799134512897,0.,0.96881143105078));
#6596=DIRECTION('center_axis',(-0.186161531771001,0.694745955039925,-0.694745955039925));
#6597=DIRECTION('ref_axis',(-0.627960723405523,0.459699967602485,0.627965978096175));
#6598=DIRECTION('',(-0.186161531771001,0.694745955039925,-0.694745955039925));
#6599=DIRECTION('center_axis',(0.276675773283881,-0.679503685228329,0.679503685228333));
#6600=DIRECTION('ref_axis',(-0.960963327332405,-0.195639315479087,0.195639315479041));
#6601=DIRECTION('center_axis',(-0.874704495323049,0.,0.484656626759245));
#6602=DIRECTION('ref_axis',(-0.343484605081446,0.705492442539227,-0.619918333002081));
#6603=DIRECTION('center_axis',(0.388350618097316,0.598275833839574,0.700892162937349));
#6604=DIRECTION('ref_axis',(-0.874704495323049,0.,0.484656626759246));
#6605=DIRECTION('center_axis',(-0.983368468719356,0.,0.181621735286692));
#6606=DIRECTION('ref_axis',(0.181621735286692,0.,0.983368468719356));
#6607=DIRECTION('center_axis',(0.874704495323049,0.,-0.484656626759245));
#6608=DIRECTION('ref_axis',(0.484656626759245,1.82084450709521E-16,0.874704495323049));
#6609=DIRECTION('center_axis',(0.701067639015771,3.96877449377467E-13,0.713094780183429));
#6610=DIRECTION('ref_axis',(-0.713094780183429,0.,0.701067639015771));
#6611=DIRECTION('center_axis',(-0.364794699409551,0.658378624836308,-0.658378624836308));
#6612=DIRECTION('ref_axis',(-0.533772532198354,0.431499070996743,0.727251975314956));
#6613=DIRECTION('',(-0.364794699409551,0.658378624836308,-0.658378624836308));
#6614=DIRECTION('center_axis',(0.364794699409547,-0.658378624836303,0.658378624836314));
#6615=DIRECTION('ref_axis',(-4.44089209850063E-15,0.707106781186552,0.707106781186543));
#6616=DIRECTION('',(0.364794699409551,-0.658378624836308,0.658378624836308));
#6617=DIRECTION('center_axis',(0.388350618097316,-0.598275833839565,0.700892162937356));
#6618=DIRECTION('ref_axis',(0.,0.760589550261104,0.649233036770012));
#6619=DIRECTION('center_axis',(0.874704495323049,0.,-0.484656626759245));
#6620=DIRECTION('ref_axis',(0.484656626759245,-6.06948169031735E-17,0.874704495323049));
#6621=DIRECTION('center_axis',(-0.983368468719356,0.,0.181621735286692));
#6622=DIRECTION('ref_axis',(0.181621735286692,0.,0.983368468719356));
#6623=DIRECTION('center_axis',(0.701067634083576,-1.33501736372977E-8,0.713094785032437));
#6624=DIRECTION('ref_axis',(5.98764593462419E-9,1.,1.28347998895606E-8));
#6625=DIRECTION('center_axis',(-0.90618313999524,0.,-0.422885465331178));
#6626=DIRECTION('ref_axis',(-0.299025180200902,-0.707106781186549,0.640768243287552));
#6627=DIRECTION('center_axis',(-0.906183139995238,0.,-0.422885465331182));
#6628=DIRECTION('ref_axis',(0.,-1.,0.));
#6629=DIRECTION('',(-0.90618313999524,0.,-0.422885465331178));
#6630=DIRECTION('center_axis',(0.,-1.,0.));
#6631=DIRECTION('ref_axis',(0.,0.,-1.));
#6632=DIRECTION('center_axis',(0.,1.,0.));
#6633=DIRECTION('ref_axis',(0.422885465331182,0.,-0.906183139995238));
#6634=DIRECTION('center_axis',(0.90618313999524,0.,0.422885465331178));
#6635=DIRECTION('ref_axis',(-0.299025180200905,0.707106781186548,0.640768243287552));
#6636=DIRECTION('',(0.90618313999524,0.,0.422885465331178));
#6637=DIRECTION('center_axis',(-0.906183139995241,0.,-0.422885465331177));
#6638=DIRECTION('ref_axis',(-0.422885465331177,0.,0.906183139995241));
#6639=DIRECTION('center_axis',(0.,1.,0.));
#6640=DIRECTION('ref_axis',(0.,0.,1.));
#6641=DIRECTION('center_axis',(0.,-1.,0.));
#6642=DIRECTION('ref_axis',(0.422885465331182,0.,-0.906183139995238));
#6643=DIRECTION('center_axis',(0.,1.,0.));
#6644=DIRECTION('ref_axis',(0.682170123090925,0.,-0.731193492286489));
#6645=DIRECTION('',(0.,1.,0.));
#6646=DIRECTION('center_axis',(0.,-1.,0.));
#6647=DIRECTION('ref_axis',(0.87470449532305,0.,-0.484656626759244));
#6648=DIRECTION('',(0.,-1.,0.));
#6649=DIRECTION('center_axis',(0.874704495323049,0.,-0.484656626759245));
#6650=DIRECTION('ref_axis',(-0.484656626759245,0.,-0.874704495323049));
#6651=DIRECTION('',(0.484656626759245,0.,0.874704495323049));
#6652=DIRECTION('center_axis',(0.874704495323049,0.,-0.484656626759245));
#6653=DIRECTION('ref_axis',(-0.484656626759245,0.,-0.874704495323049));
#6654=DIRECTION('',(0.,1.,0.));
#6655=DIRECTION('',(-0.484656626759245,0.,-0.874704495323049));
#6656=DIRECTION('center_axis',(0.,1.,0.));
#6657=DIRECTION('ref_axis',(0.682170123090925,0.,-0.731193492286489));
#6658=DIRECTION('',(0.,-1.,0.));
#6659=DIRECTION('center_axis',(6.84761305171218E-15,1.,3.19555275746622E-15));
#6660=DIRECTION('ref_axis',(0.422885465331182,0.,-0.906183139995238));
#6661=DIRECTION('center_axis',(0.422885465331178,0.,-0.90618313999524));
#6662=DIRECTION('ref_axis',(-0.90618313999524,0.,-0.422885465331178));
#6663=DIRECTION('',(-0.90618313999524,0.,-0.422885465331178));
#6664=DIRECTION('center_axis',(-5.59032872399515E-15,1.,1.19792758371307E-14));
#6665=DIRECTION('ref_axis',(0.,-1.18423789293351E-14,1.));
#6666=DIRECTION('center_axis',(0.484656626759244,-7.76893656360621E-15,
0.87470449532305));
#6667=DIRECTION('ref_axis',(-0.87470449532305,0.,0.484656626759244));
#6668=DIRECTION('center_axis',(-0.906183139995242,0.,-0.422885465331175));
#6669=DIRECTION('ref_axis',(0.,-1.,0.));
#6670=DIRECTION('center_axis',(0.,-1.,0.));
#6671=DIRECTION('ref_axis',(0.682170123090925,0.,-0.731193492286489));
#6672=DIRECTION('center_axis',(0.90618313999524,0.,0.422885465331178));
#6673=DIRECTION('ref_axis',(-0.299025180200908,-0.707106781186548,0.640768243287551));
#6674=DIRECTION('center_axis',(0.242525224470754,0.,-0.970145100227492));
#6675=DIRECTION('ref_axis',(-0.970145100227492,3.96532791413856E-17,-0.242525224470754));
#6676=DIRECTION('',(0.90618313999524,0.,0.422885465331178));
#6677=DIRECTION('center_axis',(0.484656626759245,0.,0.874704495323049));
#6678=DIRECTION('ref_axis',(-0.618509480177283,-0.707106781186553,0.342703987328452));
#6679=DIRECTION('',(0.484656626759245,0.,0.874704495323049));
#6680=DIRECTION('center_axis',(0.,-1.,0.));
#6681=DIRECTION('ref_axis',(0.,0.,-1.));
#6682=DIRECTION('center_axis',(0.484656626759251,0.,0.874704495323046));
#6683=DIRECTION('ref_axis',(0.,1.,0.));
#6684=DIRECTION('center_axis',(0.,1.,0.));
#6685=DIRECTION('ref_axis',(0.682170123090923,0.,-0.731193492286492));
#6686=DIRECTION('center_axis',(-0.906183139995242,0.,-0.422885465331175));
#6687=DIRECTION('ref_axis',(-0.422885465331175,0.,0.906183139995242));
#6688=DIRECTION('center_axis',(-0.484656626759245,0.,-0.874704495323049));
#6689=DIRECTION('ref_axis',(-0.618509480177285,0.707106781186551,0.342703987328453));
#6690=DIRECTION('',(-0.484656626759245,0.,-0.874704495323049));
#6691=DIRECTION('center_axis',(-0.90618313999524,0.,-0.422885465331178));
#6692=DIRECTION('ref_axis',(-0.299025180200909,0.707106781186545,0.640768243287553));
#6693=DIRECTION('',(0.90618313999524,0.,0.422885465331178));
#6694=DIRECTION('',(-0.90618313999524,0.,-0.422885465331178));
#6695=DIRECTION('center_axis',(0.242525224470754,0.,-0.970145100227492));
#6696=DIRECTION('ref_axis',(-0.970145100227492,-3.96532791413856E-17,-0.242525224470754));
#6697=DIRECTION('center_axis',(0.,-1.,0.));
#6698=DIRECTION('ref_axis',(0.,0.,-1.));
#6699=DIRECTION('',(0.970145100227492,0.,0.242525224470754));
#6700=DIRECTION('center_axis',(1.,0.,0.));
#6701=DIRECTION('ref_axis',(0.,0.707106781186547,0.707106781186547));
#6702=DIRECTION('',(-1.,0.,0.));
#6703=DIRECTION('',(1.,0.,0.));
#6704=DIRECTION('center_axis',(0.,0.707106781186548,-0.707106781186547));
#6705=DIRECTION('ref_axis',(0.,0.707106781186547,0.707106781186548));
#6706=DIRECTION('',(-1.,0.,0.));
#6707=DIRECTION('',(0.364794699409552,0.658378624836307,0.658378624836308));
#6708=DIRECTION('center_axis',(1.,0.,0.));
#6709=DIRECTION('ref_axis',(0.,0.,-1.));
#6710=DIRECTION('center_axis',(7.85046229341897E-15,0.707106781186534,0.707106781186561));
#6711=DIRECTION('ref_axis',(0.,-0.707106781186561,0.707106781186534));
#6712=DIRECTION('center_axis',(-1.,0.,0.));
#6713=DIRECTION('ref_axis',(0.,-0.38268343236509,0.923879532511287));
#6714=DIRECTION('center_axis',(-2.22044604925031E-15,-1.,0.));
#6715=DIRECTION('ref_axis',(1.,-2.22044604925031E-15,0.));
#6716=DIRECTION('center_axis',(1.,0.,0.));
#6717=DIRECTION('ref_axis',(0.,-0.38268343236509,0.923879532511287));
#6718=DIRECTION('center_axis',(1.,0.,0.));
#6719=DIRECTION('ref_axis',(0.,-0.38268343236509,0.923879532511287));
#6720=DIRECTION('',(1.,0.,0.));
#6721=DIRECTION('',(-1.,0.,0.));
#6722=DIRECTION('center_axis',(0.,0.,1.));
#6723=DIRECTION('ref_axis',(1.,0.,0.));
#6724=DIRECTION('',(0.,-1.,0.));
#6725=DIRECTION('',(1.,0.,0.));
#6726=DIRECTION('center_axis',(0.,1.,0.));
#6727=DIRECTION('ref_axis',(0.707106781186542,0.,0.707106781186553));
#6728=DIRECTION('',(0.,1.,0.));
#6729=DIRECTION('center_axis',(-7.88860905221001E-29,1.,4.44089209850056E-15));
#6730=DIRECTION('ref_axis',(0.,-4.44089209850056E-15,1.));
#6731=DIRECTION('center_axis',(-1.,0.,0.));
#6732=DIRECTION('ref_axis',(0.,0.,1.));
#6733=DIRECTION('',(0.,0.707106781186547,0.707106781186548));
#6734=DIRECTION('',(0.,-1.,0.));
#6735=DIRECTION('',(0.,0.707106781186548,-0.707106781186548));
#6736=DIRECTION('center_axis',(-1.,0.,0.));
#6737=DIRECTION('ref_axis',(0.,0.38268343236509,0.923879532511287));
#6738=DIRECTION('center_axis',(-1.,0.,0.));
#6739=DIRECTION('ref_axis',(0.,0.,1.));
#6740=DIRECTION('center_axis',(-2.366582715663E-28,-0.707106781186543,0.707106781186552));
#6741=DIRECTION('ref_axis',(1.,2.66453525910038E-14,2.66453525910038E-14));
#6742=DIRECTION('center_axis',(1.,0.,0.));
#6743=DIRECTION('ref_axis',(0.,0.38268343236509,0.923879532511287));
#6744=DIRECTION('center_axis',(-1.,0.,0.));
#6745=DIRECTION('ref_axis',(0.,0.38268343236509,0.923879532511287));
#6746=DIRECTION('',(-1.,0.,0.));
#6747=DIRECTION('center_axis',(0.,-0.707106781186548,-0.707106781186548));
#6748=DIRECTION('ref_axis',(0.,0.707106781186548,-0.707106781186548));
#6749=DIRECTION('',(0.,-0.707106781186548,0.707106781186548));
#6750=DIRECTION('',(1.,0.,0.));
#6751=DIRECTION('center_axis',(0.,0.707106781186548,-0.707106781186548));
#6752=DIRECTION('ref_axis',(0.707106781186548,0.5,0.5));
#6753=DIRECTION('center_axis',(8.42600032458407E-15,-0.316227766016842,
-0.948683298050513));
#6754=DIRECTION('ref_axis',(0.,0.948683298050513,-0.316227766016841));
#6755=DIRECTION('center_axis',(0.,-0.707106781186552,0.707106781186543));
#6756=DIRECTION('ref_axis',(1.,0.,0.));
#6757=DIRECTION('center_axis',(0.455090854856171,0.890445008872687,2.52626172678834E-16));
#6758=DIRECTION('ref_axis',(5.5511151231258E-16,0.,-1.));
#6759=DIRECTION('center_axis',(0.,1.,0.));
#6760=DIRECTION('ref_axis',(-0.707106781186548,0.,-0.707106781186548));
#6761=DIRECTION('center_axis',(0.,-1.,0.));
#6762=DIRECTION('ref_axis',(-1.,0.,0.));
#6763=DIRECTION('',(0.,1.,0.));
#6764=DIRECTION('center_axis',(0.,1.,0.));
#6765=DIRECTION('ref_axis',(0.,0.,-1.));
#6766=DIRECTION('center_axis',(0.,0.316227766016838,-0.948683298050514));
#6767=DIRECTION('ref_axis',(0.,-0.948683298050514,-0.316227766016838));
#6768=DIRECTION('center_axis',(0.,0.,1.));
#6769=DIRECTION('ref_axis',(4.9065389333868E-17,-1.,0.));
#6770=DIRECTION('center_axis',(0.45509085485616,-0.890445008872693,1.26313086339414E-16));
#6771=DIRECTION('ref_axis',(-0.810464686043331,-0.414214312087768,-0.414214312087768));
#6772=DIRECTION('center_axis',(0.,0.,1.));
#6773=DIRECTION('ref_axis',(-9.81307786677359E-17,1.,0.));
#6774=DIRECTION('center_axis',(-1.,0.,0.));
#6775=DIRECTION('ref_axis',(0.,0.,1.));
#6776=DIRECTION('center_axis',(0.,-0.707106781186543,-0.707106781186552));
#6777=DIRECTION('ref_axis',(1.,0.,0.));
#6778=DIRECTION('center_axis',(1.,0.,0.));
#6779=DIRECTION('ref_axis',(0.,-0.821796970010164,0.569780431466467));
#6780=DIRECTION('center_axis',(0.,0.707106781186547,0.707106781186548));
#6781=DIRECTION('ref_axis',(0.707106781186548,-0.5,0.5));
#6782=DIRECTION('',(0.,-0.707106781186547,-0.707106781186548));
#6783=DIRECTION('center_axis',(-1.,0.,0.));
#6784=DIRECTION('ref_axis',(0.,0.,1.));
#6785=DIRECTION('center_axis',(1.,0.,0.));
#6786=DIRECTION('ref_axis',(0.,0.821796970010165,0.569780431466465));
#6787=DIRECTION('center_axis',(-1.,0.,0.));
#6788=DIRECTION('ref_axis',(0.,-0.923879532511287,0.382683432365089));
#6789=DIRECTION('center_axis',(1.,0.,0.));
#6790=DIRECTION('ref_axis',(0.,-0.977286832775747,0.211920849571602));
#6791=DIRECTION('',(-1.,0.,0.));
#6792=DIRECTION('',(-1.,0.,0.));
#6793=DIRECTION('center_axis',(0.,0.707106781186548,-0.707106781186547));
#6794=DIRECTION('ref_axis',(0.,0.707106781186547,0.707106781186548));
#6795=DIRECTION('center_axis',(1.,0.,0.));
#6796=DIRECTION('ref_axis',(0.,0.923879532511287,0.38268343236509));
#6797=DIRECTION('',(1.,0.,0.));
#6798=DIRECTION('center_axis',(1.,0.,0.));
#6799=DIRECTION('ref_axis',(0.,0.977286832775747,0.211920849571602));
#6800=DIRECTION('center_axis',(-1.,0.,0.));
#6801=DIRECTION('ref_axis',(0.,0.,1.));
#6802=DIRECTION('center_axis',(0.,-1.,0.));
#6803=DIRECTION('ref_axis',(0.707106781186548,0.,0.707106781186548));
#6804=DIRECTION('',(0.,-1.,0.));
#6805=DIRECTION('center_axis',(-1.,0.,0.));
#6806=DIRECTION('ref_axis',(0.,0.,1.));
#6807=DIRECTION('center_axis',(0.,0.,-1.));
#6808=DIRECTION('ref_axis',(-1.,0.,0.));
#6809=DIRECTION('center_axis',(0.,-1.,0.));
#6810=DIRECTION('ref_axis',(1.,0.,0.));
#6811=DIRECTION('',(-0.90618313999524,0.,-0.422885465331178));
#6812=DIRECTION('',(0.484656626759245,0.,0.874704495323049));
#6813=DIRECTION('center_axis',(0.,-0.707106781186548,-0.707106781186548));
#6814=DIRECTION('ref_axis',(0.,0.707106781186548,-0.707106781186548));
#6815=DIRECTION('',(-0.364794699409551,0.658378624836308,-0.658378624836308));
#6816=DIRECTION('',(-1.,0.,0.));
#6817=DIRECTION('center_axis',(0.874704495323049,0.,-0.484656626759245));
#6818=DIRECTION('ref_axis',(-0.484656626759245,0.,-0.874704495323049));
#6819=DIRECTION('',(0.484656626759245,0.,0.874704495323049));
#6820=DIRECTION('',(0.484656626759245,0.,0.874704495323049));
#6821=DIRECTION('',(0.,-1.,0.));
#6822=DIRECTION('center_axis',(0.422885465331178,0.,-0.90618313999524));
#6823=DIRECTION('ref_axis',(-0.90618313999524,0.,-0.422885465331178));
#6824=DIRECTION('',(0.90618313999524,0.,0.422885465331178));
#6825=DIRECTION('',(0.90618313999524,0.,0.422885465331178));
#6826=DIRECTION('center_axis',(0.,1.,0.));
#6827=DIRECTION('ref_axis',(0.,0.,1.));
#6828=DIRECTION('center_axis',(0.,-1.,0.));
#6829=DIRECTION('ref_axis',(0.,0.,-1.));
#6830=DIRECTION('',(0.484656626759245,0.,0.874704495323049));
#6831=DIRECTION('',(0.90618313999524,0.,0.422885465331178));
#6832=DIRECTION('center_axis',(0.874704495323049,0.,-0.484656626759245));
#6833=DIRECTION('ref_axis',(-0.484656626759245,0.,-0.874704495323049));
#6834=DIRECTION('',(0.,1.,0.));
#6835=DIRECTION('center_axis',(0.422885465331178,0.,-0.90618313999524));
#6836=DIRECTION('ref_axis',(-0.90618313999524,0.,-0.422885465331178));
#6837=DIRECTION('center_axis',(0.,1.,0.));
#6838=DIRECTION('ref_axis',(-1.,0.,0.));
#6839=DIRECTION('center_axis',(0.,1.,0.));
#6840=DIRECTION('ref_axis',(0.,0.,1.));
#6841=DIRECTION('',(-0.970145100227492,0.,-0.242525224470754));
#6842=DIRECTION('center_axis',(0.242525224470754,0.,-0.970145100227492));
#6843=DIRECTION('ref_axis',(-0.970145100227492,0.,-0.242525224470754));
#6844=DIRECTION('center_axis',(0.422885465331178,0.,-0.90618313999524));
#6845=DIRECTION('ref_axis',(-0.90618313999524,0.,-0.422885465331178));
#6846=DIRECTION('center_axis',(0.,1.,1.55431223447522E-15));
#6847=DIRECTION('ref_axis',(0.,-1.55431223447522E-15,1.));
#6848=DIRECTION('',(0.,-1.4130111222502E-15,1.));
#6849=DIRECTION('',(-1.,2.22044604925032E-16,5.91645678915759E-30));
#6850=DIRECTION('center_axis',(1.,-2.16628882853689E-16,-5.90864033201744E-30));
#6851=DIRECTION('ref_axis',(5.59598204641155E-30,-1.44328993201271E-15,
1.));
#6852=DIRECTION('',(5.59598204641155E-30,-1.44328993201271E-15,1.));
#6853=DIRECTION('',(0.,1.,1.55431223447522E-15));
#6854=DIRECTION('center_axis',(-5.59778584421312E-30,1.43516634890569E-15,
-1.));
#6855=DIRECTION('ref_axis',(1.,-2.22044604925032E-16,-5.91645678915759E-30));
#6856=DIRECTION('',(-1.,2.77555756156289E-16,0.));
#6857=DIRECTION('center_axis',(-2.16628882853689E-16,-1.,-1.43516634890569E-15));
#6858=DIRECTION('ref_axis',(0.,1.43516634890569E-15,-1.));
#6859=DIRECTION('center_axis',(0.,0.,-1.));
#6860=DIRECTION('ref_axis',(1.,0.,0.));
#6861=DIRECTION('',(0.,0.,1.));
#6862=DIRECTION('center_axis',(0.,0.,-1.));
#6863=DIRECTION('ref_axis',(1.,0.,0.));
#6864=DIRECTION('',(0.,0.,-1.));
#6865=DIRECTION('center_axis',(0.,0.,-1.));
#6866=DIRECTION('ref_axis',(1.,0.,0.));
#6867=DIRECTION('center_axis',(0.,0.,-1.));
#6868=DIRECTION('ref_axis',(1.,0.,0.));
#6869=DIRECTION('',(0.,0.,1.));
#6870=DIRECTION('center_axis',(0.,0.,-1.));
#6871=DIRECTION('ref_axis',(1.,0.,0.));
#6872=DIRECTION('',(0.,0.,-1.));
#6873=DIRECTION('center_axis',(0.,0.,-1.));
#6874=DIRECTION('ref_axis',(1.,0.,0.));
#6875=DIRECTION('center_axis',(0.,0.,1.));
#6876=DIRECTION('ref_axis',(1.,0.,0.));
#6877=DIRECTION('',(-1.,1.71523220096583E-16,0.));
#6878=DIRECTION('',(-2.7755575615629E-16,-1.,0.));
#6879=DIRECTION('',(1.,-2.49488320140485E-16,0.));
#6880=DIRECTION('',(8.3266726846887E-16,1.,0.));
#6881=DIRECTION('center_axis',(-2.49488320140485E-16,-1.,0.));
#6882=DIRECTION('ref_axis',(-1.,2.49488320140485E-16,0.));
#6883=DIRECTION('',(0.,0.,-1.));
#6884=DIRECTION('',(1.,-2.49488320140485E-16,0.));
#6885=DIRECTION('',(0.,0.,1.));
#6886=DIRECTION('center_axis',(-1.,2.7755575615629E-16,0.));
#6887=DIRECTION('ref_axis',(2.7755575615629E-16,1.,0.));
#6888=DIRECTION('',(0.,0.,1.));
#6889=DIRECTION('',(-2.7755575615629E-16,-1.,0.));
#6890=DIRECTION('center_axis',(0.,-1.,0.));
#6891=DIRECTION('ref_axis',(0.,0.,1.));
#6892=DIRECTION('',(0.,0.,-1.));
#6893=DIRECTION('',(-1.,0.,0.));
#6894=DIRECTION('',(0.,0.,1.));
#6895=DIRECTION('',(-1.,0.,0.));
#6896=DIRECTION('center_axis',(0.,1.,0.));
#6897=DIRECTION('ref_axis',(0.,0.,-1.));
#6898=DIRECTION('',(0.,0.,1.));
#6899=DIRECTION('',(1.,0.,0.));
#6900=DIRECTION('',(0.,0.,-1.));
#6901=DIRECTION('',(-1.,0.,0.));
#6902=DIRECTION('center_axis',(-1.,0.,0.));
#6903=DIRECTION('ref_axis',(0.,-1.,0.));
#6904=DIRECTION('',(0.,3.9009944646E-15,-1.));
#6905=DIRECTION('center_axis',(1.,0.,0.));
#6906=DIRECTION('ref_axis',(0.,2.38689198357136E-15,-1.));
#6907=DIRECTION('',(0.,1.,1.57374271114888E-15));
#6908=DIRECTION('center_axis',(1.,0.,0.));
#6909=DIRECTION('ref_axis',(0.,1.,1.71557861319191E-15));
#6910=DIRECTION('',(0.,0.,1.));
#6911=DIRECTION('center_axis',(1.,0.,0.));
#6912=DIRECTION('ref_axis',(0.,0.890669581267429,0.45465118168207));
#6913=DIRECTION('',(0.,1.,2.01484432069004E-17));
#6914=DIRECTION('',(0.,1.,0.));
#6915=DIRECTION('',(0.,1.,0.));
#6916=DIRECTION('center_axis',(1.,0.,0.));
#6917=DIRECTION('ref_axis',(0.,-1.,2.68525348151774E-15));
#6918=DIRECTION('center_axis',(1.,0.,0.));
#6919=DIRECTION('ref_axis',(0.,1.,0.));
#6920=DIRECTION('',(0.,-1.,0.));
#6921=DIRECTION('',(0.,0.,-1.));
#6922=DIRECTION('',(0.,-1.,0.));
#6923=DIRECTION('',(0.,0.,1.));
#6924=DIRECTION('',(0.,1.,0.));
#6925=DIRECTION('center_axis',(0.,0.,1.));
#6926=DIRECTION('ref_axis',(1.,0.,0.));
#6927=DIRECTION('',(-7.4014868308344E-16,-1.,0.));
#6928=DIRECTION('',(1.,-2.10269512239613E-16,0.));
#6929=DIRECTION('',(2.4671622769448E-16,1.,0.));
#6930=DIRECTION('',(-1.,2.24287479722254E-16,0.));
#6931=DIRECTION('',(-1.,1.71523220096583E-16,0.));
#6932=DIRECTION('',(8.3266726846887E-16,1.,0.));
#6933=DIRECTION('center_axis',(1.71523220096583E-16,1.,0.));
#6934=DIRECTION('ref_axis',(1.,-1.71523220096583E-16,0.));
#6935=DIRECTION('',(0.,0.,1.));
#6936=DIRECTION('center_axis',(-1.,7.40148683083439E-16,0.));
#6937=DIRECTION('ref_axis',(7.4014868308344E-16,1.,0.));
#6938=DIRECTION('',(7.4014868308344E-16,1.,0.));
#6939=DIRECTION('',(0.,0.,1.));
#6940=DIRECTION('',(0.,0.,-1.));
#6941=DIRECTION('center_axis',(-2.10269512239613E-16,-1.,0.));
#6942=DIRECTION('ref_axis',(-1.,2.10269512239613E-16,0.));
#6943=DIRECTION('',(-1.,2.10269512239613E-16,0.));
#6944=DIRECTION('',(0.,0.,1.));
#6945=DIRECTION('center_axis',(1.,-8.3266726846887E-16,0.));
#6946=DIRECTION('ref_axis',(-8.3266726846887E-16,-1.,0.));
#6947=DIRECTION('center_axis',(1.,-2.4671622769448E-16,0.));
#6948=DIRECTION('ref_axis',(-2.4671622769448E-16,-1.,0.));
#6949=DIRECTION('',(-2.4671622769448E-16,-1.,0.));
#6950=DIRECTION('',(0.,0.,1.));
#6951=DIRECTION('center_axis',(2.24287479722254E-16,1.,0.));
#6952=DIRECTION('ref_axis',(1.,-2.24287479722254E-16,0.));
#6953=DIRECTION('',(1.,-2.24287479722254E-16,0.));
#6954=DIRECTION('center_axis',(0.,0.,1.));
#6955=DIRECTION('ref_axis',(1.,0.,0.));
#6956=DIRECTION('',(0.,-1.,0.));
#6957=DIRECTION('center_axis',(0.,0.,-1.));
#6958=DIRECTION('ref_axis',(1.,0.,0.));
#6959=DIRECTION('',(1.,0.,0.));
#6960=DIRECTION('center_axis',(0.,0.,-1.));
#6961=DIRECTION('ref_axis',(1.,0.,0.));
#6962=DIRECTION('',(1.,0.,0.));
#6963=DIRECTION('',(0.,1.,0.));
#6964=DIRECTION('center_axis',(0.,0.,-1.));
#6965=DIRECTION('ref_axis',(1.,0.,0.));
#6966=DIRECTION('',(0.,1.,0.));
#6967=DIRECTION('',(-1.,0.,0.));
#6968=DIRECTION('center_axis',(0.,0.,-1.));
#6969=DIRECTION('ref_axis',(1.,0.,0.));
#6970=DIRECTION('',(-1.,0.,0.));
#6971=DIRECTION('center_axis',(0.,0.,-1.));
#6972=DIRECTION('ref_axis',(1.,0.,0.));
#6973=DIRECTION('center_axis',(0.,0.,1.));
#6974=DIRECTION('ref_axis',(1.,0.,0.));
#6975=DIRECTION('center_axis',(0.,0.,-1.));
#6976=DIRECTION('ref_axis',(1.,0.,0.));
#6977=DIRECTION('center_axis',(0.,0.,1.));
#6978=DIRECTION('ref_axis',(1.,0.,0.));
#6979=DIRECTION('center_axis',(0.,0.,-1.));
#6980=DIRECTION('ref_axis',(1.,0.,0.));
#6981=DIRECTION('center_axis',(0.,0.,1.));
#6982=DIRECTION('ref_axis',(1.,0.,0.));
#6983=DIRECTION('',(0.,0.,-1.));
#6984=DIRECTION('center_axis',(0.,0.,1.));
#6985=DIRECTION('ref_axis',(1.,0.,0.));
#6986=DIRECTION('center_axis',(0.,0.,1.));
#6987=DIRECTION('ref_axis',(1.,0.,0.));
#6988=DIRECTION('center_axis',(0.,0.,-1.));
#6989=DIRECTION('ref_axis',(1.,0.,0.));
#6990=DIRECTION('center_axis',(0.,0.,-1.));
#6991=DIRECTION('ref_axis',(1.,0.,0.));
#6992=DIRECTION('center_axis',(0.,0.,-1.));
#6993=DIRECTION('ref_axis',(1.,0.,0.));
#6994=DIRECTION('center_axis',(0.,0.,1.));
#6995=DIRECTION('ref_axis',(1.,0.,0.));
#6996=DIRECTION('',(0.,0.,-1.));
#6997=DIRECTION('center_axis',(0.,0.,1.));
#6998=DIRECTION('ref_axis',(1.,0.,0.));
#6999=DIRECTION('center_axis',(0.,0.,1.));
#7000=DIRECTION('ref_axis',(1.,0.,0.));
#7001=DIRECTION('center_axis',(0.,0.,-1.));
#7002=DIRECTION('ref_axis',(1.,0.,0.));
#7003=DIRECTION('center_axis',(0.,0.,-1.));
#7004=DIRECTION('ref_axis',(1.,0.,0.));
#7005=DIRECTION('center_axis',(0.,0.,1.));
#7006=DIRECTION('ref_axis',(1.,0.,0.));
#7007=DIRECTION('',(0.,0.,-1.));
#7008=DIRECTION('center_axis',(0.,0.,1.));
#7009=DIRECTION('ref_axis',(1.,0.,0.));
#7010=DIRECTION('center_axis',(0.,0.,1.));
#7011=DIRECTION('ref_axis',(1.,0.,0.));
#7012=DIRECTION('center_axis',(0.,0.,-1.));
#7013=DIRECTION('ref_axis',(1.,0.,0.));
#7014=DIRECTION('center_axis',(0.,0.,-1.));
#7015=DIRECTION('ref_axis',(1.,0.,0.));
#7016=DIRECTION('center_axis',(0.,0.,-1.));
#7017=DIRECTION('ref_axis',(1.,0.,0.));
#7018=DIRECTION('',(0.,0.,-1.));
#7019=DIRECTION('center_axis',(0.,0.,1.));
#7020=DIRECTION('ref_axis',(1.,0.,0.));
#7021=DIRECTION('center_axis',(0.,0.,1.));
#7022=DIRECTION('ref_axis',(1.,0.,0.));
#7023=DIRECTION('center_axis',(0.,0.,-1.));
#7024=DIRECTION('ref_axis',(1.,0.,0.));
#7025=DIRECTION('center_axis',(0.,0.,-1.));
#7026=DIRECTION('ref_axis',(1.,0.,0.));
#7027=DIRECTION('center_axis',(0.,0.,1.));
#7028=DIRECTION('ref_axis',(1.,0.,0.));
#7029=DIRECTION('',(0.,0.,-1.));
#7030=DIRECTION('center_axis',(0.,0.,1.));
#7031=DIRECTION('ref_axis',(1.,0.,0.));
#7032=DIRECTION('center_axis',(0.,0.,1.));
#7033=DIRECTION('ref_axis',(1.,0.,0.));
#7034=DIRECTION('center_axis',(0.,0.,-1.));
#7035=DIRECTION('ref_axis',(1.,0.,0.));
#7036=DIRECTION('center_axis',(0.,0.,-1.));
#7037=DIRECTION('ref_axis',(1.,0.,0.));
#7038=DIRECTION('',(0.,0.,-1.));
#7039=DIRECTION('center_axis',(0.,0.,-1.));
#7040=DIRECTION('ref_axis',(1.,0.,0.));
#7041=DIRECTION('',(0.,0.,-1.));
#7042=DIRECTION('center_axis',(0.,0.,-1.));
#7043=DIRECTION('ref_axis',(-0.707106781186548,0.707106781186547,0.));
#7044=DIRECTION('',(0.,0.,-1.));
#7045=DIRECTION('',(0.,0.,-1.));
#7046=DIRECTION('center_axis',(0.,0.,-1.));
#7047=DIRECTION('ref_axis',(1.,0.,0.));
#7048=DIRECTION('',(0.,0.,-1.));
#7049=DIRECTION('center_axis',(0.,0.,-1.));
#7050=DIRECTION('ref_axis',(1.,0.,0.));
#7051=DIRECTION('center_axis',(0.,-1.,0.));
#7052=DIRECTION('ref_axis',(1.,0.,0.));
#7053=DIRECTION('',(0.,0.,-1.));
#7054=DIRECTION('',(0.,0.,1.));
#7055=DIRECTION('',(1.,0.,0.));
#7056=DIRECTION('',(-1.,0.,0.));
#7057=DIRECTION('',(0.,0.,-1.));
#7058=DIRECTION('center_axis',(0.,0.,-1.));
#7059=DIRECTION('ref_axis',(1.,0.,0.));
#7060=DIRECTION('center_axis',(0.,0.,-1.));
#7061=DIRECTION('ref_axis',(1.,0.,0.));
#7062=DIRECTION('center_axis',(0.,0.,-1.));
#7063=DIRECTION('ref_axis',(1.,0.,0.));
#7064=DIRECTION('center_axis',(0.,0.,1.));
#7065=DIRECTION('ref_axis',(1.,0.,0.));
#7066=DIRECTION('center_axis',(0.,0.,-1.));
#7067=DIRECTION('ref_axis',(-0.707106781186547,-0.707106781186548,0.));
#7068=DIRECTION('center_axis',(0.,1.,0.));
#7069=DIRECTION('ref_axis',(-1.,0.,0.));
#7070=DIRECTION('',(0.,0.,-1.));
#7071=DIRECTION('',(1.,0.,0.));
#7072=DIRECTION('',(0.,0.,1.));
#7073=DIRECTION('',(-1.,0.,0.));
#7074=DIRECTION('',(0.,0.,1.));
#7075=DIRECTION('',(0.,0.,-1.));
#7076=DIRECTION('center_axis',(1.,0.,0.));
#7077=DIRECTION('ref_axis',(0.,1.,0.));
#7078=DIRECTION('',(0.,1.,0.));
#7079=DIRECTION('',(0.,-1.,0.));
#7080=DIRECTION('',(0.,0.,-1.));
#7081=DIRECTION('center_axis',(0.,0.,1.));
#7082=DIRECTION('ref_axis',(1.,0.,0.));
#7083=DIRECTION('center_axis',(0.,0.,-1.));
#7084=DIRECTION('ref_axis',(1.,0.,0.));
#7085=DIRECTION('center_axis',(0.,0.,1.));
#7086=DIRECTION('ref_axis',(1.,0.,0.));
#7087=DIRECTION('',(0.,0.,1.));
#7088=DIRECTION('center_axis',(0.,0.,1.));
#7089=DIRECTION('ref_axis',(1.,0.,0.));
#7090=DIRECTION('center_axis',(0.,0.,-1.));
#7091=DIRECTION('ref_axis',(1.,0.,0.));
#7092=DIRECTION('center_axis',(0.,0.,-1.));
#7093=DIRECTION('ref_axis',(1.,0.,0.));
#7094=DIRECTION('',(0.,0.,-1.));
#7095=DIRECTION('center_axis',(0.,0.,1.));
#7096=DIRECTION('ref_axis',(1.,0.,0.));
#7097=DIRECTION('center_axis',(0.,0.,1.));
#7098=DIRECTION('ref_axis',(1.,0.,0.));
#7099=DIRECTION('center_axis',(0.,0.,1.));
#7100=DIRECTION('ref_axis',(1.,0.,0.));
#7101=DIRECTION('center_axis',(0.,0.,1.));
#7102=DIRECTION('ref_axis',(1.,0.,0.));
#7103=DIRECTION('center_axis',(0.,0.,1.));
#7104=DIRECTION('ref_axis',(1.,0.,0.));
#7105=DIRECTION('center_axis',(0.,0.,1.));
#7106=DIRECTION('ref_axis',(1.,0.,0.));
#7107=DIRECTION('center_axis',(0.,0.,1.));
#7108=DIRECTION('ref_axis',(1.,0.,0.));
#7109=DIRECTION('center_axis',(0.,0.,1.));
#7110=DIRECTION('ref_axis',(1.,0.,0.));
#7111=DIRECTION('center_axis',(0.,0.,1.));
#7112=DIRECTION('ref_axis',(1.,0.,0.));
#7113=DIRECTION('center_axis',(0.,0.,-1.));
#7114=DIRECTION('ref_axis',(1.,0.,0.));
#7115=DIRECTION('center_axis',(0.,0.,1.));
#7116=DIRECTION('ref_axis',(1.,0.,0.));
#7117=DIRECTION('',(0.,0.,1.));
#7118=DIRECTION('center_axis',(0.,0.,1.));
#7119=DIRECTION('ref_axis',(1.,0.,0.));
#7120=DIRECTION('center_axis',(0.,0.,1.));
#7121=DIRECTION('ref_axis',(1.,0.,0.));
#7122=DIRECTION('center_axis',(0.,0.,-1.));
#7123=DIRECTION('ref_axis',(1.,0.,0.));
#7124=DIRECTION('center_axis',(0.,0.,1.));
#7125=DIRECTION('ref_axis',(1.,0.,0.));
#7126=DIRECTION('',(0.,0.,1.));
#7127=DIRECTION('center_axis',(0.,0.,1.));
#7128=DIRECTION('ref_axis',(1.,0.,0.));
#7129=DIRECTION('center_axis',(0.,0.,1.));
#7130=DIRECTION('ref_axis',(1.,0.,0.));
#7131=DIRECTION('center_axis',(0.,0.,-1.));
#7132=DIRECTION('ref_axis',(1.,0.,0.));
#7133=DIRECTION('center_axis',(0.,0.,1.));
#7134=DIRECTION('ref_axis',(1.,0.,0.));
#7135=DIRECTION('',(0.,0.,1.));
#7136=DIRECTION('center_axis',(0.,0.,1.));
#7137=DIRECTION('ref_axis',(1.,0.,0.));
#7138=DIRECTION('center_axis',(0.,0.,1.));
#7139=DIRECTION('ref_axis',(1.,0.,0.));
#7140=DIRECTION('center_axis',(0.,0.,-1.));
#7141=DIRECTION('ref_axis',(1.,0.,0.));
#7142=DIRECTION('center_axis',(0.,0.,1.));
#7143=DIRECTION('ref_axis',(1.,0.,0.));
#7144=DIRECTION('',(0.,0.,1.));
#7145=DIRECTION('center_axis',(0.,0.,1.));
#7146=DIRECTION('ref_axis',(1.,0.,0.));
#7147=DIRECTION('center_axis',(0.,0.,1.));
#7148=DIRECTION('ref_axis',(1.,0.,0.));
#7149=DIRECTION('center_axis',(0.,0.,1.));
#7150=DIRECTION('ref_axis',(1.,0.,0.));
#7151=DIRECTION('center_axis',(0.,0.,1.));
#7152=DIRECTION('ref_axis',(0.707106781186548,0.707106781186548,0.));
#7153=DIRECTION('',(0.,1.,0.));
#7154=DIRECTION('center_axis',(0.,0.,1.));
#7155=DIRECTION('ref_axis',(0.707106781186548,-0.707106781186548,0.));
#7156=DIRECTION('',(1.,0.,0.));
#7157=DIRECTION('',(0.,-1.,0.));
#7158=DIRECTION('',(-1.,0.,0.));
#7159=DIRECTION('center_axis',(0.,0.,1.));
#7160=DIRECTION('ref_axis',(1.,0.,0.));
#7161=DIRECTION('center_axis',(0.,0.,1.));
#7162=DIRECTION('ref_axis',(1.,0.,0.));
#7163=DIRECTION('center_axis',(0.,0.,1.));
#7164=DIRECTION('ref_axis',(1.,0.,0.));
#7165=DIRECTION('center_axis',(0.,0.,1.));
#7166=DIRECTION('ref_axis',(1.,0.,0.));
#7167=DIRECTION('center_axis',(-1.,0.,0.));
#7168=DIRECTION('ref_axis',(0.,-1.,0.));
#7169=DIRECTION('',(0.,0.,-1.));
#7170=DIRECTION('',(0.,-1.,0.));
#7171=DIRECTION('center_axis',(0.,0.,1.));
#7172=DIRECTION('ref_axis',(0.707106781186548,-0.707106781186548,0.));
#7173=DIRECTION('center_axis',(0.,0.,-1.));
#7174=DIRECTION('ref_axis',(0.707106781186548,-0.707106781186548,0.));
#7175=DIRECTION('',(0.,0.,-1.));
#7176=DIRECTION('',(0.,0.,1.));
#7177=DIRECTION('center_axis',(0.,1.53002763583918E-15,-1.));
#7178=DIRECTION('ref_axis',(0.,1.,1.53002763583918E-15));
#7179=DIRECTION('',(0.,-1.,-1.53002763583918E-15));
#7180=DIRECTION('',(1.,0.,0.));
#7181=DIRECTION('',(1.,0.,0.));
#7182=DIRECTION('center_axis',(1.,0.,0.));
#7183=DIRECTION('ref_axis',(0.,1.59126132238091E-15,-1.));
#7184=DIRECTION('center_axis',(-1.,0.,0.));
#7185=DIRECTION('ref_axis',(0.,1.59126132238091E-15,-1.));
#7186=DIRECTION('',(1.,0.,0.));
#7187=DIRECTION('center_axis',(0.,1.,0.));
#7188=DIRECTION('ref_axis',(0.,0.,1.));
#7189=DIRECTION('',(0.,0.,-1.));
#7190=DIRECTION('',(1.,0.,0.));
#7191=DIRECTION('center_axis',(1.,0.,0.));
#7192=DIRECTION('ref_axis',(0.,1.,1.39235365708329E-15));
#7193=DIRECTION('',(-1.,0.,0.));
#7194=DIRECTION('center_axis',(-1.,0.,0.));
#7195=DIRECTION('ref_axis',(0.,1.,1.39235365708329E-15));
#7196=DIRECTION('center_axis',(0.,-1.,-3.9009944646E-15));
#7197=DIRECTION('ref_axis',(0.,3.9009944646E-15,-1.));
#7198=DIRECTION('',(0.,-3.9009944646E-15,1.));
#7199=DIRECTION('',(1.,0.,0.));
#7200=DIRECTION('',(1.,0.,0.));
#7201=DIRECTION('center_axis',(1.,0.,0.));
#7202=DIRECTION('ref_axis',(0.,-1.,-1.5415344060565E-15));
#7203=DIRECTION('center_axis',(-1.,0.,0.));
#7204=DIRECTION('ref_axis',(0.,-1.,-1.5415344060565E-15));
#7205=DIRECTION('center_axis',(0.,0.,1.));
#7206=DIRECTION('ref_axis',(0.707106781186548,0.707106781186548,0.));
#7207=DIRECTION('center_axis',(0.,0.,-1.));
#7208=DIRECTION('ref_axis',(0.707106781186548,0.707106781186548,0.));
#7209=DIRECTION('',(0.,0.,-1.));
#7210=DIRECTION('',(0.,0.,1.));
#7211=DIRECTION('center_axis',(1.,0.,0.));
#7212=DIRECTION('ref_axis',(0.,1.,0.));
#7213=DIRECTION('',(0.,-1.,0.));
#7214=DIRECTION('',(0.,-1.,0.));
#7215=DIRECTION('center_axis',(-1.,0.,0.));
#7216=DIRECTION('ref_axis',(0.,-1.59126132238091E-15,1.));
#7217=DIRECTION('center_axis',(0.,1.,0.));
#7218=DIRECTION('ref_axis',(-1.,0.,0.));
#7219=DIRECTION('',(1.,0.,0.));
#7220=DIRECTION('',(0.,0.,1.));
#7221=DIRECTION('center_axis',(-1.,0.,0.));
#7222=DIRECTION('ref_axis',(0.,-1.,0.));
#7223=DIRECTION('',(0.,1.,0.));
#7224=DIRECTION('',(0.,0.,1.));
#7225=DIRECTION('center_axis',(0.,-1.,0.));
#7226=DIRECTION('ref_axis',(1.,0.,0.));
#7227=DIRECTION('',(-1.,0.,0.));
#7228=DIRECTION('center_axis',(1.,0.,0.));
#7229=DIRECTION('ref_axis',(0.,-1.59126132238091E-15,1.));
#7230=DIRECTION('',(1.,0.,0.));
#7231=DIRECTION('center_axis',(0.,0.,1.));
#7232=DIRECTION('ref_axis',(1.,0.,0.));
#7233=DIRECTION('center_axis',(0.,0.,-1.));
#7234=DIRECTION('ref_axis',(1.,0.,0.));
#7235=DIRECTION('',(0.,0.,1.));
#7236=DIRECTION('center_axis',(0.,0.,-1.));
#7237=DIRECTION('ref_axis',(1.,0.,0.));
#7238=DIRECTION('',(0.,0.,1.));
#7239=DIRECTION('center_axis',(0.,0.,-1.));
#7240=DIRECTION('ref_axis',(1.,0.,0.));
#7241=DIRECTION('',(0.,0.,1.));
#7242=DIRECTION('center_axis',(0.,0.,-1.));
#7243=DIRECTION('ref_axis',(1.,0.,0.));
#7244=DIRECTION('',(0.,0.,1.));
#7245=CARTESIAN_POINT('',(0.,0.,0.));
#7246=CARTESIAN_POINT('Origin',(-19.904166436668,0.,17.0347021461333));
#7247=CARTESIAN_POINT('',(-41.17,-4.25197374658577,11.7184859870295));
#7248=CARTESIAN_POINT('',(-26.5587689810148,-4.25197374658578,15.3711273103145));
#7249=CARTESIAN_POINT('',(-31.5965119320634,-4.25197374658578,14.1117489557338));
#7250=CARTESIAN_POINT('',(-26.5587689810148,18.7480262534142,15.3711273103145));
#7251=CARTESIAN_POINT('',(-26.5587689810148,-2.12598687329289,15.3711273103145));
#7252=CARTESIAN_POINT('',(-41.17,18.7480262534142,11.7184859870295));
#7253=CARTESIAN_POINT('',(-24.7206016552123,18.7480262534142,15.8306482038391));
#7254=CARTESIAN_POINT('',(-41.17,20.5,11.7184859870295));
#7255=CARTESIAN_POINT('',(-41.17,20.0000002980232,11.7184859870295));
#7256=CARTESIAN_POINT('',(-18.7620692409134,20.5,17.3202134358392));
#7257=CARTESIAN_POINT('',(-21.0190761580291,20.5,16.7559874153427));
#7258=CARTESIAN_POINT('',(-18.7620692409134,-6.,17.3202134358392));
#7259=CARTESIAN_POINT('',(-18.7620692409134,0.,17.3202134358392));
#7260=CARTESIAN_POINT('',(-41.17,-6.,11.7184859870295));
#7261=CARTESIAN_POINT('',(-21.0190761580291,-6.,16.7559874153427));
#7262=CARTESIAN_POINT('',(-41.17,20.0000002980232,11.7184859870295));
#7263=CARTESIAN_POINT('Origin',(-41.17,40.0000005960464,0.));
#7264=CARTESIAN_POINT('',(-41.17,-4.25197374658576,1.71297987519124));
#7265=CARTESIAN_POINT('',(-41.17,-4.25197374658576,1.35648993759559));
#7266=CARTESIAN_POINT('',(-41.17,-6.,12.0063588733528));
#7267=CARTESIAN_POINT('',(-41.17,-6.,17.4596633965209));
#7268=CARTESIAN_POINT('',(-41.17,-23.000000372529,12.0063588733528));
#7269=CARTESIAN_POINT('',(-41.17,20.0000002980232,12.0063588733528));
#7270=CARTESIAN_POINT('',(-41.17,-23.000000372529,1.00000013411045));
#7271=CARTESIAN_POINT('',(-41.17,-23.000000372529,0.));
#7272=CARTESIAN_POINT('',(-41.17,2.95643630642871,1.00000013411045));
#7273=CARTESIAN_POINT('',(-41.17,23.7500003539026,1.00000013411045));
#7274=CARTESIAN_POINT('',(-41.17,2.95643630642872,1.71297987519125));
#7275=CARTESIAN_POINT('',(-41.17,2.95643630642871,0.));
#7276=CARTESIAN_POINT('',(-41.17,21.4782184512376,1.71297987519128));
#7277=CARTESIAN_POINT('Origin',(-41.17,40.0000005960464,0.));
#7278=CARTESIAN_POINT('',(-41.17,18.7480262534142,1.71297987519127));
#7279=CARTESIAN_POINT('',(-41.17,18.7480262534142,1.35648993759562));
#7280=CARTESIAN_POINT('',(-41.17,12.0000001788139,1.71297987519126));
#7281=CARTESIAN_POINT('',(-41.17,29.3740134247303,1.71297987519129));
#7282=CARTESIAN_POINT('',(-41.17,12.0000001788139,1.00000013411045));
#7283=CARTESIAN_POINT('',(-41.17,12.0000001788139,0.));
#7284=CARTESIAN_POINT('',(-41.17,38.0000005960464,1.00000013411045));
#7285=CARTESIAN_POINT('',(-41.17,23.7500003539026,1.00000013411045));
#7286=CARTESIAN_POINT('',(-41.17,38.0000005960464,12.0063588733528));
#7287=CARTESIAN_POINT('',(-41.17,38.0000005960464,0.));
#7288=CARTESIAN_POINT('',(-41.17,20.5,12.0063588733528));
#7289=CARTESIAN_POINT('',(-41.17,20.0000002980232,12.0063588733528));
#7290=CARTESIAN_POINT('',(-41.17,20.5,17.4596633965209));
#7291=CARTESIAN_POINT('Origin',(9.6602540378444,-15.0000002235174,6.26794919243113));
#7292=CARTESIAN_POINT('',(13.7482540378444,-8.00000022351742,6.26794919243113));
#7293=CARTESIAN_POINT('Origin',(9.6602540378444,-8.00000022351742,6.26794919243113));
#7294=CARTESIAN_POINT('',(13.7482540378444,-15.0000002235174,6.26794919243113));
#7295=CARTESIAN_POINT('',(13.7482540378444,-15.0000002235174,6.26794919243113));
#7296=CARTESIAN_POINT('Origin',(9.6602540378444,-15.0000002235174,6.26794919243113));
#7297=CARTESIAN_POINT('Origin',(9.6602540378444,-8.00000022351742,6.26794919243113));
#7298=CARTESIAN_POINT('Origin',(-11.7942286340599,-15.0000002235174,6.42820323027551));
#7299=CARTESIAN_POINT('',(-7.70622863405994,-8.00000022351741,6.42820323027551));
#7300=CARTESIAN_POINT('Origin',(-11.7942286340599,-8.00000022351741,6.42820323027551));
#7301=CARTESIAN_POINT('',(-7.70622863405994,-15.0000002235174,6.42820323027551));
#7302=CARTESIAN_POINT('',(-7.70622863405994,-15.0000002235174,6.42820323027551));
#7303=CARTESIAN_POINT('Origin',(-11.7942286340599,-15.0000002235174,6.42820323027551));
#7304=CARTESIAN_POINT('Origin',(-11.7942286340599,-8.00000022351741,6.42820323027551));
#7305=CARTESIAN_POINT('Origin',(-17.0000002533197,29.7000004470348,0.));
#7306=CARTESIAN_POINT('',(-17.0000002533197,29.7000004470348,1.));
#7307=CARTESIAN_POINT('',(24.83,29.7000004470348,1.00000013411045));
#7308=CARTESIAN_POINT('',(-6.0425001899898,29.7000004470348,1.));
#7309=CARTESIAN_POINT('',(24.83,29.7000004470348,21.0000010924414));
#7310=CARTESIAN_POINT('',(24.83,29.7000004470348,0.));
#7311=CARTESIAN_POINT('',(-3.18257374372351,29.7000004470348,21.0000010924414));
#7312=CARTESIAN_POINT('',(4.91500051051844,29.7000004470348,21.0000010924414));
#7313=CARTESIAN_POINT('',(-3.18257374372351,29.7000004470348,22.));
#7314=CARTESIAN_POINT('',(-3.18257374372351,29.7000004470348,11.5000005462207));
#7315=CARTESIAN_POINT('',(-17.0000002533197,29.7000004470348,22.));
#7316=CARTESIAN_POINT('',(-17.0000002533197,29.7000004470348,22.));
#7317=CARTESIAN_POINT('',(-17.0000002533197,29.7000004470348,0.));
#7318=CARTESIAN_POINT('',(-15.88222863406,29.7000004470348,6.42820323027551));
#7319=CARTESIAN_POINT('Origin',(-11.7942286340599,29.7000004470348,6.42820323027551));
#7320=CARTESIAN_POINT('',(5.57225403784439,29.7000004470348,6.26794919243111));
#7321=CARTESIAN_POINT('Origin',(9.66025403784439,29.7000004470348,6.26794919243111));
#7322=CARTESIAN_POINT('Origin',(-3.18257374372351,0.,23.0000010924414));
#7323=CARTESIAN_POINT('',(-3.18257374372351,38.0000005960464,22.));
#7324=CARTESIAN_POINT('',(-3.18257374372351,15.0000002235174,22.));
#7325=CARTESIAN_POINT('',(-3.18257374372351,-15.0000002235174,21.0000010924414));
#7326=CARTESIAN_POINT('',(-3.18257374372351,0.,21.0000010924414));
#7327=CARTESIAN_POINT('',(-3.18257374372351,-15.0000002235174,22.));
#7328=CARTESIAN_POINT('',(-3.18257374372351,-15.0000002235174,16.5000005462207));
#7329=CARTESIAN_POINT('',(-3.18257374372351,-23.000000372529,22.));
#7330=CARTESIAN_POINT('',(-3.18257374372351,-10.0000001490116,22.));
#7331=CARTESIAN_POINT('',(-3.18257374372351,-23.000000372529,22.1715732179805));
#7332=CARTESIAN_POINT('',(-3.18257374372351,-23.000000372529,11.5000005462207));
#7333=CARTESIAN_POINT('',(-3.18257374372351,-8.05634907434534,37.1152245161642));
#7334=CARTESIAN_POINT('',(-3.18257374372351,-17.335786529595,27.8357870609145));
#7335=CARTESIAN_POINT('',(-3.18257374372351,23.0563492978628,37.1152245161642));
#7336=CARTESIAN_POINT('Origin',(-3.18257374372351,7.50000011175871,21.5588753300602));
#7337=CARTESIAN_POINT('',(-3.18257374372351,38.0000005960464,22.1715732179805));
#7338=CARTESIAN_POINT('',(-3.18257374372351,12.3357864550892,47.8357873589378));
#7339=CARTESIAN_POINT('',(-3.18257374372351,38.0000005960464,11.5000005462207));
#7340=CARTESIAN_POINT('Origin',(26.8300012743566,0.,21.0000010924414));
#7341=CARTESIAN_POINT('',(24.83,-15.0000002235174,21.0000010924414));
#7342=CARTESIAN_POINT('',(24.83,-12.5000001862645,21.0000010924414));
#7343=CARTESIAN_POINT('',(25.8300006371783,-15.0000002235174,21.0000010924414));
#7344=CARTESIAN_POINT('Origin',(24.83,-25.000000372529,0.));
#7345=CARTESIAN_POINT('',(24.83,17.3366853235371,1.00000013411045));
#7346=CARTESIAN_POINT('',(24.83,-8.75000013038516,1.00000013411045));
#7347=CARTESIAN_POINT('',(24.83,16.0938449898365,1.76097987519129));
#7348=CARTESIAN_POINT('Origin',(24.83,16.0938449898365,0.365579875191297));
#7349=CARTESIAN_POINT('',(24.83,9.74464498983649,1.76097987519128));
#7350=CARTESIAN_POINT('',(24.83,-4.45307769134628,1.76097987519129));
#7351=CARTESIAN_POINT('',(24.83,8.50180465613593,1.00000013411045));
#7352=CARTESIAN_POINT('Origin',(24.83,9.7446449898365,0.365579875191287));
#7353=CARTESIAN_POINT('',(24.83,-15.0000002235174,1.00000013411045));
#7354=CARTESIAN_POINT('',(24.83,-8.75000013038516,1.00000013411045));
#7355=CARTESIAN_POINT('',(24.83,-15.0000002235174,0.));
#7356=CARTESIAN_POINT('Origin',(-11.7942286340599,30.0000004470348,6.42820323027551));
#7357=CARTESIAN_POINT('',(-15.88222863406,22.0000004470348,6.42820323027551));
#7358=CARTESIAN_POINT('Origin',(-11.7942286340599,22.0000004470348,6.42820323027551));
#7359=CARTESIAN_POINT('',(-15.88222863406,30.0000004470348,6.42820323027551));
#7360=CARTESIAN_POINT('Origin',(-11.7942286340599,22.0000004470348,6.42820323027551));
#7361=CARTESIAN_POINT('Origin',(9.66025403784439,30.0000004470348,6.26794919243111));
#7362=CARTESIAN_POINT('',(5.57225403784439,22.0000004470348,6.26794919243111));
#7363=CARTESIAN_POINT('Origin',(9.66025403784439,22.0000004470348,6.26794919243111));
#7364=CARTESIAN_POINT('',(5.57225403784439,30.0000004470348,6.26794919243111));
#7365=CARTESIAN_POINT('Origin',(9.66025403784439,22.0000004470348,6.26794919243111));
#7366=CARTESIAN_POINT('Origin',(-13.5875929491647,10.3612330413579,19.2448754328433));
#7367=CARTESIAN_POINT('',(-8.2092778829738,13.7118461013579,39.3164906673095));
#7368=CARTESIAN_POINT('',(-8.05402633121797,12.903066921358,39.8958820516086));
#7369=CARTESIAN_POINT('',(-8.10314273305564,13.1589376212225,39.7125819832313));
#7370=CARTESIAN_POINT('',(-8.38430058053918,14.4579380813579,38.6633143101054));
#7371=CARTESIAN_POINT('',(-9.20630439065325,17.9620004617612,35.5956353075139));
#7372=CARTESIAN_POINT('',(-8.57740815042199,15.1341572013579,37.9426460722188));
#7373=CARTESIAN_POINT('',(-9.54881873944253,18.5358178098201,34.3173880987554));
#7374=CARTESIAN_POINT('',(-8.78674076115667,15.7339883613579,37.1614267559491));
#7375=CARTESIAN_POINT('',(-9.89801001912564,18.918269710263,33.0142229024491));
#7376=CARTESIAN_POINT('',(-9.01028343096807,16.2516581413579,36.3271761771488));
#7377=CARTESIAN_POINT('',(-10.2461309338748,19.1135766533055,31.7150522570106));
#7378=CARTESIAN_POINT('',(-9.24588180576901,16.6821805213579,35.44793428249));
#7379=CARTESIAN_POINT('',(-10.5859299249356,19.130927063286,30.4469386337484));
#7380=CARTESIAN_POINT('',(-9.49126845582292,17.0214076813579,34.5321630115731));
#7381=CARTESIAN_POINT('',(-10.9108872742715,18.9839156660394,29.2342133093278));
#7382=CARTESIAN_POINT('',(-9.74407931115805,17.2660731813579,33.5886849607462));
#7383=CARTESIAN_POINT('',(-11.2153585275441,18.6899490059938,28.09794111805));
#7384=CARTESIAN_POINT('',(-10.0018793008135,17.4138224413579,32.6265876986612));
#7385=CARTESIAN_POINT('',(-11.4947642667037,18.269418476374,27.055212229598));
#7386=CARTESIAN_POINT('',(-10.2621511767575,17.4627479213579,31.6552654748775));
#7387=CARTESIAN_POINT('',(-11.7462011549323,17.7417172001663,26.1168617584624));
#7388=CARTESIAN_POINT('',(-10.5245096928824,17.4129512213579,30.6761560094899));
#7389=CARTESIAN_POINT('',(-11.9659084402485,17.1393679504081,25.2969246516171));
#7390=CARTESIAN_POINT('',(-10.7868175879317,17.2626187813579,29.6972354595412));
#7391=CARTESIAN_POINT('',(-12.1555320164003,16.478188790577,24.5892585121177));
#7392=CARTESIAN_POINT('',(-11.0440482548409,17.0136759213579,28.7372628827836));
#7393=CARTESIAN_POINT('',(-12.3150357615156,15.7836388159936,23.9939981450677));
#7394=CARTESIAN_POINT('',(-11.2937252054053,16.6685178613579,27.8054804150463));
#7395=CARTESIAN_POINT('',(-12.4445591394337,15.0775836275279,23.5106230780728));
#7396=CARTESIAN_POINT('',(-11.5334429524096,16.2304694613579,26.9108652198547));
#7397=CARTESIAN_POINT('',(-12.5464778173334,14.3792994613494,23.1302674345614));
#7398=CARTESIAN_POINT('',(-11.76089330629,15.7037496613579,26.0620313505394));
#7399=CARTESIAN_POINT('',(-12.623993711953,13.7050186622891,22.8409818140255));
#7400=CARTESIAN_POINT('',(-11.9497874934005,15.1538295013579,25.3570872561439));
#7401=CARTESIAN_POINT('',(-12.6757681372735,13.0403108275313,22.6477621288214));
#7402=CARTESIAN_POINT('',(-12.6728622242302,13.0646109213579,22.6586068576616));
#7403=CARTESIAN_POINT('',(-12.7724389451965,12.7768985636881,22.2869912856936));
#7404=CARTESIAN_POINT('',(-13.5843038940844,10.3726833613579,19.2571500294864));
#7405=CARTESIAN_POINT('',(-13.1303359921721,11.7134698833413,20.951336581193));
#7406=CARTESIAN_POINT('',(-13.5875929491647,10.3612330413579,19.2448754328433));
#7407=CARTESIAN_POINT('',(-13.5859484216245,10.3669582013579,19.2510127311648));
#7408=CARTESIAN_POINT('',(-14.415410709054,10.3612330413579,16.1554990470668));
#7409=CARTESIAN_POINT('',(-14.1052437886191,10.3612330413579,17.3130271964613));
#7410=CARTESIAN_POINT('',(-14.415410709054,4.04876154135793,16.1554990470668));
#7411=CARTESIAN_POINT('',(-14.415410709054,2.18061652067896,16.1554990470668));
#7412=CARTESIAN_POINT('',(-13.5875929491647,4.04876154135793,19.2448754328433));
#7413=CARTESIAN_POINT('',(-14.1052437886191,4.04876154135793,17.3130271964613));
#7414=CARTESIAN_POINT('',(-13.5766837786664,4.00842888135793,19.28558793668));
#7415=CARTESIAN_POINT('',(-12.1689501076233,-1.19615047084726,24.5391828358336));
#7416=CARTESIAN_POINT('',(-12.6655326869345,1.31706520135793,22.6859603411662));
#7417=CARTESIAN_POINT('',(-11.86747756478,-1.04023491043588,25.6642639828538));
#7418=CARTESIAN_POINT('',(-11.9509169350611,-0.754200658642063,25.3528722337508));
#7419=CARTESIAN_POINT('',(-11.3912456764651,-2.37637028996664,27.4415386696287));
#7420=CARTESIAN_POINT('',(-11.76089330629,-1.29870553864206,26.0620313505395));
#7421=CARTESIAN_POINT('',(-11.0229833546094,-3.4131561061239,28.8158760854681));
#7422=CARTESIAN_POINT('',(-11.5334429524096,-1.82542533864206,26.9108652198547));
#7423=CARTESIAN_POINT('',(-10.7386181085612,-3.66604671224606,29.8771136170162));
#7424=CARTESIAN_POINT('',(-11.2937252054053,-2.26347373864206,27.8054804150463));
#7425=CARTESIAN_POINT('',(-10.4457161107689,-3.81308377683496,30.9702098987963));
#7426=CARTESIAN_POINT('',(-11.0440482548409,-2.60863179864206,28.7372628827836));
#7427=CARTESIAN_POINT('',(-10.1603739201987,-3.83023963359535,32.0350933406919));
#7428=CARTESIAN_POINT('',(-10.7868175879317,-2.85757465864206,29.6972354595413));
#7429=CARTESIAN_POINT('',(-9.8865836452151,-3.7288036418025,33.0568655847455));
#7430=CARTESIAN_POINT('',(-10.5245096928824,-3.00790709864206,30.6761560094899));
#7431=CARTESIAN_POINT('',(-9.62762341499831,-3.52192556740286,34.0232928092519));
#7432=CARTESIAN_POINT('',(-10.2619158216268,-3.05813559864206,31.6561438089967));
#7433=CARTESIAN_POINT('',(-10.2141191860591,-3.06727805614928,31.8345185726188));
#7434=CARTESIAN_POINT('',(-10.0018793008135,-3.00877831864206,32.6265876986612));
#7435=CARTESIAN_POINT('',(-10.0814543316327,-3.02388237812137,32.3296174800673));
#7436=CARTESIAN_POINT('',(-9.74407931115804,-2.86102905864205,33.5886849607462));
#7437=CARTESIAN_POINT('',(-8.96441602344415,-2.4141916713969,36.4983511537526));
#7438=CARTESIAN_POINT('',(-9.49126845582292,-2.61636355864206,34.5321630115732));
#7439=CARTESIAN_POINT('',(-8.78439456407629,-1.93226455532928,37.170182651519));
#7440=CARTESIAN_POINT('',(-9.245881805769,-2.27713639864206,35.44793428249));
#7441=CARTESIAN_POINT('',(-8.62415062675181,-1.41764342257669,37.7682053805799));
#7442=CARTESIAN_POINT('',(-9.01028343096807,-1.84661401864205,36.3271761771489));
#7443=CARTESIAN_POINT('',(-8.48261616323586,-0.882377452307961,38.2964052459925));
#7444=CARTESIAN_POINT('',(-8.78674076115667,-1.32894423864205,37.1614267559491));
#7445=CARTESIAN_POINT('',(-8.35823490676233,-0.33663019157328,38.7605901610805));
#7446=CARTESIAN_POINT('',(-8.57740815042198,-0.729113078642049,37.9426460722188));
#7447=CARTESIAN_POINT('',(-8.24908705917957,0.211673071787654,39.1679247209546));
#7448=CARTESIAN_POINT('',(-8.38430058053918,-0.0528939586420503,38.6633143101054));
#7449=CARTESIAN_POINT('',(-8.15303284233958,0.756953456995994,39.5263944755772));
#7450=CARTESIAN_POINT('',(-8.2092778829738,0.693198021357949,39.3164906673095));
#7451=CARTESIAN_POINT('',(-8.06785094668816,1.29607698726616,39.8442892462286));
#7452=CARTESIAN_POINT('',(-8.05402633121797,1.50197720135795,39.8958820516086));
#7453=CARTESIAN_POINT('',(-8.14434444022011,1.03146721088262,39.5588191777745));
#7454=CARTESIAN_POINT('',(-7.92004023312646,2.36565848135795,40.3959117773801));
#7455=CARTESIAN_POINT('',(-7.96664353492973,2.06525120084887,40.2219904784344));
#7456=CARTESIAN_POINT('',(-7.80861009741857,3.27591828135795,40.8117637276521));
#7457=CARTESIAN_POINT('',(-7.64944367212254,4.57613027101814,41.4057652332296));
#7458=CARTESIAN_POINT('',(-7.72080948534679,4.22399614135795,41.1394314230487));
#7459=CARTESIAN_POINT('',(-7.63595427273956,5.1402693481175,41.4561070281648));
#7460=CARTESIAN_POINT('',(-7.65748383461515,5.20075822135795,41.3757597303931));
#7461=CARTESIAN_POINT('',(-7.62658191371757,5.67740274349196,41.4910842248916));
#7462=CARTESIAN_POINT('',(-7.61924257038043,6.19679636135795,41.5184743040751));
#7463=CARTESIAN_POINT('',(-7.61933461027079,6.19439907551594,41.5181308155954));
#7464=CARTESIAN_POINT('',(-7.60645450333624,7.20252206135795,41.5661987601816));
#7465=CARTESIAN_POINT('',(-7.61284853685833,6.69965921135795,41.5423365321284));
#7466=CARTESIAN_POINT('',(-7.61924257038043,8.20824776135795,41.5184743040751));
#7467=CARTESIAN_POINT('',(-7.63368826232129,9.34433843002468,41.4645636709374));
#7468=CARTESIAN_POINT('',(-7.65748383461515,9.20428590135795,41.3757597303931));
#7469=CARTESIAN_POINT('',(-7.45005884727306,3.80166120482467,42.149859887172));
#7470=CARTESIAN_POINT('',(-7.7208094853468,10.181047981358,41.1394314230487));
#7471=CARTESIAN_POINT('',(-7.86782742580544,12.4487159430817,40.5907674832956));
#7472=CARTESIAN_POINT('',(-7.80861009741857,11.129125841358,40.8117637276521));
#7473=CARTESIAN_POINT('',(-7.87803642447312,11.8787967380446,40.5526679873261));
#7474=CARTESIAN_POINT('',(-7.92004023312646,12.039385641358,40.3959117773801));
#7475=CARTESIAN_POINT('',(-7.95434748514038,12.3196375871933,40.2678787496194));
#7476=CARTESIAN_POINT('',(-8.02921776172756,12.7431496063703,39.9884664493616));
#7477=CARTESIAN_POINT('',(-10.222862492711,-0.796395216450204,31.8018889693261));
#7478=CARTESIAN_POINT('Origin',(-10.222862492711,-1.5463952164502,31.8018889693262));
#7479=CARTESIAN_POINT('',(-10.2223773342552,16.703604683161,31.8036995575366));
#7480=CARTESIAN_POINT('Origin',(-10.2223773342552,15.953604683161,31.8036995575366));
#7481=CARTESIAN_POINT('Origin',(-18.7620692409134,-6.,17.3202134358392));
#7482=CARTESIAN_POINT('',(-13.449486590863,20.5,15.8966736273396));
#7483=CARTESIAN_POINT('',(-18.7620692409134,20.5,17.3202134358392));
#7484=CARTESIAN_POINT('',(-13.449486590863,-6.,15.8966736273396));
#7485=CARTESIAN_POINT('',(-13.449486590863,0.,15.8966736273396));
#7486=CARTESIAN_POINT('',(-18.7620692409134,-6.,17.3202134358392));
#7487=CARTESIAN_POINT('',(-17.7961451227224,4.04876154135793,17.061388016112));
#7488=CARTESIAN_POINT('',(-16.8302210045314,4.04876154135793,16.8025625963848));
#7489=CARTESIAN_POINT('',(-17.7961451227224,10.3612330413579,17.061388016112));
#7490=CARTESIAN_POINT('',(-16.8302210045314,10.3612330413579,16.8025625963848));
#7491=CARTESIAN_POINT('',(-17.7961451227224,-0.975619229321036,17.061388016112));
#7492=CARTESIAN_POINT('Origin',(-3.48326011066859,0.,53.0901553754599));
#7493=CARTESIAN_POINT('',(-8.14528934091216,23.0563492978628,35.6916847076646));
#7494=CARTESIAN_POINT('',(-8.14528934091216,-8.05634907434534,35.6916847076646));
#7495=CARTESIAN_POINT('Origin',(-12.3137105778278,7.50000011175871,20.1353355215605));
#7496=CARTESIAN_POINT('',(-9.35956622992862,-12.5879724925518,31.1600612894581));
#7497=CARTESIAN_POINT('',(-8.19370683553739,-8.23704085434973,35.5109929276602));
#7498=CARTESIAN_POINT('',(-9.35956622992862,-6.,31.1600612894581));
#7499=CARTESIAN_POINT('',(-9.35956622992862,0.,31.1600612894581));
#7500=CARTESIAN_POINT('',(-6.53380073734746,-6.,41.7056832941003));
#7501=CARTESIAN_POINT('',(-9.35956622992862,20.5,31.1600612894581));
#7502=CARTESIAN_POINT('',(-6.53380073734746,20.5,41.7056832941003));
#7503=CARTESIAN_POINT('',(-9.35956622992862,27.5879727160692,31.1600612894581));
#7504=CARTESIAN_POINT('',(-9.35956622992862,0.,31.1600612894581));
#7505=CARTESIAN_POINT('',(-3.02030791117016,3.93016310839875,54.8178708971286));
#7506=CARTESIAN_POINT('',(-9.25693837451998,-0.796395216450204,31.5430635495989));
#7507=CARTESIAN_POINT('Origin',(-9.25693837452,-1.5463952164502,31.543063549599));
#7508=CARTESIAN_POINT('',(-9.25645321606425,16.703604683161,31.5448741378094));
#7509=CARTESIAN_POINT('Origin',(-9.25645321606427,15.953604683161,31.5448741378095));
#7510=CARTESIAN_POINT('Origin',(-43.17,2.95643630642871,0.));
#7511=CARTESIAN_POINT('',(-34.0000005066395,2.95643630642871,1.71297987519125));
#7512=CARTESIAN_POINT('',(-37.7393844905074,2.95643630642871,1.71297987519125));
#7513=CARTESIAN_POINT('',(-34.0000005066395,2.95643630642871,1.));
#7514=CARTESIAN_POINT('',(-40.8775001266599,2.95643630642871,1.));
#7515=CARTESIAN_POINT('',(-34.0000005066395,2.95643630642871,0.));
#7516=CARTESIAN_POINT('Origin',(-34.0000005066395,12.0000001788139,0.));
#7517=CARTESIAN_POINT('',(-34.0000005066395,12.0000001788139,1.71297987519126));
#7518=CARTESIAN_POINT('',(-33.1543847438271,12.0000001788139,1.71297987519126));
#7519=CARTESIAN_POINT('',(-34.0000005066395,12.0000001788139,1.));
#7520=CARTESIAN_POINT('',(-34.0000005066395,12.0000001788139,0.));
#7521=CARTESIAN_POINT('',(-36.2925003799796,12.0000001788139,1.));
#7522=CARTESIAN_POINT('Origin',(-34.0000005066395,2.95643630642871,0.));
#7523=CARTESIAN_POINT('',(-34.0000005066395,10.8522312799215,1.71297987519126));
#7524=CARTESIAN_POINT('',(-34.0000005066395,5.21732727452502,1.));
#7525=CARTESIAN_POINT('Origin',(-15.0364791264511,10.3612330413579,19.6331135624341));
#7526=CARTESIAN_POINT('',(-16.9683273628331,10.3612330413579,20.1507644018885));
#7527=CARTESIAN_POINT('',(-15.0364791264511,10.3612330413579,19.6331135624341));
#7528=CARTESIAN_POINT('',(-17.4859782022875,10.3612330413579,18.2189161655066));
#7529=CARTESIAN_POINT('Origin',(-15.5541299659056,4.04876154135793,17.7012653260521));
#7530=CARTESIAN_POINT('',(-16.9683273628331,4.04876154135793,20.1507644018885));
#7531=CARTESIAN_POINT('',(-17.9342514810241,4.04876154135793,20.4095898216158));
#7532=CARTESIAN_POINT('',(-16.9683273628331,4.04876154135793,20.1507644018885));
#7533=CARTESIAN_POINT('Origin',(-17.2271527825603,7.20499729135793,19.1848402836975));
#7534=CARTESIAN_POINT('',(-16.9683273628331,8.78311516635793,20.1507644018885));
#7535=CARTESIAN_POINT('Origin',(-17.3110264879334,7.14153502736511,26.5990439083686));
#7536=CARTESIAN_POINT('',(-16.0114658079531,17.3130152721835,31.4489423656695));
#7537=CARTESIAN_POINT('',(-16.0994002379822,17.2626187813581,31.1207752680408));
#7538=CARTESIAN_POINT('',(-15.8370923429328,17.4129512213581,32.0996958179895));
#7539=CARTESIAN_POINT('',(-15.721877376651,-3.02994521745326,32.5296725753941));
#7540=CARTESIAN_POINT('Origin',(-15.5744984716777,7.20362099554571,33.0796836174964));
#7541=CARTESIAN_POINT('',(-15.8370923429328,-3.00790709864189,32.0996958179895));
#7542=CARTESIAN_POINT('',(-15.8370923429328,-3.00790709864189,32.0996958179895));
#7543=CARTESIAN_POINT('',(-16.0994002379822,-2.85757465864189,31.1207752680409));
#7544=CARTESIAN_POINT('',(-16.0994002379821,-2.85757465864189,31.1207752680409));
#7545=CARTESIAN_POINT('',(-16.3566309048913,-2.6086317986419,30.1608026912832));
#7546=CARTESIAN_POINT('',(-16.3566309048913,-2.6086317986419,30.1608026912832));
#7547=CARTESIAN_POINT('',(-16.6063078554557,-2.26347373864189,29.2290202235459));
#7548=CARTESIAN_POINT('',(-16.6063078554557,-2.26347373864189,29.2290202235459));
#7549=CARTESIAN_POINT('',(-16.84602560246,-1.8254253386419,28.3344050283543));
#7550=CARTESIAN_POINT('',(-16.84602560246,-1.8254253386419,28.3344050283543));
#7551=CARTESIAN_POINT('',(-17.0734759563404,-1.2987055386419,27.4855711590391));
#7552=CARTESIAN_POINT('',(-17.0734759563404,-1.2987055386419,27.4855711590391));
#7553=CARTESIAN_POINT('',(-17.2634995851115,-0.754200658641897,26.7764120422504));
#7554=CARTESIAN_POINT('',(-17.2634995851115,-0.754200658641897,26.7764120422504));
#7555=CARTESIAN_POINT('',(-17.9781153369849,1.3170652013581,24.1095001496658));
#7556=CARTESIAN_POINT('',(-17.9781153369849,1.3170652013581,24.1095001496658));
#7557=CARTESIAN_POINT('',(-18.8892664287169,4.00842888135809,20.7091277451796));
#7558=CARTESIAN_POINT('',(-18.8892664287169,4.0084288813581,20.7091277451796));
#7559=CARTESIAN_POINT('',(-18.9001755992151,4.0487615413581,20.6684152413429));
#7560=CARTESIAN_POINT('',(-18.9001755992151,4.0487615413581,20.6684152413429));
#7561=CARTESIAN_POINT('',(-18.9001755992151,10.3612330413581,20.6684152413429));
#7562=CARTESIAN_POINT('',(-18.9001755992151,10.3612330413581,20.6684152413429));
#7563=CARTESIAN_POINT('',(-18.8968865441348,10.3726833613581,20.680689837986));
#7564=CARTESIAN_POINT('',(-18.8968865441348,10.3726833613581,20.680689837986));
#7565=CARTESIAN_POINT('',(-17.9854448742806,13.0646109213581,24.0821466661611));
#7566=CARTESIAN_POINT('',(-17.9854448742806,13.0646109213581,24.0821466661611));
#7567=CARTESIAN_POINT('',(-17.262370143451,15.1538295013581,26.7806270646435));
#7568=CARTESIAN_POINT('',(-17.262370143451,15.1538295013581,26.7806270646435));
#7569=CARTESIAN_POINT('',(-17.0734759563404,15.7037496613581,27.485571159039));
#7570=CARTESIAN_POINT('',(-17.0734759563404,15.7037496613581,27.485571159039));
#7571=CARTESIAN_POINT('',(-16.84602560246,16.2304694613581,28.3344050283543));
#7572=CARTESIAN_POINT('',(-16.84602560246,16.2304694613581,28.3344050283543));
#7573=CARTESIAN_POINT('',(-16.6063078554557,16.6685178613581,29.2290202235459));
#7574=CARTESIAN_POINT('',(-16.6063078554557,16.6685178613581,29.2290202235459));
#7575=CARTESIAN_POINT('',(-16.3566309048913,17.0136759213581,30.1608026912832));
#7576=CARTESIAN_POINT('',(-16.3566309048913,17.0136759213581,30.1608026912832));
#7577=CARTESIAN_POINT('',(-16.0994002379822,17.2626187813581,31.1207752680408));
#7578=CARTESIAN_POINT('Origin',(-11.7108019989133,7.20362099554554,32.0443819385875));
#7579=CARTESIAN_POINT('',(-16.9773899261441,17.3130152721836,31.7077677853967));
#7580=CARTESIAN_POINT('',(-12.1477693351892,17.3130152721834,30.4136406867608));
#7581=CARTESIAN_POINT('',(-16.687801494842,-3.02994521745322,32.7884979951212));
#7582=CARTESIAN_POINT('Origin',(-16.5404225898683,7.20362099554575,33.3385090372235));
#7583=CARTESIAN_POINT('',(-11.8581809038871,-3.02994521745342,31.4943708964853));
#7584=CARTESIAN_POINT('Origin',(-21.8093114361465,17.2626187813577,32.6507345301343));
#7585=CARTESIAN_POINT('',(-15.0455416897621,17.3130152721831,31.1901169459424));
#7586=CARTESIAN_POINT('',(-12.1477693351892,17.3130152721834,30.4136406867608));
#7587=CARTESIAN_POINT('',(-14.8711682247419,17.4129512213579,31.8408703982623));
#7588=CARTESIAN_POINT('',(-12.3571394037833,18.8537774184291,41.2231060169681));
#7589=CARTESIAN_POINT('',(-16.8030198773621,17.4129512213579,32.3585084884786));
#7590=CARTESIAN_POINT('',(-21.5470100014976,17.4129512213579,33.6296568111419));
#7591=CARTESIAN_POINT('',(-14.2889877137169,18.853779334171,41.7407565819314));
#7592=CARTESIAN_POINT('Origin',(-14.8711682247419,17.4129512213579,31.8408703982623));
#7593=CARTESIAN_POINT('',(-15.1334761197912,17.2626187813579,30.8619498483137));
#7594=CARTESIAN_POINT('',(-14.8711682247419,17.4129512213579,31.8408703982623));
#7595=CARTESIAN_POINT('Origin',(-15.1334761197912,17.2626187813579,30.8619498483137));
#7596=CARTESIAN_POINT('',(-15.3907067867003,17.0136759213579,29.901977271556));
#7597=CARTESIAN_POINT('Origin',(-15.3907067867003,17.0136759213579,29.901977271556));
#7598=CARTESIAN_POINT('',(-15.6403837372648,16.6685178613579,28.9701948038187));
#7599=CARTESIAN_POINT('Origin',(-15.6403837372648,16.6685178613579,28.9701948038187));
#7600=CARTESIAN_POINT('',(-15.880101484269,16.2304694613579,28.0755796086271));
#7601=CARTESIAN_POINT('Origin',(-15.880101484269,16.2304694613579,28.0755796086271));
#7602=CARTESIAN_POINT('',(-16.1075518381494,15.7037496613579,27.2267457393119));
#7603=CARTESIAN_POINT('Origin',(-16.1075518381494,15.7037496613579,27.2267457393119));
#7604=CARTESIAN_POINT('',(-16.29644602526,15.1538295013579,26.5218016449163));
#7605=CARTESIAN_POINT('Origin',(-16.29644602526,15.1538295013579,26.5218016449163));
#7606=CARTESIAN_POINT('',(-14.1217484015167,13.0646109213579,23.0468449872524));
#7607=CARTESIAN_POINT('Origin',(-17.0195207560896,13.0646109213579,23.823321246434));
#7608=CARTESIAN_POINT('',(-15.0331900713708,10.3726833613579,19.6453881590772));
#7609=CARTESIAN_POINT('Origin',(-17.9309624259438,10.3726833613579,20.4218644182588));
#7610=CARTESIAN_POINT('',(-15.0364791264511,10.3612330413579,19.6331135624341));
#7611=CARTESIAN_POINT('Origin',(-11.8299998509884,35.0000005215406,22.));
#7612=CARTESIAN_POINT('',(-17.0000002533197,38.0000005960464,22.));
#7613=CARTESIAN_POINT('',(7.50000007450581,38.0000005960464,22.));
#7614=CARTESIAN_POINT('',(-17.0000002533197,40.0000005960464,22.));
#7615=CARTESIAN_POINT('Origin',(21.83,-20.0000002980232,22.));
#7616=CARTESIAN_POINT('',(-17.0000002533197,-15.0000002235174,22.));
#7617=CARTESIAN_POINT('',(-17.0000002533197,-15.0000002235174,22.));
#7618=CARTESIAN_POINT('',(-17.0000002533197,-23.000000372529,22.));
#7619=CARTESIAN_POINT('',(-17.0000002533197,-25.000000372529,22.));
#7620=CARTESIAN_POINT('',(-10.67,-23.000000372529,22.));
#7621=CARTESIAN_POINT('Origin',(-11.6717486699975,-1.5463952164502,32.190127098917));
#7622=CARTESIAN_POINT('',(-11.6717486699975,-0.796395216450204,32.190127098917));
#7623=CARTESIAN_POINT('Origin',(-11.6712635115417,15.953604683161,32.1919376871275));
#7624=CARTESIAN_POINT('',(-11.6712635115417,16.703604683161,32.1919376871275));
#7625=CARTESIAN_POINT('Origin',(-12.155268629278,11.129125841358,41.9764781164246));
#7626=CARTESIAN_POINT('',(-12.155268629278,11.129125841358,41.9764781164246));
#7627=CARTESIAN_POINT('',(-9.25749627470505,11.129125841358,41.2000018572429));
#7628=CARTESIAN_POINT('',(-12.2666987649859,12.039385641358,41.5606261661525));
#7629=CARTESIAN_POINT('',(-11.3472602362894,4.52859939015856,44.9919268900072));
#7630=CARTESIAN_POINT('',(-9.36892641041294,12.039385641358,40.7841499069709));
#7631=CARTESIAN_POINT('Origin',(-12.0674680172062,10.181047981358,42.3041458118211));
#7632=CARTESIAN_POINT('',(-12.0674680172062,10.181047981358,42.3041458118211));
#7633=CARTESIAN_POINT('',(-12.0674680172062,10.181047981358,42.3041458118211));
#7634=CARTESIAN_POINT('',(-11.5077891555914,4.13759196338575,44.3928406218024));
#7635=CARTESIAN_POINT('Origin',(-12.5559364148333,0.693198021357943,40.4812050560819));
#7636=CARTESIAN_POINT('',(-12.5559364148333,0.693198021357949,40.4812050560819));
#7637=CARTESIAN_POINT('',(-12.5559364148333,0.693198021357949,40.4812050560819));
#7638=CARTESIAN_POINT('',(-12.4006848630774,1.50197720135795,41.060596440381));
#7639=CARTESIAN_POINT('',(-11.8540871287068,4.3494647941986,43.1004731075709));
#7640=CARTESIAN_POINT('',(-12.4006848630774,1.50197720135795,41.060596440381));
#7641=CARTESIAN_POINT('Origin',(-12.2666987649859,2.36565848135795,41.5606261661525));
#7642=CARTESIAN_POINT('',(-12.2666987649859,2.36565848135795,41.5606261661525));
#7643=CARTESIAN_POINT('',(-12.2666987649859,2.36565848135795,41.5606261661525));
#7644=CARTESIAN_POINT('',(-12.155268629278,3.27591828135795,41.9764781164246));
#7645=CARTESIAN_POINT('',(-12.0120682408442,4.44570557550239,42.5108951341516));
#7646=CARTESIAN_POINT('',(-9.25749627470505,3.27591828135795,41.2000018572429));
#7647=CARTESIAN_POINT('Origin',(-12.0041423664746,9.20428590135795,42.5404741191655));
#7648=CARTESIAN_POINT('',(-12.0041423664746,9.20428590135795,42.5404741191655));
#7649=CARTESIAN_POINT('',(-11.6603462220313,3.90142626608908,43.8235049281518));
#7650=CARTESIAN_POINT('',(-12.0041423664746,9.20428590135795,42.5404741191655));
#7651=CARTESIAN_POINT('Origin',(-11.9659011022399,8.20824776135795,42.6831886928475));
#7652=CARTESIAN_POINT('',(-11.9659011022399,8.20824776135795,42.6831886928475));
#7653=CARTESIAN_POINT('',(-11.7967173791325,3.80166120482467,43.3145742759444));
#7654=CARTESIAN_POINT('',(-11.9659011022399,8.20824776135795,42.6831886928475));
#7655=CARTESIAN_POINT('Origin',(-11.9531130351957,7.20252206135795,42.7309131489541));
#7656=CARTESIAN_POINT('',(-11.9531130351957,7.20252206135795,42.7309131489541));
#7657=CARTESIAN_POINT('',(-9.05534068062272,7.20252206135795,41.9544368897724));
#7658=CARTESIAN_POINT('',(-11.9100255773156,3.81388141786921,42.8917134861147));
#7659=CARTESIAN_POINT('Origin',(-13.1333992930161,15.7339883613579,38.3261411447215));
#7660=CARTESIAN_POINT('',(-13.1333992930161,15.7339883613579,38.3261411447215));
#7661=CARTESIAN_POINT('',(-10.2356269384432,15.7339883613579,37.5496648855399));
#7662=CARTESIAN_POINT('',(-13.3569419628275,16.2516581413579,37.4918905659213));
#7663=CARTESIAN_POINT('',(-10.7517332735549,10.2186363018678,47.2144051030998));
#7664=CARTESIAN_POINT('',(-10.4591696082546,16.2516581413579,36.7154143067396));
#7665=CARTESIAN_POINT('Origin',(-12.9240666822814,15.1341572013579,39.1073604609912));
#7666=CARTESIAN_POINT('',(-12.9240666822814,15.1341572013579,39.1073604609912));
#7667=CARTESIAN_POINT('',(-10.0262943277085,15.1341572013579,38.3308842018096));
#7668=CARTESIAN_POINT('',(-10.759981528152,8.93308941844182,47.1836230104574));
#7669=CARTESIAN_POINT('Origin',(-12.7309591123986,14.4579380813579,39.8280286988778));
#7670=CARTESIAN_POINT('',(-12.7309591123986,14.4579380813579,39.8280286988778));
#7671=CARTESIAN_POINT('',(-9.83318675782566,14.4579380813579,39.0515524396962));
#7672=CARTESIAN_POINT('',(-10.8162951512922,7.75321708227486,46.9734632555493));
#7673=CARTESIAN_POINT('Origin',(-12.5559364148333,13.7118461013579,40.4812050560819));
#7674=CARTESIAN_POINT('',(-12.5559364148333,13.7118461013579,40.4812050560819));
#7675=CARTESIAN_POINT('',(-9.65816406026028,13.7118461013579,39.7047287969003));
#7676=CARTESIAN_POINT('',(-10.9125930059505,6.70655276050282,46.6140842562124));
#7677=CARTESIAN_POINT('Origin',(-12.4006848630774,12.903066921358,41.060596440381));
#7678=CARTESIAN_POINT('',(-12.4006848630774,12.903066921358,41.060596440381));
#7679=CARTESIAN_POINT('',(-12.4006848630774,12.903066921358,41.060596440381));
#7680=CARTESIAN_POINT('',(-11.0397509849923,5.81331500903775,46.1395367449736));
#7681=CARTESIAN_POINT('Origin',(-14.8711682247418,-3.00790709864206,31.8408703982623));
#7682=CARTESIAN_POINT('',(-14.75595325846,-3.0299452174535,32.2708471556668));
#7683=CARTESIAN_POINT('',(-14.6085743534863,-3.05813559864206,32.8208581977692));
#7684=CARTESIAN_POINT('',(-11.7288658925664,-3.60896123572831,43.567792786701));
#7685=CARTESIAN_POINT('',(-14.6085743534863,-3.05813559864206,32.8208581977692));
#7686=CARTESIAN_POINT('',(-11.9733958701689,-3.00790709864206,31.0643941390807));
#7687=CARTESIAN_POINT('',(-11.8581809038871,-3.02994521745342,31.4943708964853));
#7688=CARTESIAN_POINT('Origin',(-15.1334761197912,-2.85757465864206,30.8619498483137));
#7689=CARTESIAN_POINT('',(-15.1334761197912,-2.85757465864206,30.8619498483137));
#7690=CARTESIAN_POINT('Origin',(-13.5925403376284,-2.27713639864205,36.6126486712624));
#7691=CARTESIAN_POINT('',(-13.5925403376284,-2.27713639864206,36.6126486712624));
#7692=CARTESIAN_POINT('',(-10.6947679830555,-2.27713639864206,35.8361724120808));
#7693=CARTESIAN_POINT('',(-13.3569419628275,-1.84661401864205,37.4918905659213));
#7694=CARTESIAN_POINT('',(-11.4009263518322,1.72772513744824,44.7916475071435));
#7695=CARTESIAN_POINT('',(-10.4591696082545,-1.84661401864205,36.7154143067397));
#7696=CARTESIAN_POINT('Origin',(-13.8379269876824,-2.61636355864206,35.6968774003456));
#7697=CARTESIAN_POINT('',(-13.8379269876824,-2.61636355864206,35.6968774003456));
#7698=CARTESIAN_POINT('',(-10.9401546331094,-2.61636355864206,34.920401141164));
#7699=CARTESIAN_POINT('',(-11.3729213990973,0.791306927981302,44.8961606546695));
#7700=CARTESIAN_POINT('Origin',(-14.0907378430175,-2.86102905864205,34.7533993495187));
#7701=CARTESIAN_POINT('',(-14.0907378430175,-2.86102905864205,34.7533993495187));
#7702=CARTESIAN_POINT('',(-11.1929654884445,-2.86102905864205,33.976923090337));
#7703=CARTESIAN_POINT('',(-11.3859253165765,-0.243363340484912,44.8476306550378));
#7704=CARTESIAN_POINT('Origin',(-14.3485378326729,-3.00877831864206,33.7913020874336));
#7705=CARTESIAN_POINT('',(-14.3485378326729,-3.00877831864206,33.7913020874336));
#7706=CARTESIAN_POINT('',(-14.3485378326729,-3.00877831864206,33.7913020874336));
#7707=CARTESIAN_POINT('',(-11.4465561065227,-1.34560659723555,44.6213594395761));
#7708=CARTESIAN_POINT('Origin',(-16.2975754669206,-0.754200658642066,26.5175866225232));
#7709=CARTESIAN_POINT('',(-16.1075518381494,-1.29870553864206,27.2267457393119));
#7710=CARTESIAN_POINT('',(-13.3998031123476,-0.754200658642063,25.7411103633416));
#7711=CARTESIAN_POINT('Origin',(-17.0121912187939,1.31706520135793,23.8506747299386));
#7712=CARTESIAN_POINT('',(-14.114418864221,1.31706520135793,23.074198470757));
#7713=CARTESIAN_POINT('Origin',(-17.9233423105259,4.00842888135792,20.4503023254525));
#7714=CARTESIAN_POINT('',(-15.0255699559529,4.00842888135793,19.6738260662709));
#7715=CARTESIAN_POINT('Origin',(-17.9342514810241,4.04876154135793,20.4095898216158));
#7716=CARTESIAN_POINT('',(-17.9342514810241,4.04876154135793,20.4095898216158));
#7717=CARTESIAN_POINT('Origin',(-17.9342514810241,10.3612330413579,20.4095898216157));
#7718=CARTESIAN_POINT('Origin',(-14.6088097086169,17.4627479213579,32.81997986365));
#7719=CARTESIAN_POINT('',(-14.6088097086169,17.4627479213579,32.81997986365));
#7720=CARTESIAN_POINT('',(-14.6088097086169,17.4627479213579,32.81997986365));
#7721=CARTESIAN_POINT('',(-11.9512617952293,17.9671611881094,42.7378218881883));
#7722=CARTESIAN_POINT('Origin',(-14.3485378326729,17.4138224413579,33.7913020874336));
#7723=CARTESIAN_POINT('',(-14.3485378326729,17.4138224413579,33.7913020874336));
#7724=CARTESIAN_POINT('',(-14.3485378326729,17.4138224413579,33.7913020874336));
#7725=CARTESIAN_POINT('',(-11.5995033845284,16.8970634583745,44.0505674949787));
#7726=CARTESIAN_POINT('Origin',(-14.0907378430175,17.2660731813579,34.7533993495186));
#7727=CARTESIAN_POINT('',(-14.0907378430175,17.2660731813579,34.7533993495186));
#7728=CARTESIAN_POINT('',(-14.0907378430175,17.2660731813579,34.7533993495186));
#7729=CARTESIAN_POINT('',(-11.3048806835206,15.6694542895844,45.1500853590661));
#7730=CARTESIAN_POINT('Origin',(-13.8379269876824,17.0214076813579,35.6968774003456));
#7731=CARTESIAN_POINT('',(-13.8379269876824,17.0214076813579,35.6968774003456));
#7732=CARTESIAN_POINT('',(-13.8379269876824,17.0214076813579,35.6968774003456));
#7733=CARTESIAN_POINT('',(-11.072943888863,14.3455100365823,46.0156624113193));
#7734=CARTESIAN_POINT('Origin',(-13.5925403376285,16.6821805213579,36.6126486712624));
#7735=CARTESIAN_POINT('',(-13.5925403376285,16.6821805213579,36.6126486712624));
#7736=CARTESIAN_POINT('',(-13.5925403376285,16.6821805213579,36.6126486712624));
#7737=CARTESIAN_POINT('',(-10.9042987816998,12.9659043987099,46.6450379054093));
#7738=CARTESIAN_POINT('Origin',(-13.3569419628275,16.251658141358,37.4918905659213));
#7739=CARTESIAN_POINT('',(-10.7982024668403,11.5759271710469,47.0409842907449));
#7740=CARTESIAN_POINT('Origin',(-12.2666987649859,12.0393856413579,41.5606261661525));
#7741=CARTESIAN_POINT('',(-11.1879800739289,5.08590947388658,45.586352856883));
#7742=CARTESIAN_POINT('Origin',(-11.9659011022399,6.19679636135795,42.6831886928475));
#7743=CARTESIAN_POINT('',(-11.9659011022399,6.19679636135795,42.6831886928475));
#7744=CARTESIAN_POINT('',(-11.9659011022399,6.19679636135795,42.6831886928475));
#7745=CARTESIAN_POINT('',(-11.9949930123477,3.90884451090123,42.574619072263));
#7746=CARTESIAN_POINT('Origin',(-12.0041423664746,5.20075822135795,42.5404741191655));
#7747=CARTESIAN_POINT('',(-12.0041423664746,5.20075822135795,42.5404741191655));
#7748=CARTESIAN_POINT('',(-12.0041423664746,5.20075822135795,42.5404741191655));
#7749=CARTESIAN_POINT('',(-12.0481721648505,4.05395098691061,42.3761570122321));
#7750=CARTESIAN_POINT('Origin',(-12.0674680172062,4.22399614135795,42.3041458118211));
#7751=CARTESIAN_POINT('',(-12.0674680172062,4.22399614135795,42.3041458118211));
#7752=CARTESIAN_POINT('',(-12.0674680172062,4.22399614135795,42.3041458118211));
#7753=CARTESIAN_POINT('',(-12.0680702520582,4.21470701191628,42.3018983000856));
#7754=CARTESIAN_POINT('Origin',(-12.155268629278,3.27591828135796,41.9764781164246));
#7755=CARTESIAN_POINT('',(-12.0552047919954,4.35641540405124,42.3499115832451));
#7756=CARTESIAN_POINT('Origin',(-12.4006848630774,1.50197720135795,41.060596440381));
#7757=CARTESIAN_POINT('',(-11.9430233397009,4.45208692129738,42.7685674111742));
#7758=CARTESIAN_POINT('Origin',(-12.7309591123986,-0.0528939586420474,39.8280286988778));
#7759=CARTESIAN_POINT('',(-12.7309591123986,-0.0528939586420503,39.8280286988778));
#7760=CARTESIAN_POINT('',(-12.7309591123986,-0.0528939586420503,39.8280286988778));
#7761=CARTESIAN_POINT('',(-11.752691351844,4.11729505452696,43.4788773093594));
#7762=CARTESIAN_POINT('Origin',(-12.9240666822814,-0.729113078642046,39.1073604609913));
#7763=CARTESIAN_POINT('',(-12.9240666822814,-0.729113078642049,39.1073604609913));
#7764=CARTESIAN_POINT('',(-12.9240666822814,-0.729113078642049,39.1073604609913));
#7765=CARTESIAN_POINT('',(-11.6473510610236,3.74165683690913,43.8720022490501));
#7766=CARTESIAN_POINT('Origin',(-13.1333992930161,-1.32894423864205,38.3261411447215));
#7767=CARTESIAN_POINT('',(-13.1333992930161,-1.32894423864205,38.3261411447215));
#7768=CARTESIAN_POINT('',(-13.1333992930161,-1.32894423864205,38.3261411447215));
#7769=CARTESIAN_POINT('',(-11.5472771423676,3.21600213252466,44.2454733390754));
#7770=CARTESIAN_POINT('Origin',(-13.3569419628275,-1.84661401864205,37.4918905659213));
#7771=CARTESIAN_POINT('',(-11.4619982534529,2.54160901713092,44.5637300839577));
#7772=CARTESIAN_POINT('Origin',(-14.6085743534863,-3.05813559864206,32.8208581977692));
#7773=CARTESIAN_POINT('',(-11.5597978871208,-2.47945029229729,44.198746517005));
#7774=CARTESIAN_POINT('Origin',(-15.3907067867003,-2.60863179864206,29.901977271556));
#7775=CARTESIAN_POINT('',(-15.3907067867003,-2.60863179864206,29.901977271556));
#7776=CARTESIAN_POINT('Origin',(-15.6403837372647,-2.26347373864207,28.9701948038187));
#7777=CARTESIAN_POINT('',(-15.6403837372647,-2.26347373864206,28.9701948038187));
#7778=CARTESIAN_POINT('Origin',(-15.880101484269,-1.82542533864207,28.0755796086271));
#7779=CARTESIAN_POINT('',(-15.880101484269,-1.82542533864206,28.0755796086271));
#7780=CARTESIAN_POINT('Origin',(-16.1075518381494,-1.29870553864207,27.2267457393119));
#7781=CARTESIAN_POINT('Origin',(-14.6721488799791,27.5879727160692,32.5836010979577));
#7782=CARTESIAN_POINT('',(-13.4578719909626,23.0563492978628,37.1152245161642));
#7783=CARTESIAN_POINT('',(-14.6721488799791,27.5879727160692,32.5836010979577));
#7784=CARTESIAN_POINT('',(-8.33289056122059,3.93016310839875,56.2414107056282));
#7785=CARTESIAN_POINT('',(-13.4578719909626,23.0563492978628,37.1152245161642));
#7786=CARTESIAN_POINT('',(-14.6721488799791,27.5879727160692,32.5836010979577));
#7787=CARTESIAN_POINT('Origin',(-14.6721488799791,20.5,32.5836010979578));
#7788=CARTESIAN_POINT('',(-14.6721488799791,20.5,32.5836010979577));
#7789=CARTESIAN_POINT('',(-14.6721488799791,0.,32.5836010979578));
#7790=CARTESIAN_POINT('',(-14.6721488799791,20.5,32.5836010979577));
#7791=CARTESIAN_POINT('Origin',(-14.672148879979,-12.5879724925518,32.5836010979578));
#7792=CARTESIAN_POINT('',(-14.6721488799791,-12.5879724925518,32.5836010979577));
#7793=CARTESIAN_POINT('',(-14.6721488799791,-6.,32.5836010979577));
#7794=CARTESIAN_POINT('',(-14.672148879979,0.,32.5836010979578));
#7795=CARTESIAN_POINT('',(-14.6721488799791,-6.,32.5836010979577));
#7796=CARTESIAN_POINT('',(-14.6721488799791,-12.5879724925518,32.5836010979577));
#7797=CARTESIAN_POINT('Origin',(-13.4578719909626,-8.05634907434534,37.1152245161642));
#7798=CARTESIAN_POINT('',(-13.4578719909626,-8.05634907434534,37.1152245161642));
#7799=CARTESIAN_POINT('',(-13.5062894855878,-8.23704085434973,36.9345327361598));
#7800=CARTESIAN_POINT('',(-13.4578719909626,-8.05634907434534,37.1152245161642));
#7801=CARTESIAN_POINT('Ctrl Pts',(-13.4578719909626,23.0563492978628,37.1152245161642));
#7802=CARTESIAN_POINT('Ctrl Pts',(-9.28945075404689,7.50000011175871,52.6715737022683));
#7803=CARTESIAN_POINT('Ctrl Pts',(-13.4578719909626,-8.05634907434535,37.1152245161642));
#7804=CARTESIAN_POINT('Ctrl Pts',(-8.14528934091216,23.0563492978628,35.6916847076646));
#7805=CARTESIAN_POINT('Ctrl Pts',(-3.97686810399646,7.50000011175871,51.2480338937686));
#7806=CARTESIAN_POINT('Ctrl Pts',(-8.14528934091216,-8.05634907434535,35.6916847076646));
#7807=CARTESIAN_POINT('Origin',(-17.6262932278783,7.50000011175871,21.5588753300602));
#7808=CARTESIAN_POINT('Origin',(-18.6800547554213,5.20075822135787,44.329279452525));
#7809=CARTESIAN_POINT('',(-13.9359940190948,5.20075822135795,43.0581122093818));
#7810=CARTESIAN_POINT('',(-13.9993196698264,4.22399614135795,42.8217839020374));
#7811=CARTESIAN_POINT('',(-13.9999217029869,4.21471012289298,42.819537143005));
#7812=CARTESIAN_POINT('',(-18.6800547554214,5.20075822135794,44.3292794525247));
#7813=CARTESIAN_POINT('',(-18.7433788465009,4.22399614135794,44.0929507272728));
#7814=CARTESIAN_POINT('Origin',(-18.7433788465009,4.22399614135791,44.0929507272729));
#7815=CARTESIAN_POINT('',(-14.0871202818982,3.27591828135795,42.4941162066409));
#7816=CARTESIAN_POINT('',(-13.9870560568915,4.35641959072659,42.8675511204294));
#7817=CARTESIAN_POINT('',(-18.8311772961249,3.27591828135794,43.7652824524501));
#7818=CARTESIAN_POINT('Origin',(-18.831177296125,3.27591828135805,43.7652824524499));
#7819=CARTESIAN_POINT('',(-14.1985504176061,2.36565848135795,42.0782642563688));
#7820=CARTESIAN_POINT('',(-13.9439192689609,4.44571067699886,43.0285355549853));
#7821=CARTESIAN_POINT('',(-18.9426046874118,2.36565848135794,43.3494297668127));
#7822=CARTESIAN_POINT('Origin',(-18.9426046874118,2.36565848135789,43.3494297668128));
#7823=CARTESIAN_POINT('',(-14.3325365156976,1.50197720135794,41.5782345305973));
#7824=CARTESIAN_POINT('',(-13.8748740894059,4.45209274153481,43.2862088710268));
#7825=CARTESIAN_POINT('',(-19.0765874855498,1.50197720135794,42.8493991568213));
#7826=CARTESIAN_POINT('Origin',(-19.0765874855498,1.50197720135787,42.8493991568214));
#7827=CARTESIAN_POINT('',(-14.4877880674535,0.693198021357945,40.9988431462982));
#7828=CARTESIAN_POINT('',(-13.7859375690496,4.34947110952805,43.6181157219485));
#7829=CARTESIAN_POINT('',(-19.2318352136037,0.693198021357937,42.2700067479644));
#7830=CARTESIAN_POINT('Origin',(-19.2318352136037,0.693198021357922,42.2700067479644));
#7831=CARTESIAN_POINT('',(-14.6628107650188,-0.0528939586420536,40.3456667890941));
#7832=CARTESIAN_POINT('',(-13.6845414637681,4.11730162225222,43.99652114938));
#7833=CARTESIAN_POINT('',(-19.4068536005222,-0.0528939586420618,41.6168292357259));
#7834=CARTESIAN_POINT('Origin',(-19.4068536005222,-0.0528939586420446,41.6168292357259));
#7835=CARTESIAN_POINT('',(-14.8559183349016,-0.729113078642053,39.6249985512076));
#7836=CARTESIAN_POINT('',(-13.5792008381017,3.74166340463438,44.3896473387002));
#7837=CARTESIAN_POINT('',(-19.5999564143445,-0.729113078642061,40.8961597234568));
#7838=CARTESIAN_POINT('Origin',(-19.5999564143445,-0.729113078641966,40.8961597234567));
#7839=CARTESIAN_POINT('',(-15.0652509456363,-1.32894423864205,38.8437792349378));
#7840=CARTESIAN_POINT('',(-13.4791265910269,3.21600844785411,44.7631196543685));
#7841=CARTESIAN_POINT('',(-19.8092838694109,-1.32894423864206,40.1149390257299));
#7842=CARTESIAN_POINT('Origin',(-19.8092838694109,-1.32894423864197,40.1149390257298));
#7843=CARTESIAN_POINT('',(-15.2887936154477,-1.84661401864206,38.0095286561376));
#7844=CARTESIAN_POINT('',(-13.39384739275,2.54161483736835,45.0813775537759));
#7845=CARTESIAN_POINT('',(-20.0328210335734,-1.84661401864206,39.2806869716955));
#7846=CARTESIAN_POINT('Origin',(-20.0328210335733,-1.8466140186423,39.2806869716956));
#7847=CARTESIAN_POINT('',(-15.5243919902487,-2.27713639864206,37.1302867614787));
#7848=CARTESIAN_POINT('',(-13.3327752127177,1.72773023894471,45.3092960159806));
#7849=CARTESIAN_POINT('',(-20.2684136058046,-2.27713639864207,38.4014435222427));
#7850=CARTESIAN_POINT('Origin',(-20.2684136058046,-2.27713639864197,38.4014435222427));
#7851=CARTESIAN_POINT('',(-15.7697786403026,-2.61636355864206,36.2145154905619));
#7852=CARTESIAN_POINT('',(-13.3047700232034,0.791311114656654,45.413810047156));
#7853=CARTESIAN_POINT('',(-20.5137942122126,-2.61636355864207,37.4856706319359));
#7854=CARTESIAN_POINT('Origin',(-20.5137942122126,-2.6163635586418,37.4856706319358));
#7855=CARTESIAN_POINT('',(-16.0225894956377,-2.86102905864206,35.271037439735));
#7856=CARTESIAN_POINT('',(-13.3177737546499,-0.243360229508216,45.3652807417891));
#7857=CARTESIAN_POINT('',(-20.7665988410506,-2.86102905864207,36.542190912724));
#7858=CARTESIAN_POINT('Origin',(-20.7665988410506,-2.86102905864154,36.5421909127239));
#7859=CARTESIAN_POINT('',(-16.2803894852931,-3.00877831864206,34.3089401776499));
#7860=CARTESIAN_POINT('',(-13.3784044164566,-1.34560468148908,45.1390100045381));
#7861=CARTESIAN_POINT('',(-21.0243924813311,-3.00877831864207,35.5800919493291));
#7862=CARTESIAN_POINT('Origin',(-21.0243924813311,-3.0087783186421,35.5800919493291));
#7863=CARTESIAN_POINT('',(-16.5404260061065,-3.05813559864206,33.3384962879855));
#7864=CARTESIAN_POINT('',(-13.491646131728,-2.47944964542565,44.7163973257632));
#7865=CARTESIAN_POINT('',(-21.2844225976858,-3.05813559864207,34.6096463435951));
#7866=CARTESIAN_POINT('Origin',(-21.2844225976858,-3.05813559864207,34.6096463435951));
#7867=CARTESIAN_POINT('',(-13.6607141373012,-3.60896188758274,44.0854435949833));
#7868=CARTESIAN_POINT('Origin',(-18.6418144330334,6.19679636135786,44.4719942785743));
#7869=CARTESIAN_POINT('',(-13.8977527548601,6.19679636135795,43.2008267830638));
#7870=CARTESIAN_POINT('',(-13.9800237439188,4.05395290265708,42.8937953769409));
#7871=CARTESIAN_POINT('',(-18.6418144330336,6.19679636135794,44.4719942785738));
#7872=CARTESIAN_POINT('Origin',(-18.6290266809476,7.20252206135794,44.5197188190732));
#7873=CARTESIAN_POINT('',(-13.8849646878159,7.20252206135795,43.2485512391704));
#7874=CARTESIAN_POINT('',(-13.9268446567429,3.90884515776492,43.0922571931748));
#7875=CARTESIAN_POINT('',(-18.6290266809476,7.20252206135794,44.5197188190732));
#7876=CARTESIAN_POINT('Origin',(-18.6418144330336,8.20824776135794,44.4719942785738));
#7877=CARTESIAN_POINT('',(-13.8977527548601,8.20824776135795,43.2008267830638));
#7878=CARTESIAN_POINT('',(-13.8418772217108,3.81388077100552,43.4093516070265));
#7879=CARTESIAN_POINT('',(-18.6418144330336,8.20824776135794,44.4719942785738));
#7880=CARTESIAN_POINT('Origin',(-18.6800547554215,9.20428590135786,44.3292794525242));
#7881=CARTESIAN_POINT('',(-13.9359940190948,9.20428590135795,43.0581122093818));
#7882=CARTESIAN_POINT('',(-13.7285689582007,3.8016592890782,43.8322126406532));
#7883=CARTESIAN_POINT('',(-18.6800547554214,9.20428590135794,44.3292794525247));
#7884=CARTESIAN_POINT('Origin',(-18.743378846501,10.1810479813579,44.0929507272725));
#7885=CARTESIAN_POINT('',(-13.9993196698265,10.181047981358,42.8217839020374));
#7886=CARTESIAN_POINT('',(-13.59219767296,3.90142315511238,44.3411437710712));
#7887=CARTESIAN_POINT('',(-18.7433788465009,10.1810479813579,44.0929507272728));
#7888=CARTESIAN_POINT('Origin',(-18.831177296125,11.1291258413579,43.76528245245));
#7889=CARTESIAN_POINT('',(-14.0871202818982,11.129125841358,42.4941162066409));
#7890=CARTESIAN_POINT('',(-13.4396404204875,4.13758777671039,44.9104801589866));
#7891=CARTESIAN_POINT('',(-18.8311772961249,11.1291258413579,43.7652824524501));
#7892=CARTESIAN_POINT('Origin',(-18.9426046874117,12.0393856413581,43.3494297668129));
#7893=CARTESIAN_POINT('',(-14.1985504176061,12.0393856413579,42.0782642563688));
#7894=CARTESIAN_POINT('',(-13.2791112644061,4.5285942886621,45.5095673108409));
#7895=CARTESIAN_POINT('',(-18.9426046874118,12.0393856413579,43.3494297668127));
#7896=CARTESIAN_POINT('Origin',(-19.0765874855499,12.9030669213579,42.8493991568212));
#7897=CARTESIAN_POINT('',(-14.3325365156976,12.9030669213579,41.5782345305973));
#7898=CARTESIAN_POINT('',(-13.119830823634,5.08590365364915,46.1039943167356));
#7899=CARTESIAN_POINT('',(-19.0765874855498,12.9030669213579,42.8493991568213));
#7900=CARTESIAN_POINT('Origin',(-19.2318352136038,13.7118461013579,42.2700067479643));
#7901=CARTESIAN_POINT('',(-14.4877880674535,13.7118461013579,40.9988431462982));
#7902=CARTESIAN_POINT('',(-12.9716014253351,5.8133086937083,46.6571793593513));
#7903=CARTESIAN_POINT('',(-19.2318352136038,13.7118461013579,42.2700067479644));
#7904=CARTESIAN_POINT('Origin',(-19.4068536005222,14.4579380813579,41.6168292357259));
#7905=CARTESIAN_POINT('',(-14.6628107650188,14.4579380813579,40.3456667890941));
#7906=CARTESIAN_POINT('',(-12.8444431178746,6.70654619277757,47.131728096233));
#7907=CARTESIAN_POINT('',(-19.4068536005222,14.4579380813579,41.6168292357259));
#7908=CARTESIAN_POINT('Origin',(-19.5999564143445,15.134157201358,40.8961597234568));
#7909=CARTESIAN_POINT('',(-14.8559183349016,15.1341572013579,39.6249985512076));
#7910=CARTESIAN_POINT('',(-12.7481449283703,7.75321051454961,47.4911083451995));
#7911=CARTESIAN_POINT('',(-19.5999564143445,15.1341572013579,40.8961597234567));
#7912=CARTESIAN_POINT('Origin',(-19.8092838694109,15.733988361358,40.1149390257299));
#7913=CARTESIAN_POINT('',(-15.0652509456363,15.7339883613579,38.8437792349378));
#7914=CARTESIAN_POINT('',(-12.6918309768113,8.93308310311237,47.7012693257505));
#7915=CARTESIAN_POINT('',(-19.8092838694109,15.7339883613579,40.1149390257299));
#7916=CARTESIAN_POINT('Origin',(-20.0328210335734,16.251658141358,39.2806869716955));
#7917=CARTESIAN_POINT('',(-15.2887936154477,16.2516581413579,38.0095286561376));
#7918=CARTESIAN_POINT('',(-12.6835824128521,10.2186304816303,47.732052572918));
#7919=CARTESIAN_POINT('',(-20.0328210335734,16.2516581413579,39.2806869716954));
#7920=CARTESIAN_POINT('Origin',(-20.2684136058046,16.6821805213577,38.4014435222426));
#7921=CARTESIAN_POINT('',(-15.5243919902487,16.6821805213579,37.1302867614787));
#7922=CARTESIAN_POINT('',(-12.7300513277258,11.5759220695504,47.558632799582));
#7923=CARTESIAN_POINT('',(-20.2684136058046,16.6821805213579,38.4014435222427));
#7924=CARTESIAN_POINT('Origin',(-20.5137942122126,17.021407681358,37.4856706319359));
#7925=CARTESIAN_POINT('',(-15.7697786403026,17.0214076813579,36.2145154905619));
#7926=CARTESIAN_POINT('',(-12.8361474058059,12.9659002120345,47.1626872978958));
#7927=CARTESIAN_POINT('',(-20.5137942122127,17.0214076813579,37.4856706319358));
#7928=CARTESIAN_POINT('Origin',(-20.7665988410506,17.2660731813582,36.5421909127241));
#7929=CARTESIAN_POINT('',(-16.0225894956377,17.2660731813579,35.2710374397349));
#7930=CARTESIAN_POINT('',(-13.0047923269365,14.3455069256056,46.5333124980706));
#7931=CARTESIAN_POINT('',(-20.7665988410506,17.2660731813579,36.542190912724));
#7932=CARTESIAN_POINT('Origin',(-21.0243924813311,17.4138224413585,35.5800919493292));
#7933=CARTESIAN_POINT('',(-16.2803894852931,17.4138224413579,34.3089401776499));
#7934=CARTESIAN_POINT('',(-13.2367289934545,15.6694523738379,45.6677359240281));
#7935=CARTESIAN_POINT('',(-21.0243924813311,17.4138224413579,35.5800919493291));
#7936=CARTESIAN_POINT('Origin',(-21.2846579470199,17.4627479213579,34.6087680079228));
#7937=CARTESIAN_POINT('',(-16.5406613612372,17.4627479213579,33.3376179538663));
#7938=CARTESIAN_POINT('',(-13.5313516289781,16.8970628177122,44.5682183043247));
#7939=CARTESIAN_POINT('',(-21.2846579470199,17.4627479213579,34.6087680079228));
#7940=CARTESIAN_POINT('Origin',(-21.5470100014976,17.4129512213579,33.6296568111419));
#7941=CARTESIAN_POINT('',(-13.8831100398361,17.967161834964,43.2554726969482));
#7942=CARTESIAN_POINT('Origin',(-10.727690997101,0.,55.031346023414));
#7943=CARTESIAN_POINT('',(-20.3892168856095,-4.,18.9749923465883));
#7944=CARTESIAN_POINT('',(-20.3892168856095,18.5,18.9749923465883));
#7945=CARTESIAN_POINT('',(-20.3892168856095,0.,18.9749923465883));
#7946=CARTESIAN_POINT('',(-17.0758109249746,-4.,31.3404653133019));
#7947=CARTESIAN_POINT('',(-10.3184454628641,-4.,56.5586308326031));
#7948=CARTESIAN_POINT('',(-16.5404852742453,-4.5,33.3382751021189));
#7949=CARTESIAN_POINT('Origin',(-17.0758109249746,-4.5,31.340465313302));
#7950=CARTESIAN_POINT('',(-16.5404852742453,-13.506337470491,33.3382751021189));
#7951=CARTESIAN_POINT('',(-16.5404852742453,0.,33.3382751021189));
#7952=CARTESIAN_POINT('',(-14.994433162053,-7.73654474796515,39.1080678246447));
#7953=CARTESIAN_POINT('',(-15.2887056298367,-8.83475555836973,38.0098570142401));
#7954=CARTESIAN_POINT('',(-13.3462991252209,7.11269765695236,45.2588254197272));
#7955=CARTESIAN_POINT('Origin',(-18.9733807063816,7.11269765695236,24.2588254197272));
#7956=CARTESIAN_POINT('',(-13.3462991252209,7.88730256656505,45.2588254197272));
#7957=CARTESIAN_POINT('',(-13.3462991252209,3.75000005587935,45.2588254197272));
#7958=CARTESIAN_POINT('',(-14.994433162053,22.7365449714826,39.1080678246447));
#7959=CARTESIAN_POINT('Origin',(-18.9733807063816,7.88730256656505,24.2588254197272));
#7960=CARTESIAN_POINT('',(-16.5404852742453,28.5063376940084,33.3382751021189));
#7961=CARTESIAN_POINT('',(-10.1153067054695,4.52787781241874,57.3167349837085));
#7962=CARTESIAN_POINT('',(-16.5404852742453,19.,33.3382751021189));
#7963=CARTESIAN_POINT('',(-16.5404852742453,0.,33.3382751021189));
#7964=CARTESIAN_POINT('',(-17.0758109249746,18.5,31.3404653133019));
#7965=CARTESIAN_POINT('Origin',(-17.0758109249746,19.,31.340465313302));
#7966=CARTESIAN_POINT('',(-10.3184454628641,18.5,56.5586308326031));
#7967=CARTESIAN_POINT('Origin',(-28.1575286754892,31.6185163257762,20.2881255636107));
#7968=CARTESIAN_POINT('',(-28.1566782183628,31.759482046306,20.2863017524174));
#7969=CARTESIAN_POINT('',(-28.1566782183628,25.9958356925822,20.2863017524174));
#7970=CARTESIAN_POINT('',(-28.1566782183627,15.8092581628881,20.2863017524174));
#7971=CARTESIAN_POINT('',(-27.3114416581412,31.759482046306,18.4736860995545));
#7972=CARTESIAN_POINT('',(-28.1575286754892,31.759482046306,20.2881255636107));
#7973=CARTESIAN_POINT('',(-27.3114416581412,25.9958356925822,18.4736860995545));
#7974=CARTESIAN_POINT('',(-27.3114416581412,15.8092581628881,18.4736860995545));
#7975=CARTESIAN_POINT('',(-24.987891712434,25.9958356925822,13.4908171608358));
#7976=CARTESIAN_POINT('Origin',(-31.3422573006773,28.8776588694441,14.6653950204307));
#7977=CARTESIAN_POINT('',(-37.7622199198395,26.136801413112,15.8037156250609));
#7978=CARTESIAN_POINT('Origin',(-32.9255695632337,28.8776588694441,18.0608191248106));
#7979=CARTESIAN_POINT('',(-36.9169833596179,26.136801413112,13.991099972198));
#7980=CARTESIAN_POINT('Origin',(-32.0803330030122,28.8776588694441,16.2482034719477));
#7981=CARTESIAN_POINT('',(-37.7643912180777,26.136801413112,15.8083719891593));
#7982=CARTESIAN_POINT('Origin',(-37.7643912180777,31.6185163257762,15.8083719891593));
#7983=CARTESIAN_POINT('',(-37.7622199198395,31.6185163257762,15.8037156250609));
#7984=CARTESIAN_POINT('',(-37.7622199198395,15.8092581628881,15.8037156250609));
#7985=CARTESIAN_POINT('',(-36.9169833596179,31.6185163257762,13.991099972198));
#7986=CARTESIAN_POINT('',(-36.9169833596179,15.8092581628881,13.991099972198));
#7987=CARTESIAN_POINT('',(-34.5947542550225,31.6185163257762,9.01106358638442));
#7988=CARTESIAN_POINT('Origin',(-31.3422573006773,28.8776588694441,14.6653950204307));
#7989=CARTESIAN_POINT('Origin',(-32.9255695632337,28.8776588694441,18.0608191248106));
#7990=CARTESIAN_POINT('Origin',(-32.0803330030122,28.8776588694441,16.2482034719477));
#7991=CARTESIAN_POINT('Origin',(-28.1575286754892,-11.3814836742236,20.2881255636107));
#7992=CARTESIAN_POINT('',(-27.3114416581412,-17.0041643074176,18.4736860995545));
#7993=CARTESIAN_POINT('',(-27.3114416581412,-11.2405179536938,18.4736860995545));
#7994=CARTESIAN_POINT('',(-27.3114416581412,-5.69074183711179,18.4736860995545));
#7995=CARTESIAN_POINT('',(-28.1566782183628,-17.0041643074176,20.2863017524174));
#7996=CARTESIAN_POINT('',(-24.987891712434,-17.0041643074176,13.4908171608358));
#7997=CARTESIAN_POINT('',(-28.1566782183628,-11.2405179536938,20.2863017524174));
#7998=CARTESIAN_POINT('',(-28.1566782183628,-5.69074183711179,20.2863017524174));
#7999=CARTESIAN_POINT('',(-28.1575286754892,-11.2405179536938,20.2881255636107));
#8000=CARTESIAN_POINT('Origin',(-31.3422573006773,-14.1223411305557,14.6653950204307));
#8001=CARTESIAN_POINT('',(-36.916983359618,-11.3814836742236,13.991099972198));
#8002=CARTESIAN_POINT('Origin',(-32.0803330030122,-14.1223411305557,16.2482034719477));
#8003=CARTESIAN_POINT('',(-37.7622199198395,-11.3814836742236,15.8037156250609));
#8004=CARTESIAN_POINT('Origin',(-32.9255695632338,-14.1223411305557,18.0608191248106));
#8005=CARTESIAN_POINT('',(-34.5947542550225,-11.3814836742236,9.0110635863844));
#8006=CARTESIAN_POINT('Origin',(-37.7643912180778,-11.3814836742236,15.8083719891593));
#8007=CARTESIAN_POINT('',(-36.9169833596179,-16.8631985868879,13.991099972198));
#8008=CARTESIAN_POINT('',(-36.916983359618,-5.69074183711179,13.991099972198));
#8009=CARTESIAN_POINT('',(-37.7622199198395,-16.8631985868879,15.8037156250609));
#8010=CARTESIAN_POINT('',(-37.7622199198395,-5.69074183711179,15.8037156250609));
#8011=CARTESIAN_POINT('',(-37.7643912180778,-16.8631985868879,15.8083719891593));
#8012=CARTESIAN_POINT('Origin',(-31.3422573006773,-14.1223411305557,14.6653950204307));
#8013=CARTESIAN_POINT('Origin',(-32.0803330030122,-14.1223411305557,16.2482034719477));
#8014=CARTESIAN_POINT('Origin',(-32.9255695632338,-14.1223411305557,18.0608191248106));
#8015=CARTESIAN_POINT('Origin',(-38.17,7.50000011175871,0.));
#8016=CARTESIAN_POINT('',(-39.17,7.50000011175871,1.));
#8017=CARTESIAN_POINT('Origin',(-38.17,7.50000011175871,1.));
#8018=CARTESIAN_POINT('',(-39.17,7.50000011175871,9.));
#8019=CARTESIAN_POINT('',(-39.17,7.50000011175871,0.));
#8020=CARTESIAN_POINT('Origin',(-38.17,7.50000011175871,9.));
#8021=CARTESIAN_POINT('Origin',(-38.17,7.50000011175871,9.));
#8022=CARTESIAN_POINT('Origin',(-43.17,40.0000005960464,0.));
#8023=CARTESIAN_POINT('',(-43.17,-25.000000372529,1.00000013411045));
#8024=CARTESIAN_POINT('',(-43.17,40.0000005960464,1.00000013411045));
#8025=CARTESIAN_POINT('',(-43.17,23.7500003539026,1.00000013411045));
#8026=CARTESIAN_POINT('',(-43.17,-25.000000372529,12.1765552305024));
#8027=CARTESIAN_POINT('',(-43.17,-25.000000372529,0.));
#8028=CARTESIAN_POINT('',(-43.17,-24.000000372529,13.2800849209856));
#8029=CARTESIAN_POINT('Origin',(-43.17,-24.000000372529,12.1765552305024));
#8030=CARTESIAN_POINT('',(-43.17,-4.5,13.2800849209856));
#8031=CARTESIAN_POINT('',(-43.17,20.0000002980232,13.2800849209856));
#8032=CARTESIAN_POINT('',(-43.17,-4.494885677638,13.2800560559844));
#8033=CARTESIAN_POINT('Origin',(-43.17,-4.5,12.728320075744));
#8034=CARTESIAN_POINT('',(-43.17,18.994885677638,13.2800560559844));
#8035=CARTESIAN_POINT('',(-43.17,20.0000002980232,13.2800560559844));
#8036=CARTESIAN_POINT('',(-43.17,19.,13.2800849209856));
#8037=CARTESIAN_POINT('Origin',(-43.17,19.,12.728320075744));
#8038=CARTESIAN_POINT('',(-43.17,39.0000005960464,13.2800849209856));
#8039=CARTESIAN_POINT('',(-43.17,20.0000002980232,13.2800849209856));
#8040=CARTESIAN_POINT('',(-43.17,40.0000005960464,12.1765552305024));
#8041=CARTESIAN_POINT('Origin',(-43.17,39.0000005960464,12.1765552305024));
#8042=CARTESIAN_POINT('',(-43.17,40.0000005960464,9.00000013411045));
#8043=CARTESIAN_POINT('Origin',(-11.8299998509884,-20.0000002980232,1.));
#8044=CARTESIAN_POINT('',(26.33,40.0000005960464,1.00000013411045));
#8045=CARTESIAN_POINT('',(9.33000000000001,40.0000005960464,1.00000013411045));
#8046=CARTESIAN_POINT('',(26.83,39.5000005960464,1.00000013411045));
#8047=CARTESIAN_POINT('Origin',(26.33,39.5000005960464,1.00000013411045));
#8048=CARTESIAN_POINT('',(26.83,17.3366853235371,1.00000013411045));
#8049=CARTESIAN_POINT('',(26.83,-8.75000013038516,1.00000013411045));
#8050=CARTESIAN_POINT('',(0.,17.3366853235371,1.00000013411045));
#8051=CARTESIAN_POINT('',(-17.0000002533197,38.0000005960464,1.00000013411045));
#8052=CARTESIAN_POINT('',(-17.0000002533197,30.0000004470348,1.));
#8053=CARTESIAN_POINT('',(9.33000000000001,38.0000005960464,1.00000013411045));
#8054=CARTESIAN_POINT('',(-17.0000002533197,-23.000000372529,1.00000013411045));
#8055=CARTESIAN_POINT('',(-25.67,-23.000000372529,1.00000013411045));
#8056=CARTESIAN_POINT('',(-17.0000002533197,-15.0000002235174,1.));
#8057=CARTESIAN_POINT('',(-17.0000002533197,-17.5000002607703,1.));
#8058=CARTESIAN_POINT('',(15.8724999366701,-15.0000002235174,1.));
#8059=CARTESIAN_POINT('',(26.83,8.50180465613593,1.00000013411045));
#8060=CARTESIAN_POINT('',(0.,8.50180465613593,1.00000013411045));
#8061=CARTESIAN_POINT('',(26.83,-24.500000372529,1.00000013411045));
#8062=CARTESIAN_POINT('',(26.83,-8.75000013038516,1.00000013411045));
#8063=CARTESIAN_POINT('',(26.33,-25.000000372529,1.00000013411045));
#8064=CARTESIAN_POINT('Origin',(26.33,-24.500000372529,1.00000013411045));
#8065=CARTESIAN_POINT('',(-25.67,-25.000000372529,1.00000013411045));
#8066=CARTESIAN_POINT('',(-12.8299998509884,-20.0000002980232,1.));
#8067=CARTESIAN_POINT('Origin',(-11.8299998509884,-20.0000002980232,1.));
#8068=CARTESIAN_POINT('',(20.83,-20.0000002980232,1.));
#8069=CARTESIAN_POINT('Origin',(21.83,-20.0000002980232,1.));
#8070=CARTESIAN_POINT('',(-12.8299998509884,35.0000005215406,1.));
#8071=CARTESIAN_POINT('Origin',(-11.8299998509884,35.0000005215406,1.));
#8072=CARTESIAN_POINT('',(20.83,35.0000005215406,1.));
#8073=CARTESIAN_POINT('Origin',(21.83,35.0000005215406,1.));
#8074=CARTESIAN_POINT('Origin',(21.83,35.0000005215406,0.));
#8075=CARTESIAN_POINT('',(20.83,35.0000005215406,9.));
#8076=CARTESIAN_POINT('',(20.83,35.0000005215406,0.));
#8077=CARTESIAN_POINT('Origin',(21.83,35.0000005215406,9.));
#8078=CARTESIAN_POINT('Origin',(21.83,35.0000005215406,9.));
#8079=CARTESIAN_POINT('Origin',(-11.8299998509884,-20.0000002980232,0.));
#8080=CARTESIAN_POINT('',(-12.8299998509884,-20.0000002980232,9.));
#8081=CARTESIAN_POINT('',(-12.8299998509884,-20.0000002980232,0.));
#8082=CARTESIAN_POINT('Origin',(-11.8299998509884,-20.0000002980232,9.));
#8083=CARTESIAN_POINT('Origin',(-11.8299998509884,-20.0000002980232,9.));
#8084=CARTESIAN_POINT('Origin',(-11.8299998509884,35.0000005215406,0.));
#8085=CARTESIAN_POINT('',(-12.8299998509884,35.0000005215406,9.));
#8086=CARTESIAN_POINT('',(-12.8299998509884,35.0000005215406,0.));
#8087=CARTESIAN_POINT('Origin',(-11.8299998509884,35.0000005215406,9.));
#8088=CARTESIAN_POINT('Origin',(-11.8299998509884,35.0000005215406,9.));
#8089=CARTESIAN_POINT('Origin',(21.83,-20.0000002980232,0.));
#8090=CARTESIAN_POINT('',(20.83,-20.0000002980232,9.));
#8091=CARTESIAN_POINT('',(20.83,-20.0000002980232,0.));
#8092=CARTESIAN_POINT('Origin',(21.83,-20.0000002980232,9.));
#8093=CARTESIAN_POINT('Origin',(21.83,-20.0000002980232,9.));
#8094=CARTESIAN_POINT('Origin',(26.83,40.0000005960464,0.));
#8095=CARTESIAN_POINT('',(26.33,40.0000005960464,22.3786799991671));
#8096=CARTESIAN_POINT('',(26.33,40.0000005960464,0.));
#8097=CARTESIAN_POINT('',(-21.9676038917269,40.0000005960464,22.0710067476981));
#8098=CARTESIAN_POINT('',(-6.08743095060699,40.0000005960464,29.4817541202219));
#8099=CARTESIAN_POINT('',(-21.5322899061874,40.0000005960464,22.3786800194004));
#8100=CARTESIAN_POINT('Origin',(-22.6019320897237,40.0000005960464,23.4302814576909));
#8101=CARTESIAN_POINT('',(13.415,40.0000005960464,22.3786799991671));
#8102=CARTESIAN_POINT('Origin',(26.83,-25.000000372529,0.));
#8103=CARTESIAN_POINT('',(26.83,39.5000005960464,22.3786799991671));
#8104=CARTESIAN_POINT('',(26.83,39.5000005960464,0.));
#8105=CARTESIAN_POINT('',(26.83,39.4926139106492,22.5000010924414));
#8106=CARTESIAN_POINT('Origin',(26.83,38.5000005960464,22.3786799991671));
#8107=CARTESIAN_POINT('',(26.83,-24.4926136871318,22.5000010924414));
#8108=CARTESIAN_POINT('',(26.83,-12.5000001862645,22.5000010924414));
#8109=CARTESIAN_POINT('',(26.83,-24.500000372529,22.3786799991671));
#8110=CARTESIAN_POINT('Origin',(26.83,-23.500000372529,22.3786799991671));
#8111=CARTESIAN_POINT('',(26.83,-24.500000372529,0.));
#8112=CARTESIAN_POINT('',(26.83,9.74464498983649,1.76097987519128));
#8113=CARTESIAN_POINT('Origin',(26.83,9.7446449898365,0.365579875191287));
#8114=CARTESIAN_POINT('',(26.83,16.0938449898365,1.76097987519129));
#8115=CARTESIAN_POINT('',(26.83,-4.45307769134628,1.76097987519129));
#8116=CARTESIAN_POINT('Origin',(26.83,16.0938449898365,0.365579875191297));
#8117=CARTESIAN_POINT('Origin',(-17.0000002533197,40.0000005960464,0.));
#8118=CARTESIAN_POINT('',(-17.0000002533197,38.0000005960464,0.));
#8119=CARTESIAN_POINT('Origin',(26.83,-15.0000002235174,0.));
#8120=CARTESIAN_POINT('',(-17.0000002533197,-15.0000002235174,0.));
#8121=CARTESIAN_POINT('Origin',(26.33,39.5000005960464,0.));
#8122=CARTESIAN_POINT('Origin',(26.33,39.5000005960464,22.3786799991671));
#8123=CARTESIAN_POINT('Origin',(-17.0000002533197,-15.0000002235174,0.));
#8124=CARTESIAN_POINT('',(-17.0000002533197,-23.000000372529,0.));
#8125=CARTESIAN_POINT('Origin',(-43.17,-25.000000372529,0.));
#8126=CARTESIAN_POINT('',(26.33,-25.000000372529,22.3786799991671));
#8127=CARTESIAN_POINT('',(26.33,-25.000000372529,0.));
#8128=CARTESIAN_POINT('',(-21.5322899194484,-25.000000372529,22.3786799991677));
#8129=CARTESIAN_POINT('',(-21.585,-25.000000372529,22.3786799991671));
#8130=CARTESIAN_POINT('',(-21.9676038917269,-25.000000372529,22.0710067476981));
#8131=CARTESIAN_POINT('Origin',(-22.6019320897237,-25.000000372529,23.4302814576909));
#8132=CARTESIAN_POINT('',(-34.8283068630141,-25.000000372529,16.0693453610964));
#8133=CARTESIAN_POINT('Origin',(26.33,-24.500000372529,0.));
#8134=CARTESIAN_POINT('Origin',(26.33,-24.500000372529,22.3786799991671));
#8135=CARTESIAN_POINT('Origin',(0.,16.0938449898365,0.365579875191297));
#8136=CARTESIAN_POINT('',(0.,16.0938449898365,1.76097987519129));
#8137=CARTESIAN_POINT('Origin',(0.,9.7446449898365,0.365579875191287));
#8138=CARTESIAN_POINT('',(0.,9.74464498983649,1.76097987519128));
#8139=CARTESIAN_POINT('Origin',(0.,16.0938449898365,1.76097987519129));
#8140=CARTESIAN_POINT('Origin',(-15.5107705685439,-13.4524074602967,33.1333796925859));
#8141=CARTESIAN_POINT('',(-16.513012621058,-13.6825862475827,33.3878575320592));
#8142=CARTESIAN_POINT('',(-22.1485464879998,-23.8535537631223,23.2168900165196));
#8143=CARTESIAN_POINT('',(-16.3854750638669,-13.4524074602967,33.6180363193452));
#8144=CARTESIAN_POINT('',(-21.2738419926768,-24.5606605443089,23.4393401709469));
#8145=CARTESIAN_POINT('Origin',(-21.2738419926768,-23.8535537631223,22.7322333897603));
#8146=CARTESIAN_POINT('',(-15.6063170771122,-14.3319558340309,33.6680448812249));
#8147=CARTESIAN_POINT('',(-15.5107705685439,-14.1595142414833,33.8404864737725));
#8148=CARTESIAN_POINT('Origin',(-15.6063170771122,-13.6248490528443,32.9609381000383));
#8149=CARTESIAN_POINT('Origin',(-14.3227815116457,-8.83475555836973,37.7510315945129));
#8150=CARTESIAN_POINT('',(-14.028509043862,-8.44365152915169,39.5563491861041));
#8151=CARTESIAN_POINT('',(-14.3227815116457,-9.54186233955627,38.4581383756995));
#8152=CARTESIAN_POINT('Origin',(-14.028509043862,-7.73654474796515,38.8492424049175));
#8153=CARTESIAN_POINT('Origin',(-14.5356657756537,-9.62922947521049,36.9565576776722));
#8154=CARTESIAN_POINT('Ctrl Pts',(-13.3462991252209,7.11269765695236,45.2588254197272));
#8155=CARTESIAN_POINT('Ctrl Pts',(-13.3462991252209,4.75650316676001,45.2588254197272));
#8156=CARTESIAN_POINT('Ctrl Pts',(-13.5961186106317,-0.742225377150631,
44.3265110187434));
#8157=CARTESIAN_POINT('Ctrl Pts',(-14.3991840013729,-5.51510327888596,41.3295092937239));
#8158=CARTESIAN_POINT('Ctrl Pts',(-14.994433162053,-7.73654474796515,39.1080678246447));
#8159=CARTESIAN_POINT('Ctrl Pts',(-13.2898324628813,7.11269765695236,45.4695563096264));
#8160=CARTESIAN_POINT('Ctrl Pts',(-13.2898324628813,4.73114018531208,45.4695563096264));
#8161=CARTESIAN_POINT('Ctrl Pts',(-13.5417876643408,-0.82670393703446,44.5291787806591));
#8162=CARTESIAN_POINT('Ctrl Pts',(-14.3519236415601,-5.65394961941809,41.505483547479));
#8163=CARTESIAN_POINT('Ctrl Pts',(-14.9528729955491,-7.90278161359598,39.2631683832544));
#8164=CARTESIAN_POINT('Ctrl Pts',(-13.0339945982894,7.11269765695236,45.8518194553937));
#8165=CARTESIAN_POINT('Ctrl Pts',(-13.0339945982894,4.68062317001713,45.8518194553937));
#8166=CARTESIAN_POINT('Ctrl Pts',(-13.2876157044312,-0.995273296015917,
44.8946078056031));
#8167=CARTESIAN_POINT('Ctrl Pts',(-14.1033562139695,-5.93122158139619,41.8152129371094));
#8168=CARTESIAN_POINT('Ctrl Pts',(-14.708595771638,-8.23440366664087,39.5293348235675));
#8169=CARTESIAN_POINT('Ctrl Pts',(-12.5985400636121,7.11269765695236,46.));
#8170=CARTESIAN_POINT('Ctrl Pts',(-12.5985400636121,4.65075534875249,46.));
#8171=CARTESIAN_POINT('Ctrl Pts',(-12.8496305085689,-1.09443390482108,45.0285914668953));
#8172=CARTESIAN_POINT('Ctrl Pts',(-13.6569354268243,-6.08625223869496,41.9044896484857));
#8173=CARTESIAN_POINT('Ctrl Pts',(-14.2555924237949,-8.41322732189912,39.5867733933566));
#8174=CARTESIAN_POINT('Ctrl Pts',(-12.3803750070299,7.11269765695236,46.));
#8175=CARTESIAN_POINT('Ctrl Pts',(-12.3803750070299,4.64430342913181,46.));
#8176=CARTESIAN_POINT('Ctrl Pts',(-12.6301944924407,-1.11626933115554,45.0232896751598));
#8177=CARTESIAN_POINT('Ctrl Pts',(-13.4332598831819,-6.1164271329735,41.8835735822822));
#8178=CARTESIAN_POINT('Ctrl Pts',(-14.028509043862,-8.44365152915169,39.5563491861041));
#8179=CARTESIAN_POINT('',(-12.3803750070299,7.11269765695236,46.));
#8180=CARTESIAN_POINT('Origin',(-12.3803750070299,7.11269765695236,45.));
#8181=CARTESIAN_POINT('Origin',(-18.0074565881906,7.11269765695236,24.));
#8182=CARTESIAN_POINT('Origin',(-12.3803750070299,3.75000005587935,45.));
#8183=CARTESIAN_POINT('',(-12.3803750070299,7.88730256656505,46.));
#8184=CARTESIAN_POINT('Origin',(-12.3803750070299,7.88730256656505,45.));
#8185=CARTESIAN_POINT('',(-12.3803750070299,3.75000005587935,46.));
#8186=CARTESIAN_POINT('Ctrl Pts',(-14.994433162053,22.7365449714826,39.1080678246447));
#8187=CARTESIAN_POINT('Ctrl Pts',(-14.5479962915429,21.0704638696732,40.7741489264541));
#8188=CARTESIAN_POINT('Ctrl Pts',(-13.6827962474997,16.5230031788492,44.0030342132318));
#8189=CARTESIAN_POINT('Ctrl Pts',(-13.3462991252209,11.0288952201548,45.2588254197272));
#8190=CARTESIAN_POINT('Ctrl Pts',(-13.3462991252209,7.88730256656505,45.2588254197272));
#8191=CARTESIAN_POINT('Ctrl Pts',(-14.9528729955491,22.9027818371134,39.2631683832544));
#8192=CARTESIAN_POINT('Ctrl Pts',(-14.5021609800574,21.21615784148,40.9449047564228));
#8193=CARTESIAN_POINT('Ctrl Pts',(-13.6291393468711,16.6159087161151,44.202967118556));
#8194=CARTESIAN_POINT('Ctrl Pts',(-13.2898324628813,11.0627125287521,45.4695563096264));
#8195=CARTESIAN_POINT('Ctrl Pts',(-13.2898324628813,7.88730256656505,45.4695563096264));
#8196=CARTESIAN_POINT('Ctrl Pts',(-14.7085805980159,23.2343927822764,39.5293196498185));
#8197=CARTESIAN_POINT('Ctrl Pts',(-14.2546509297645,21.5070062183429,41.2437282349749));
#8198=CARTESIAN_POINT('Ctrl Pts',(-13.3755753424822,16.8014726039926,44.5626941691419));
#8199=CARTESIAN_POINT('Ctrl Pts',(-13.0339828153999,11.1300685491454,45.8518040995283));
#8200=CARTESIAN_POINT('Ctrl Pts',(-13.0339828153999,7.88730256656506,45.8518040995283));
#8201=CARTESIAN_POINT('Ctrl Pts',(-14.2555924237948,23.4132275454165,39.5867733933566));
#8202=CARTESIAN_POINT('Ctrl Pts',(-13.8065996760669,21.6679962330134,41.3250605847034));
#8203=CARTESIAN_POINT('Ctrl Pts',(-12.9367229298564,16.9101637388898,44.6916940078732));
#8204=CARTESIAN_POINT('Ctrl Pts',(-12.5985400636121,11.1698923108315,46.));
#8205=CARTESIAN_POINT('Ctrl Pts',(-12.5985400636121,7.88730256656505,46.));
#8206=CARTESIAN_POINT('Ctrl Pts',(-14.028509043862,23.4436517526691,39.5563491861041));
#8207=CARTESIAN_POINT('Ctrl Pts',(-13.5820721733519,21.6982334555355,41.3017674832377));
#8208=CARTESIAN_POINT('Ctrl Pts',(-12.7168721293087,16.9342270175294,44.6844092122429));
#8209=CARTESIAN_POINT('Ctrl Pts',(-12.3803750070299,11.1784948703258,46.));
#8210=CARTESIAN_POINT('Ctrl Pts',(-12.3803750070299,7.88730256656505,46.));
#8211=CARTESIAN_POINT('',(-14.028509043862,23.4436517526691,39.5563491861041));
#8212=CARTESIAN_POINT('Origin',(-14.028509043862,22.7365449714826,38.8492424049175));
#8213=CARTESIAN_POINT('Origin',(-18.0074565881906,7.88730256656505,24.));
#8214=CARTESIAN_POINT('Origin',(-9.14938258727852,4.52787781241874,57.0579095639813));
#8215=CARTESIAN_POINT('',(-15.6063170771122,29.3319560575483,33.6680448812249));
#8216=CARTESIAN_POINT('',(-9.14938258727852,5.23498459360529,57.7650163451679));
#8217=CARTESIAN_POINT('',(-16.513012621058,28.6825864711001,33.3878575320592));
#8218=CARTESIAN_POINT('Origin',(-15.6063170771122,28.6248492763617,32.9609381000383));
#8219=CARTESIAN_POINT('Origin',(-14.5356657756537,24.6292296987279,36.9565576776721));
#8220=CARTESIAN_POINT('Ctrl Pts',(-22.1485464879998,-23.8535537631223,23.2168900165196));
#8221=CARTESIAN_POINT('Ctrl Pts',(-22.1536935213268,-23.8628430886779,23.207600690964));
#8222=CARTESIAN_POINT('Ctrl Pts',(-22.1590435074272,-23.8717661147038,23.1979450778277));
#8223=CARTESIAN_POINT('Ctrl Pts',(-22.1645798420622,-23.8802951476596,23.1879531443113));
#8224=CARTESIAN_POINT('Ctrl Pts',(-22.083612027997,-24.0067258817891,23.3340832228638));
#8225=CARTESIAN_POINT('Ctrl Pts',(-22.090203073961,-24.0207126388917,23.3222374276272));
#8226=CARTESIAN_POINT('Ctrl Pts',(-22.0970059864317,-24.0342445488213,23.309852992126));
#8227=CARTESIAN_POINT('Ctrl Pts',(-22.1041378767584,-24.0473245036662,23.2970383313042));
#8228=CARTESIAN_POINT('Ctrl Pts',(-21.8417023392712,-24.3126092544235,23.5059291756094));
#8229=CARTESIAN_POINT('Ctrl Pts',(-21.8492943919598,-24.3359312140187,23.4879150364295));
#8230=CARTESIAN_POINT('Ctrl Pts',(-21.8572508475427,-24.3587148845827,23.4691056089696));
#8231=CARTESIAN_POINT('Ctrl Pts',(-21.8655047390955,-24.3808272736408,23.4494916285941));
#8232=CARTESIAN_POINT('Ctrl Pts',(-21.4633188076653,-24.5081678484942,23.4918328667615));
#8233=CARTESIAN_POINT('Ctrl Pts',(-21.4692951773146,-24.5358371625412,23.4669577370511));
#8234=CARTESIAN_POINT('Ctrl Pts',(-21.4755059459979,-24.5625188510071,23.441015862228));
#8235=CARTESIAN_POINT('Ctrl Pts',(-21.4819649284324,-24.5883280602755,23.4141007115581));
#8236=CARTESIAN_POINT('Ctrl Pts',(-21.2738419926768,-24.5606605443089,23.4393401709469));
#8237=CARTESIAN_POINT('Ctrl Pts',(-21.2789890260037,-24.5885285209757,23.41147219428));
#8238=CARTESIAN_POINT('Ctrl Pts',(-21.2843390121041,-24.6152975990532,23.3825053548712));
#8239=CARTESIAN_POINT('Ctrl Pts',(-21.2898753467391,-24.6408846979207,23.3525295543221));
#8240=CARTESIAN_POINT('',(-22.1645798420622,-23.8802951476596,23.1879531443113));
#8241=CARTESIAN_POINT('',(-21.2898753467391,-24.6408846979207,23.3525295543221));
#8242=CARTESIAN_POINT('Origin',(-21.2898753467391,-23.8802951476596,22.7032965175521));
#8243=CARTESIAN_POINT('Origin',(-21.469739000844,-23.500000372529,22.3786799991671));
#8244=CARTESIAN_POINT('Origin',(-22.3444434961671,-23.500000372529,22.8633366259263));
#8245=CARTESIAN_POINT('Ctrl Pts',(-21.5322899194486,-25.000000372529,22.3786799991677));
#8246=CARTESIAN_POINT('Ctrl Pts',(-21.4315555337879,-25.0000003725289,22.6860675917563));
#8247=CARTESIAN_POINT('Ctrl Pts',(-21.3456763216574,-24.898778260407,23.0504020629631));
#8248=CARTESIAN_POINT('Ctrl Pts',(-21.2898753467391,-24.6408846979207,23.3525295543221));
#8249=CARTESIAN_POINT('Ctrl Pts',(-21.7456473787568,-25.0000003725289,22.5884389462535));
#8250=CARTESIAN_POINT('Ctrl Pts',(-21.6451563650005,-24.9557016151188,22.8563545468535));
#8251=CARTESIAN_POINT('Ctrl Pts',(-21.5617830900119,-24.8342270566931,23.1641892736393));
#8252=CARTESIAN_POINT('Ctrl Pts',(-21.5094062972457,-24.5808199691834,23.4228965911632));
#8253=CARTESIAN_POINT('Ctrl Pts',(-22.1149497907778,-24.7487763683504,22.9515126599773));
#8254=CARTESIAN_POINT('Ctrl Pts',(-22.0173863647762,-24.6804690041928,23.1006614599232));
#8255=CARTESIAN_POINT('Ctrl Pts',(-21.9378051456562,-24.5643438819925,23.2831036260401));
#8256=CARTESIAN_POINT('Ctrl Pts',(-21.8918963874519,-24.3577840588316,23.4444452237553));
#8257=CARTESIAN_POINT('Ctrl Pts',(-22.2453846996319,-24.2243998477854,23.0797476381831));
#8258=CARTESIAN_POINT('Ctrl Pts',(-22.1886547981232,-24.2040539123831,23.1369223558385));
#8259=CARTESIAN_POINT('Ctrl Pts',(-22.1411316767562,-24.1455489326126,23.2134792797289));
#8260=CARTESIAN_POINT('Ctrl Pts',(-22.1127724432304,-24.0234631670939,23.2814547331623));
#8261=CARTESIAN_POINT('Ctrl Pts',(-22.245384699632,-24.000000372529,23.079747638183));
#8262=CARTESIAN_POINT('Ctrl Pts',(-22.2118065710784,-24.000000372529,23.1139018151373));
#8263=CARTESIAN_POINT('Ctrl Pts',(-22.1831801670349,-23.9662596684884,23.1543834230492));
#8264=CARTESIAN_POINT('Ctrl Pts',(-22.1645798420621,-23.8802951476596,23.1879531443113));
#8265=CARTESIAN_POINT('',(-22.245384699632,-24.000000372529,23.0797476381831));
#8266=CARTESIAN_POINT('Origin',(-21.5322899194485,-24.000000372529,22.3786799991673));
#8267=CARTESIAN_POINT('Ctrl Pts',(-21.5322899194486,-25.000000372529,22.3786799991677));
#8268=CARTESIAN_POINT('Ctrl Pts',(-21.4315555337879,-25.0000003725289,22.6860675917563));
#8269=CARTESIAN_POINT('Ctrl Pts',(-21.3456763216574,-24.898778260407,23.0504020629631));
#8270=CARTESIAN_POINT('Ctrl Pts',(-21.2898753467391,-24.6408846979207,23.3525295543221));
#8271=CARTESIAN_POINT('Ctrl Pts',(-22.1645798420621,-23.8802951476596,23.1879531443113));
#8272=CARTESIAN_POINT('Ctrl Pts',(-22.1831801670349,-23.9662596684884,23.1543834230492));
#8273=CARTESIAN_POINT('Ctrl Pts',(-22.2118065710784,-24.000000372529,23.1139018151373));
#8274=CARTESIAN_POINT('Ctrl Pts',(-22.245384699632,-24.000000372529,23.079747638183));
#8275=CARTESIAN_POINT('Origin',(-5.90384912359622,11.1139108797965,50.4718764966036));
#8276=CARTESIAN_POINT('',(-21.2738419926768,39.5606607678263,23.4393401709469));
#8277=CARTESIAN_POINT('',(-5.90384912359622,11.821017660983,51.1789832777901));
#8278=CARTESIAN_POINT('',(-22.1485464879998,38.8535539866397,23.2168900165196));
#8279=CARTESIAN_POINT('Origin',(-21.2738419926768,38.8535539866397,22.7322333897603));
#8280=CARTESIAN_POINT('',(-6.77855361891927,11.1139108797965,50.9565331233628));
#8281=CARTESIAN_POINT('Ctrl Pts',(-22.1645798420622,38.880295371177,23.1879531443113));
#8282=CARTESIAN_POINT('Ctrl Pts',(-22.1590435074272,38.8717663382212,23.1979450778277));
#8283=CARTESIAN_POINT('Ctrl Pts',(-22.1536935213268,38.8628433121954,23.207600690964));
#8284=CARTESIAN_POINT('Ctrl Pts',(-22.1485464879998,38.8535539866397,23.2168900165196));
#8285=CARTESIAN_POINT('Ctrl Pts',(-22.1041378767584,39.0473247271837,23.2970383313042));
#8286=CARTESIAN_POINT('Ctrl Pts',(-22.0970059864317,39.0342447723387,23.3098529921261));
#8287=CARTESIAN_POINT('Ctrl Pts',(-22.090203073961,39.0207128624091,23.3222374276272));
#8288=CARTESIAN_POINT('Ctrl Pts',(-22.083612027997,39.0067261053065,23.3340832228638));
#8289=CARTESIAN_POINT('Ctrl Pts',(-21.8654945231198,39.3808186139704,23.4494783855053));
#8290=CARTESIAN_POINT('Ctrl Pts',(-21.857240631567,39.3587062249123,23.4690923658809));
#8291=CARTESIAN_POINT('Ctrl Pts',(-21.8492851811654,39.3359239915755,23.4879024869482));
#8292=CARTESIAN_POINT('Ctrl Pts',(-21.8416931284768,39.3126020319804,23.5059166261281));
#8293=CARTESIAN_POINT('Ctrl Pts',(-21.4819649284324,39.588328283793,23.4141007115581));
#8294=CARTESIAN_POINT('Ctrl Pts',(-21.4755059459979,39.5625190745245,23.441015862228));
#8295=CARTESIAN_POINT('Ctrl Pts',(-21.4692951773146,39.5358373860587,23.4669577370511));
#8296=CARTESIAN_POINT('Ctrl Pts',(-21.4633188076653,39.5081680720116,23.4918328667615));
#8297=CARTESIAN_POINT('Ctrl Pts',(-21.2898753467391,39.6408849214381,23.3525295543221));
#8298=CARTESIAN_POINT('Ctrl Pts',(-21.2843390121041,39.6152978225707,23.3825053548712));
#8299=CARTESIAN_POINT('Ctrl Pts',(-21.2789890260037,39.5885287444931,23.41147219428));
#8300=CARTESIAN_POINT('Ctrl Pts',(-21.2738419926768,39.5606607678263,23.4393401709469));
#8301=CARTESIAN_POINT('',(-21.2898753467391,39.6408849214381,23.3525295543221));
#8302=CARTESIAN_POINT('',(-22.1645798420622,38.880295371177,23.1879531443113));
#8303=CARTESIAN_POINT('Origin',(-21.2898753467391,38.880295371177,22.7032965175521));
#8304=CARTESIAN_POINT('Origin',(-22.3444434961671,38.5000005960464,22.8633366259263));
#8305=CARTESIAN_POINT('Origin',(-21.469739000844,38.5000005960464,22.3786799991671));
#8306=CARTESIAN_POINT('Ctrl Pts',(-21.2898753467391,39.6408849214381,23.3525295543221));
#8307=CARTESIAN_POINT('Ctrl Pts',(-21.3456763203143,39.8987784777172,23.050402070235));
#8308=CARTESIAN_POINT('Ctrl Pts',(-21.4315555296479,40.000000591498,22.686067608642));
#8309=CARTESIAN_POINT('Ctrl Pts',(-21.532289912175,40.0000005960464,22.3786800213626));
#8310=CARTESIAN_POINT('Ctrl Pts',(-21.5094062972457,39.5808201927008,23.4228965911632));
#8311=CARTESIAN_POINT('Ctrl Pts',(-21.5617830887513,39.8342272741112,23.164189279866));
#8312=CARTESIAN_POINT('Ctrl Pts',(-21.6451563609588,39.9557018329636,22.8563545611257));
#8313=CARTESIAN_POINT('Ctrl Pts',(-21.7456473715252,40.0000005929426,22.5884389655874));
#8314=CARTESIAN_POINT('Ctrl Pts',(-21.8918885442358,39.3577786786533,23.4444360947139));
#8315=CARTESIAN_POINT('Ctrl Pts',(-21.9377973013351,39.5643384968426,23.283094500882));
#8316=CARTESIAN_POINT('Ctrl Pts',(-22.0173689243353,39.6804488432093,23.1006443258654));
#8317=CARTESIAN_POINT('Ctrl Pts',(-22.1149323471767,39.7487562079017,22.9514955282853));
#8318=CARTESIAN_POINT('Ctrl Pts',(-22.1127724432304,39.0234633906113,23.2814547331623));
#8319=CARTESIAN_POINT('Ctrl Pts',(-22.1411316760736,39.1455491531916,23.213479281365));
#8320=CARTESIAN_POINT('Ctrl Pts',(-22.1886547958015,39.2040541331916,23.1369223593484));
#8321=CARTESIAN_POINT('Ctrl Pts',(-22.2453846955475,39.2244000698209,23.0797476423376));
#8322=CARTESIAN_POINT('Ctrl Pts',(-22.1645798420622,38.880295371177,23.1879531443113));
#8323=CARTESIAN_POINT('Ctrl Pts',(-22.1831801665872,38.9662598899367,23.1543834238572));
#8324=CARTESIAN_POINT('Ctrl Pts',(-22.2118065696984,39.0000005945303,23.1139018170135));
#8325=CARTESIAN_POINT('Ctrl Pts',(-22.2453846972075,39.0000005960464,23.0797476406492));
#8326=CARTESIAN_POINT('',(-22.2453846972075,39.0000005960464,23.0797476406492));
#8327=CARTESIAN_POINT('Origin',(-21.532289912175,39.0000005960464,22.3786800065656));
#8328=CARTESIAN_POINT('Ctrl Pts',(-22.2453846972075,39.0000005960464,23.0797476406492));
#8329=CARTESIAN_POINT('Ctrl Pts',(-22.2118065696984,39.0000005945303,23.1139018170135));
#8330=CARTESIAN_POINT('Ctrl Pts',(-22.1831801665872,38.9662598899367,23.1543834238572));
#8331=CARTESIAN_POINT('Ctrl Pts',(-22.1645798420622,38.880295371177,23.1879531443113));
#8332=CARTESIAN_POINT('Ctrl Pts',(-21.2898753467391,39.6408849214381,23.3525295543221));
#8333=CARTESIAN_POINT('Ctrl Pts',(-21.3456763203143,39.8987784777172,23.050402070235));
#8334=CARTESIAN_POINT('Ctrl Pts',(-21.4315555296479,40.000000591498,22.686067608642));
#8335=CARTESIAN_POINT('Ctrl Pts',(-21.532289912175,40.0000005960464,22.3786800213626));
#8336=CARTESIAN_POINT('Origin',(-34.8283068630141,-24.000000372529,16.0693453610964));
#8337=CARTESIAN_POINT('',(-22.3904893570581,-24.000000372529,22.9771898876933));
#8338=CARTESIAN_POINT('Origin',(-21.9676038917269,-24.000000372529,22.0710067476981));
#8339=CARTESIAN_POINT('',(-35.2511923283453,-24.000000372529,16.9755285010917));
#8340=CARTESIAN_POINT('Origin',(-22.6019320897237,-24.000000372529,23.4302814576909));
#8341=CARTESIAN_POINT('Origin',(-22.6019320897237,-24.000000372529,23.4302814576909));
#8342=CARTESIAN_POINT('Origin',(-6.08743095060699,39.0000005960464,29.4817541202219));
#8343=CARTESIAN_POINT('',(-22.3904893570581,39.0000005960464,22.9771898876933));
#8344=CARTESIAN_POINT('',(-6.51031641593817,39.0000005960464,30.3879372602171));
#8345=CARTESIAN_POINT('Origin',(-21.9676038917269,39.0000005960464,22.0710067476981));
#8346=CARTESIAN_POINT('Origin',(-22.6019320897237,39.0000005960464,23.4302814576909));
#8347=CARTESIAN_POINT('Origin',(-22.6019320897237,39.0000005960464,23.4302814576909));
#8348=CARTESIAN_POINT('Origin',(-22.6019320897237,0.,23.4302814576909));
#8349=CARTESIAN_POINT('',(-22.1645798420622,-4.5,23.1879531443113));
#8350=CARTESIAN_POINT('',(-22.1645798420622,0.,23.1879531443113));
#8351=CARTESIAN_POINT('',(-22.3904893570581,-4.5,22.9771898876933));
#8352=CARTESIAN_POINT('Origin',(-22.6019320897237,-4.5,23.4302814576909));
#8353=CARTESIAN_POINT('',(-22.3904893570581,0.,22.9771898876933));
#8354=CARTESIAN_POINT('Origin',(-16.5404852742453,0.,33.3382751021189));
#8355=CARTESIAN_POINT('',(-17.4037528073157,-4.5,31.7802565996335));
#8356=CARTESIAN_POINT('Origin',(-16.5404852742453,0.,33.3382751021189));
#8357=CARTESIAN_POINT('',(-22.1645798420622,19.,23.1879531443113));
#8358=CARTESIAN_POINT('',(-22.1645798420622,0.,23.1879531443113));
#8359=CARTESIAN_POINT('',(-17.4037528073157,19.,31.7802565996335));
#8360=CARTESIAN_POINT('Origin',(-22.6019320897237,0.,23.4302814576909));
#8361=CARTESIAN_POINT('',(-22.3904893570581,19.,22.9771898876933));
#8362=CARTESIAN_POINT('',(-22.3904893570581,0.,22.9771898876933));
#8363=CARTESIAN_POINT('Origin',(-22.6019320897237,19.,23.4302814576909));
#8364=CARTESIAN_POINT('Origin',(-22.2433010190862,0.,23.0458777787469));
#8365=CARTESIAN_POINT('',(-21.8163123796452,19.,23.2451391438194));
#8366=CARTESIAN_POINT('Origin',(-22.6019320897237,19.,23.4302814576909));
#8367=CARTESIAN_POINT('',(-21.7272275944006,18.5,22.9456248309317));
#8368=CARTESIAN_POINT('Origin',(-21.7272275944006,19.,22.9456248309317));
#8369=CARTESIAN_POINT('',(-22.1790466243925,18.5,22.5240983176957));
#8370=CARTESIAN_POINT('Origin',(-22.1790466243925,19.,22.5240983176957));
#8371=CARTESIAN_POINT('Origin',(-22.6019320897237,18.5,23.4302814576909));
#8372=CARTESIAN_POINT('Origin',(-21.6048696469796,19.,22.7920475738217));
#8373=CARTESIAN_POINT('',(-40.6236601118477,18.5,13.9166120235486));
#8374=CARTESIAN_POINT('Origin',(-40.6236601118477,19.,13.9166120235486));
#8375=CARTESIAN_POINT('',(-21.6048696469796,18.5,22.7920475738217));
#8376=CARTESIAN_POINT('Origin',(-16.9664005596541,19.,31.5379282862539));
#8377=CARTESIAN_POINT('',(-16.9664005596541,18.5,31.5379282862539));
#8378=CARTESIAN_POINT('Origin',(-22.6019320897237,-4.5,23.4302814576909));
#8379=CARTESIAN_POINT('',(-21.7272275944006,-4.,22.9456248309317));
#8380=CARTESIAN_POINT('Origin',(-21.7272275944006,-4.5,22.9456248309317));
#8381=CARTESIAN_POINT('',(-22.1790466243925,-4.,22.5240983176957));
#8382=CARTESIAN_POINT('Origin',(-22.6019320897237,-4.,23.4302814576909));
#8383=CARTESIAN_POINT('Origin',(-22.1790466243925,-4.5,22.5240983176957));
#8384=CARTESIAN_POINT('Origin',(-16.9664005596541,-4.5,31.5379282862539));
#8385=CARTESIAN_POINT('',(-16.9664005596541,-4.,31.5379282862539));
#8386=CARTESIAN_POINT('Origin',(-21.6048696469796,-4.5,22.7920475738217));
#8387=CARTESIAN_POINT('',(-21.8163123796452,-4.5,23.2451391438194));
#8388=CARTESIAN_POINT('',(-40.6236601118477,-4.,13.9166120235486));
#8389=CARTESIAN_POINT('',(-21.6048696469796,-4.,22.7920475738217));
#8390=CARTESIAN_POINT('Origin',(-40.6236601118477,-4.5,13.9166120235486));
#8391=CARTESIAN_POINT('Origin',(-26.744289339475,-4.,34.9193267930417));
#8392=CARTESIAN_POINT('',(-20.3892168856095,-4.,18.9749923465883));
#8393=CARTESIAN_POINT('Origin',(0.,7.50000011175871,21.5588753300602));
#8394=CARTESIAN_POINT('',(0.,-8.05634907434534,37.1152245161642));
#8395=CARTESIAN_POINT('',(0.,23.0563492978628,37.1152245161642));
#8396=CARTESIAN_POINT('Origin',(0.,-23.5857868101559,21.5857867803536));
#8397=CARTESIAN_POINT('',(-20.4412495728585,-23.000000372529,22.1715732179805));
#8398=CARTESIAN_POINT('',(-21.585,-23.000000372529,22.1715732179805));
#8399=CARTESIAN_POINT('',(-14.8593205813703,-12.9257785176111,32.2457950728985));
#8400=CARTESIAN_POINT('Origin',(-1.68257374372351,7.11269765695236,24.));
#8401=CARTESIAN_POINT('',(-1.68257374372351,-8.44365152915169,39.556349186104));
#8402=CARTESIAN_POINT('',(-1.18257374372351,-8.09009813855842,39.2027957955108));
#8403=CARTESIAN_POINT('Origin',(-1.68257374372351,-8.09009813855841,39.2027957955108));
#8404=CARTESIAN_POINT('',(-1.18257374372351,7.11269765695236,45.5));
#8405=CARTESIAN_POINT('Origin',(-1.18257374372351,7.11269765695236,24.));
#8406=CARTESIAN_POINT('',(-1.68257374372351,7.11269765695236,46.));
#8407=CARTESIAN_POINT('Origin',(-1.68257374372351,7.11269765695236,45.5));
#8408=CARTESIAN_POINT('Origin',(-1.68257374372351,7.11269765695236,24.));
#8409=CARTESIAN_POINT('Origin',(-4.085,7.11269765695236,24.));
#8410=CARTESIAN_POINT('',(-4.085,-8.44365152915169,39.5563491861041));
#8411=CARTESIAN_POINT('',(-4.085,7.11269765695236,46.));
#8412=CARTESIAN_POINT('Origin',(-8.16999999999999,7.50000011175871,46.));
#8413=CARTESIAN_POINT('',(-1.68257374372351,7.88730256656505,46.));
#8414=CARTESIAN_POINT('',(-1.68257374372351,3.75000005587935,46.));
#8415=CARTESIAN_POINT('',(-4.085,7.88730256656505,46.));
#8416=CARTESIAN_POINT('Origin',(-1.68257374372351,3.75000005587935,45.5));
#8417=CARTESIAN_POINT('',(-1.18257374372351,7.88730256656505,45.5));
#8418=CARTESIAN_POINT('',(-1.18257374372351,3.75000005587935,45.5));
#8419=CARTESIAN_POINT('Origin',(-1.68257374372351,7.88730256656505,45.5));
#8420=CARTESIAN_POINT('Origin',(-1.18257374372351,0.,23.0000010924414));
#8421=CARTESIAN_POINT('',(-1.18257374372351,-23.7928928416278,23.5000010924414));
#8422=CARTESIAN_POINT('',(-1.18257374372351,-18.3964467013748,28.8964472326944));
#8423=CARTESIAN_POINT('',(-1.18257374372351,38.7928930651452,23.5000010924414));
#8424=CARTESIAN_POINT('',(-1.18257374372351,0.,23.5000010924414));
#8425=CARTESIAN_POINT('',(-1.18257374372351,23.0900983620758,39.2027957955108));
#8426=CARTESIAN_POINT('',(-1.18257374372351,13.396446626869,48.8964475307176));
#8427=CARTESIAN_POINT('Origin',(-1.18257374372351,7.88730256656505,24.));
#8428=CARTESIAN_POINT('Origin',(-1.68257374372351,7.88730256656505,24.));
#8429=CARTESIAN_POINT('',(-1.68257374372351,23.4436517526691,39.5563491861041));
#8430=CARTESIAN_POINT('Origin',(-1.68257374372351,23.0900983620758,39.2027957955108));
#8431=CARTESIAN_POINT('Origin',(-1.68257374372351,7.88730256656505,24.));
#8432=CARTESIAN_POINT('Origin',(-4.085,7.88730256656505,24.));
#8433=CARTESIAN_POINT('',(-4.085,23.4436517526691,39.5563491861041));
#8434=CARTESIAN_POINT('Origin',(0.,7.5000001117587,55.5000008270145));
#8435=CARTESIAN_POINT('',(-1.68257374372351,39.5606607678263,23.4393401709469));
#8436=CARTESIAN_POINT('',(-1.68257374372351,13.7500000174623,49.2500009213109));
#8437=CARTESIAN_POINT('',(13.415,39.5606607678263,23.4393401709469));
#8438=CARTESIAN_POINT('Origin',(-1.68257374372351,13.396446626869,48.8964475307176));
#8439=CARTESIAN_POINT('',(-1.27734140070184,39.4142145332769,23.2928939363975));
#8440=CARTESIAN_POINT('Origin',(-1.68257374372351,38.7928930651452,23.5000010924414));
#8441=CARTESIAN_POINT('Origin',(-1.68257374372351,39.207107377233,23.0857867803536));
#8442=CARTESIAN_POINT('Ctrl Pts',(-1.68257374372351,-24.7420689860727,23.2196708191228));
#8443=CARTESIAN_POINT('Ctrl Pts',(-1.59733836959152,-24.7420689860727,23.2196708191228));
#8444=CARTESIAN_POINT('Ctrl Pts',(-1.4279068934525,-24.6790360186445,23.2317992675012));
#8445=CARTESIAN_POINT('Ctrl Pts',(-1.3161293220486,-24.5140372993207,23.2689646076278));
#8446=CARTESIAN_POINT('Ctrl Pts',(-1.27734140070184,-24.4142143097595,23.2928939363975));
#8447=CARTESIAN_POINT('Ctrl Pts',(-1.68257374372351,-24.7941630557487,23.1427325133042));
#8448=CARTESIAN_POINT('Ctrl Pts',(-1.5866490457223,-24.7941630557487,23.1427325133042));
#8449=CARTESIAN_POINT('Ctrl Pts',(-1.39588111603922,-24.7231517392074,23.1510240048605));
#8450=CARTESIAN_POINT('Ctrl Pts',(-1.27594828306577,-24.5416324188641,23.1767964497367));
#8451=CARTESIAN_POINT('Ctrl Pts',(-1.23716588590424,-24.4347473120127,23.1937522645816));
#8452=CARTESIAN_POINT('Ctrl Pts',(-1.68257374372351,-24.9237455903765,23.0344197018765));
#8453=CARTESIAN_POINT('Ctrl Pts',(-1.55992668721581,-24.9237455903765,23.0344197018765));
#8454=CARTESIAN_POINT('Ctrl Pts',(-1.31626477411197,-24.8371572712224,23.0364782565254));
#8455=CARTESIAN_POINT('Ctrl Pts',(-1.16371172592374,-24.6207647934468,23.043078566288));
#8456=CARTESIAN_POINT('Ctrl Pts',(-1.11469320450786,-24.4973409553234,23.0475532002557));
#8457=CARTESIAN_POINT('Ctrl Pts',(-1.68257374372351,-25.0864052126498,23.0000010924414));
#8458=CARTESIAN_POINT('Ctrl Pts',(-1.52644403301786,-25.0864052126498,23.0000010924414));
#8459=CARTESIAN_POINT('Ctrl Pts',(-1.21614061564264,-24.9831209476099,23.0000184418888));
#8460=CARTESIAN_POINT('Ctrl Pts',(-1.01387656381639,-24.7274234954066,23.0000200207874));
#8461=CARTESIAN_POINT('Ctrl Pts',(-0.94485313054026,-24.5841432437079,23.0000010924414));
#8462=CARTESIAN_POINT('Ctrl Pts',(-1.68257374372351,-25.1560918572539,23.0000010924414));
#8463=CARTESIAN_POINT('Ctrl Pts',(-1.51210299545953,-25.1560918572539,23.0000010924414));
#8464=CARTESIAN_POINT('Ctrl Pts',(-1.17324004318149,-25.0456509144742,23.0000010924414));
#8465=CARTESIAN_POINT('Ctrl Pts',(-0.949684900373694,-24.7731087873863,
23.0000010924414));
#8466=CARTESIAN_POINT('Ctrl Pts',(-0.872109057680178,-24.6213214658033,
23.0000010924414));
#8467=CARTESIAN_POINT('',(-0.872109057680181,-24.6213214658034,23.0000010924414));
#8468=CARTESIAN_POINT('',(-1.27734140070184,-24.4142143097595,23.2928939363975));
#8469=CARTESIAN_POINT('Origin',(-0.872109057680182,-24.6213214658034,23.5000010924414));
#8470=CARTESIAN_POINT('',(-1.68257374372351,-24.7420689860727,23.2196708191228));
#8471=CARTESIAN_POINT('Ctrl Pts',(-1.27734140070184,-24.4142143097595,23.2928939363975));
#8472=CARTESIAN_POINT('Ctrl Pts',(-1.3161293220486,-24.5140372993207,23.2689646076278));
#8473=CARTESIAN_POINT('Ctrl Pts',(-1.4279068934525,-24.6790360186445,23.2317992675012));
#8474=CARTESIAN_POINT('Ctrl Pts',(-1.59733836959152,-24.7420689860727,23.2196708191228));
#8475=CARTESIAN_POINT('Ctrl Pts',(-1.68257374372351,-24.7420689860727,23.2196708191228));
#8476=CARTESIAN_POINT('',(-1.04059937038226,-24.8652696129694,23.0000010924414));
#8477=CARTESIAN_POINT('Ctrl Pts',(-1.68257374372058,-24.7420689860727,23.2196708191228));
#8478=CARTESIAN_POINT('Ctrl Pts',(-1.68171057589648,-24.7424880939955,23.2190518340111));
#8479=CARTESIAN_POINT('Ctrl Pts',(-1.68084628741814,-24.7429060105768,23.2184336117358));
#8480=CARTESIAN_POINT('Ctrl Pts',(-1.62054926878441,-24.7719413025999,23.1754129080477));
#8481=CARTESIAN_POINT('Ctrl Pts',(-1.55636648941865,-24.7947062538142,23.1370437238983));
#8482=CARTESIAN_POINT('Ctrl Pts',(-1.41993662037205,-24.8303030071507,23.0726698089619));
#8483=CARTESIAN_POINT('Ctrl Pts',(-1.3484378957034,-24.8431631741302,23.0467478132196));
#8484=CARTESIAN_POINT('Ctrl Pts',(-1.19816285534534,-24.8607698605056,23.0101315247203));
#8485=CARTESIAN_POINT('Ctrl Pts',(-1.11952917567817,-24.8652696130279,23.0000010924414));
#8486=CARTESIAN_POINT('Ctrl Pts',(-1.04059937049029,-24.8652696130279,23.0000010924414));
#8487=CARTESIAN_POINT('Ctrl Pts',(-1.04109703985862,-24.8654770084132,23.0000010924414));
#8488=CARTESIAN_POINT('Ctrl Pts',(-0.973905282173358,-24.7926187544861,
23.0000010924414));
#8489=CARTESIAN_POINT('Ctrl Pts',(-0.917223576901741,-24.7095939459902,
23.0000010924414));
#8490=CARTESIAN_POINT('Ctrl Pts',(-0.872109057680178,-24.6213214658033,
23.0000010924414));
#8491=CARTESIAN_POINT('Origin',(-0.682573743723509,0.,23.5000010924414));
#8492=CARTESIAN_POINT('',(-0.682573743723509,-23.7928928416278,23.0000010924414));
#8493=CARTESIAN_POINT('Origin',(-0.682573743723509,-23.7928928416278,23.5000010924414));
#8494=CARTESIAN_POINT('',(-0.682573743723509,38.7928930651452,23.0000010924414));
#8495=CARTESIAN_POINT('',(-0.682573743723509,0.,23.0000010924414));
#8496=CARTESIAN_POINT('Origin',(-0.682573743723509,38.7928930651452,23.5000010924414));
#8497=CARTESIAN_POINT('Ctrl Pts',(-1.27734140070184,-24.4142143097595,23.2928939363975));
#8498=CARTESIAN_POINT('Ctrl Pts',(-1.21623874846341,-24.2348812673548,23.352671617199));
#8499=CARTESIAN_POINT('Ctrl Pts',(-1.18257374372351,-24.0141647187285,23.4262438000745));
#8500=CARTESIAN_POINT('Ctrl Pts',(-1.18257374372351,-23.7928928416278,23.5000010924414));
#8501=CARTESIAN_POINT('Ctrl Pts',(-1.24218782525394,-24.432180686731,23.2061449735585));
#8502=CARTESIAN_POINT('Ctrl Pts',(-1.18413335729932,-24.243444205071,23.2507256608262));
#8503=CARTESIAN_POINT('Ctrl Pts',(-1.16282774243104,-24.0140095748395,23.3076025583942));
#8504=CARTESIAN_POINT('Ctrl Pts',(-1.18257374372351,-23.7928928416278,23.3691013985418));
#8505=CARTESIAN_POINT('Ctrl Pts',(-1.1265259460938,-24.4912934482567,23.0560582396221));
#8506=CARTESIAN_POINT('Ctrl Pts',(-1.0565438119266,-24.2826079351996,23.069363529426));
#8507=CARTESIAN_POINT('Ctrl Pts',(-1.038036864562,-24.0302256153246,23.0868415758321));
#8508=CARTESIAN_POINT('Ctrl Pts',(-1.07416091467018,-23.7928928416278,23.1084139214947));
#8509=CARTESIAN_POINT('Ctrl Pts',(-0.956977142683606,-24.5779468733587,
23.0000010924414));
#8510=CARTESIAN_POINT('Ctrl Pts',(-0.852270182080049,-24.348961627774,22.9998660460994));
#8511=CARTESIAN_POINT('Ctrl Pts',(-0.801059841514719,-24.0685767919046,
23.0004018745431));
#8512=CARTESIAN_POINT('Ctrl Pts',(-0.813473437623083,-23.7928928416278,
23.0000010924414));
#8513=CARTESIAN_POINT('Ctrl Pts',(-0.872109057680177,-24.6213214658034,
23.0000010924414));
#8514=CARTESIAN_POINT('Ctrl Pts',(-0.749903753203321,-24.3822107425972,
23.0000010924414));
#8515=CARTESIAN_POINT('Ctrl Pts',(-0.682573743723509,-24.0879220110954,
23.0000010924414));
#8516=CARTESIAN_POINT('Ctrl Pts',(-0.682573743723509,-23.7928928416278,
23.0000010924414));
#8517=CARTESIAN_POINT('Origin',(-1.68257374372351,-23.7928928416278,23.5000010924414));
#8518=CARTESIAN_POINT('Origin',(-1.68257374372351,-23.7928928416278,23.0000010924414));
#8519=CARTESIAN_POINT('Ctrl Pts',(-1.27734140070184,39.4142145332769,23.2928939363975));
#8520=CARTESIAN_POINT('Ctrl Pts',(-1.31612932204876,39.5140375228385,23.2689646076277));
#8521=CARTESIAN_POINT('Ctrl Pts',(-1.42790721888784,39.6790362063319,23.2317993088186));
#8522=CARTESIAN_POINT('Ctrl Pts',(-1.59733836959327,39.7420692095906,23.2196708191227));
#8523=CARTESIAN_POINT('Ctrl Pts',(-1.6825737437256,39.7420692095901,23.2196708191228));
#8524=CARTESIAN_POINT('Ctrl Pts',(-1.23716588590424,39.4347475355301,23.1937522645816));
#8525=CARTESIAN_POINT('Ctrl Pts',(-1.27594828306591,39.5416326423819,23.1767964497366));
#8526=CARTESIAN_POINT('Ctrl Pts',(-1.39588140213597,39.7231518716841,23.1510241100728));
#8527=CARTESIAN_POINT('Ctrl Pts',(-1.58664904572427,39.7941632792667,23.1427325133041));
#8528=CARTESIAN_POINT('Ctrl Pts',(-1.68257374372587,39.7941632792661,23.1427325133042));
#8529=CARTESIAN_POINT('Ctrl Pts',(-1.11468981208514,39.4973429126487,23.0475600478762));
#8530=CARTESIAN_POINT('Ctrl Pts',(-1.16370833350118,39.6207667507725,23.0430854139086));
#8531=CARTESIAN_POINT('Ctrl Pts',(-1.3162636209263,39.8371590944771,23.0364835580055));
#8532=CARTESIAN_POINT('Ctrl Pts',(-1.55992668721832,39.9237475820434,23.034423521349));
#8533=CARTESIAN_POINT('Ctrl Pts',(-1.68257374372652,39.9237475820427,23.034423521349));
#8534=CARTESIAN_POINT('Ctrl Pts',(-0.944853130540256,39.5841434672254,23.0000010924414));
#8535=CARTESIAN_POINT('Ctrl Pts',(-1.01387656381661,39.7274237189245,23.0000200207874));
#8536=CARTESIAN_POINT('Ctrl Pts',(-1.21614124021415,39.98312093553,23.0000184764181));
#8537=CARTESIAN_POINT('Ctrl Pts',(-1.52644403302106,40.086405436168,23.0000010924414));
#8538=CARTESIAN_POINT('Ctrl Pts',(-1.68257374372735,40.0864054361672,23.0000010924414));
#8539=CARTESIAN_POINT('Ctrl Pts',(-0.872109057680174,39.6213216893208,23.0000010924414));
#8540=CARTESIAN_POINT('Ctrl Pts',(-0.94968490037395,39.7731090109043,23.0000010924414));
#8541=CARTESIAN_POINT('Ctrl Pts',(-1.17324069405217,40.045650864608,23.0000010924414));
#8542=CARTESIAN_POINT('Ctrl Pts',(-1.51210299546303,40.1560920807721,23.0000010924414));
#8543=CARTESIAN_POINT('Ctrl Pts',(-1.6825737437277,40.1560920807713,23.0000010924414));
#8544=CARTESIAN_POINT('',(-0.872109057680176,39.6213216893208,23.0000010924414));
#8545=CARTESIAN_POINT('Origin',(-0.872109057680176,39.6213216893208,23.5000010924414));
#8546=CARTESIAN_POINT('',(-1.04059936949137,39.8652698360042,23.0000010924414));
#8547=CARTESIAN_POINT('Ctrl Pts',(-0.872109057680174,39.6213216893208,23.0000010924414));
#8548=CARTESIAN_POINT('Ctrl Pts',(-0.917223576756282,39.7095941692231,23.0000010924414));
#8549=CARTESIAN_POINT('Ctrl Pts',(-0.973905391871416,39.7926189312381,23.0000010924414));
#8550=CARTESIAN_POINT('Ctrl Pts',(-1.04109724138368,39.8654771463063,23.0000010924414));
#8551=CARTESIAN_POINT('',(-1.68257374372351,39.7420692095901,23.2196708191228));
#8552=CARTESIAN_POINT('Ctrl Pts',(-1.04059937049029,39.8652698365453,23.0000010924414));
#8553=CARTESIAN_POINT('Ctrl Pts',(-1.08052819029709,39.8652698365453,23.0000010924414));
#8554=CARTESIAN_POINT('Ctrl Pts',(-1.12041384565933,39.8641011714834,23.0025867716056));
#8555=CARTESIAN_POINT('Ctrl Pts',(-1.23692911087721,39.8573320199375,23.0172449074876));
#8556=CARTESIAN_POINT('Ctrl Pts',(-1.31233929846945,39.8486415931904,23.0359553294172));
#8557=CARTESIAN_POINT('Ctrl Pts',(-1.49231248907761,39.8156205579566,23.1005064043213));
#8558=CARTESIAN_POINT('Ctrl Pts',(-1.59132690616405,39.7860131974935,23.1545633431737));
#8559=CARTESIAN_POINT('Ctrl Pts',(-1.68084628721732,39.7429062341917,23.2184336115915));
#8560=CARTESIAN_POINT('Ctrl Pts',(-1.68171057610311,39.742488317415,23.2190518341557));
#8561=CARTESIAN_POINT('Ctrl Pts',(-1.6825737437256,39.7420692095901,23.2196708191228));
#8562=CARTESIAN_POINT('Ctrl Pts',(-1.6825737437256,39.7420692095901,23.2196708191228));
#8563=CARTESIAN_POINT('Ctrl Pts',(-1.59733836959327,39.7420692095906,23.2196708191227));
#8564=CARTESIAN_POINT('Ctrl Pts',(-1.42790721888784,39.6790362063319,23.2317993088186));
#8565=CARTESIAN_POINT('Ctrl Pts',(-1.31612932204876,39.5140375228385,23.2689646076277));
#8566=CARTESIAN_POINT('Ctrl Pts',(-1.27734140070184,39.4142145332769,23.2928939363975));
#8567=CARTESIAN_POINT('Ctrl Pts',(-1.18257374372351,38.7928930651452,23.5000010924414));
#8568=CARTESIAN_POINT('Ctrl Pts',(-1.18257374372351,39.0141649422459,23.4262438000745));
#8569=CARTESIAN_POINT('Ctrl Pts',(-1.21623874846341,39.2348814908722,23.352671617199));
#8570=CARTESIAN_POINT('Ctrl Pts',(-1.27734140070184,39.4142145332769,23.2928939363975));
#8571=CARTESIAN_POINT('Ctrl Pts',(-1.1825737437235,38.7928930651452,23.3691013985418));
#8572=CARTESIAN_POINT('Ctrl Pts',(-1.16282774243104,39.0140097983569,23.3076025583942));
#8573=CARTESIAN_POINT('Ctrl Pts',(-1.18413335729932,39.2434444285884,23.2507256608262));
#8574=CARTESIAN_POINT('Ctrl Pts',(-1.24218782525394,39.4321809102484,23.2061449735585));
#8575=CARTESIAN_POINT('Ctrl Pts',(-1.07413448796937,38.7928930651452,23.1084403481955));
#8576=CARTESIAN_POINT('Ctrl Pts',(-1.03801043786119,39.030225838842,23.0868680025329));
#8577=CARTESIAN_POINT('Ctrl Pts',(-1.05653849271889,39.282610877271,23.0693728111378));
#8578=CARTESIAN_POINT('Ctrl Pts',(-1.12652062688608,39.4912963903281,23.0560675213339));
#8579=CARTESIAN_POINT('Ctrl Pts',(-0.813473437623082,38.7928930651452,23.0000010924414));
#8580=CARTESIAN_POINT('Ctrl Pts',(-0.801059841514718,39.0685770154221,23.0004018745431));
#8581=CARTESIAN_POINT('Ctrl Pts',(-0.85227018208005,39.3489618512914,22.9998660460994));
#8582=CARTESIAN_POINT('Ctrl Pts',(-0.956977142683607,39.5779470968761,23.0000010924414));
#8583=CARTESIAN_POINT('Ctrl Pts',(-0.682573743723509,38.7928930651452,23.0000010924414));
#8584=CARTESIAN_POINT('Ctrl Pts',(-0.682573743723509,39.0879222346128,23.0000010924414));
#8585=CARTESIAN_POINT('Ctrl Pts',(-0.749903753203323,39.3822109661146,23.0000010924414));
#8586=CARTESIAN_POINT('Ctrl Pts',(-0.872109057680178,39.6213216893208,23.0000010924414));
#8587=CARTESIAN_POINT('Origin',(-1.68257374372351,38.7928930651452,23.0000010924414));
#8588=CARTESIAN_POINT('Origin',(-1.68257374372351,-23.500000372529,22.3786799991671));
#8589=CARTESIAN_POINT('',(-1.68257374372351,-24.5606605443089,23.4393401709469));
#8590=CARTESIAN_POINT('Origin',(-1.68257374372351,-24.2071071537156,23.0857867803536));
#8591=CARTESIAN_POINT('Origin',(-1.68257374372351,-23.500000372529,22.3786799991671));
#8592=CARTESIAN_POINT('Origin',(-1.68257374372351,-18.3964467013748,28.8964472326944));
#8593=CARTESIAN_POINT('',(-1.68257374372351,-18.7500000919681,29.2500006232876));
#8594=CARTESIAN_POINT('Origin',(-1.68257374372351,38.5000005960464,22.3786799991671));
#8595=CARTESIAN_POINT('Origin',(-1.68257374372351,38.5000005960464,22.3786799991671));
#8596=CARTESIAN_POINT('Origin',(-21.585,-23.500000372529,22.3786799991671));
#8597=CARTESIAN_POINT('',(26.33,-24.8652696130279,23.0000010924414));
#8598=CARTESIAN_POINT('Origin',(26.33,-23.500000372529,22.3786799991671));
#8599=CARTESIAN_POINT('',(-21.585,-24.8652696130279,23.0000010924414));
#8600=CARTESIAN_POINT('',(-21.585,-24.5606605443089,23.4393401709469));
#8601=CARTESIAN_POINT('Origin',(0.,-25.000000372529,23.0000003427267));
#8602=CARTESIAN_POINT('Origin',(13.415,38.5000005960464,22.3786799991671));
#8603=CARTESIAN_POINT('',(26.33,39.8652698365453,23.0000010924414));
#8604=CARTESIAN_POINT('',(13.415,39.8652698365453,23.0000010924414));
#8605=CARTESIAN_POINT('Origin',(26.33,38.5000005960464,22.3786799991671));
#8606=CARTESIAN_POINT('Origin',(26.33,-23.500000372529,22.3786799991671));
#8607=CARTESIAN_POINT('Ctrl Pts',(26.83,-24.4926136871318,22.5000010924414));
#8608=CARTESIAN_POINT('Ctrl Pts',(26.83,-24.4934681118922,22.5009663066817));
#8609=CARTESIAN_POINT('Ctrl Pts',(26.8299972050859,-24.494321917948,22.501932068256));
#8610=CARTESIAN_POINT('Ctrl Pts',(26.8297435832526,-24.5329666961048,22.5457003962296));
#8611=CARTESIAN_POINT('Ctrl Pts',(26.8239970665695,-24.5694970355751,22.5895313047636));
#8612=CARTESIAN_POINT('Ctrl Pts',(26.800277940033,-24.6378096894249,22.675378132697));
#8613=CARTESIAN_POINT('Ctrl Pts',(26.7827317213891,-24.6696118388737,22.7172871192356));
#8614=CARTESIAN_POINT('Ctrl Pts',(26.7285227194376,-24.7358035235291,22.8076047884144));
#8615=CARTESIAN_POINT('Ctrl Pts',(26.6883901289728,-24.7684009932252,22.8544245335937));
#8616=CARTESIAN_POINT('Ctrl Pts',(26.5951673892096,-24.8179191503921,22.9274073283387));
#8617=CARTESIAN_POINT('Ctrl Pts',(26.5455472620405,-24.8359526161453,22.954854422432));
#8618=CARTESIAN_POINT('Ctrl Pts',(26.4395145291776,-24.859413358632,22.9908482584168));
#8619=CARTESIAN_POINT('Ctrl Pts',(26.3852130343793,-24.8652696130279,23.0000010924414));
#8620=CARTESIAN_POINT('Ctrl Pts',(26.33,-24.8652696130279,23.0000010924414));
#8621=CARTESIAN_POINT('Origin',(26.33,-12.5000001862645,22.5000010924414));
#8622=CARTESIAN_POINT('Ctrl Pts',(26.83,39.4926139106492,22.5000010924414));
#8623=CARTESIAN_POINT('Ctrl Pts',(26.83,39.4934683353622,22.5009663066282));
#8624=CARTESIAN_POINT('Ctrl Pts',(26.8299972050856,39.4943221415115,22.5019320683105));
#8625=CARTESIAN_POINT('Ctrl Pts',(26.8297435832579,39.5329669188351,22.5457003953142));
#8626=CARTESIAN_POINT('Ctrl Pts',(26.8239970666101,39.5694972589754,22.5895313046166));
#8627=CARTESIAN_POINT('Ctrl Pts',(26.8002779400331,39.6378099129422,22.6753781326968));
#8628=CARTESIAN_POINT('Ctrl Pts',(26.7827317213892,39.6696120623911,22.7172871192355));
#8629=CARTESIAN_POINT('Ctrl Pts',(26.7285227194376,39.7358037470465,22.8076047884144));
#8630=CARTESIAN_POINT('Ctrl Pts',(26.6883901289728,39.7684012167426,22.8544245335937));
#8631=CARTESIAN_POINT('Ctrl Pts',(26.5951673892096,39.8179193739095,22.9274073283387));
#8632=CARTESIAN_POINT('Ctrl Pts',(26.5455472620405,39.8359528396627,22.954854422432));
#8633=CARTESIAN_POINT('Ctrl Pts',(26.4395145291776,39.8594135821494,22.9908482584168));
#8634=CARTESIAN_POINT('Ctrl Pts',(26.3852130343793,39.8652698365453,23.0000010924414));
#8635=CARTESIAN_POINT('Ctrl Pts',(26.33,39.8652698365453,23.0000010924414));
#8636=CARTESIAN_POINT('',(26.33,-12.5000001862645,23.0000010924414));
#8637=CARTESIAN_POINT('Origin',(26.33,38.5000005960464,22.3786799991671));
#8638=CARTESIAN_POINT('Origin',(26.8300012743566,0.,23.0000010924414));
#8639=CARTESIAN_POINT('Origin',(-43.17,-23.000000372529,0.));
#8640=CARTESIAN_POINT('',(-20.8087767365362,-23.000000372529,21.5082630629707));
#8641=CARTESIAN_POINT('',(-34.405421397683,-23.000000372529,15.1631622211012));
#8642=CARTESIAN_POINT('',(-24.9851765345978,-23.000000372529,13.9707293206633));
#8643=CARTESIAN_POINT('Origin',(0.,6.0857865493856,54.0857872646414));
#8644=CARTESIAN_POINT('',(-20.4412495728585,38.0000005960464,22.1715732179805));
#8645=CARTESIAN_POINT('',(-5.25239913642263,10.5872819371109,49.5842918769161));
#8646=CARTESIAN_POINT('',(13.415,38.0000005960464,22.1715732179805));
#8647=CARTESIAN_POINT('Origin',(-14.7910762835992,0.,32.3689618486004));
#8648=CARTESIAN_POINT('',(-20.8087767365362,38.0000005960464,21.5082630629707));
#8649=CARTESIAN_POINT('',(-16.76395492944,38.0000005960464,28.8083258746678));
#8650=CARTESIAN_POINT('',(-20.8087767365362,20.5,21.5082630629707));
#8651=CARTESIAN_POINT('',(-15.6543438166696,20.5,30.810943346115));
#8652=CARTESIAN_POINT('',(-20.8087767365362,0.,21.5082630629707));
#8653=CARTESIAN_POINT('Origin',(-21.3975300884238,0.,21.2335114987564));
#8654=CARTESIAN_POINT('',(-20.9705414489829,20.5,21.4327728638289));
#8655=CARTESIAN_POINT('',(-5.66454548527581,38.0000005960464,28.5755709802266));
#8656=CARTESIAN_POINT('Origin',(-26.744289339475,20.5,34.9193267930417));
#8657=CARTESIAN_POINT('Origin',(-26.744289339475,-6.,34.9193267930417));
#8658=CARTESIAN_POINT('',(-20.8087767365362,-6.,21.5082630629707));
#8659=CARTESIAN_POINT('',(-15.6543438166696,-6.,30.810943346115));
#8660=CARTESIAN_POINT('',(-20.9705414489829,-6.,21.4327728638289));
#8661=CARTESIAN_POINT('Origin',(-14.7910762835992,0.,32.3689618486004));
#8662=CARTESIAN_POINT('',(-20.8087767365362,0.,21.5082630629707));
#8663=CARTESIAN_POINT('Origin',(-21.3975300884238,0.,21.2335114987564));
#8664=CARTESIAN_POINT('Origin',(26.83,38.0000005960464,0.));
#8665=CARTESIAN_POINT('Origin',(-26.744289339475,18.5,34.9193267930417));
#8666=CARTESIAN_POINT('',(-20.3892168856095,18.5,18.9749923465883));
#8667=CARTESIAN_POINT('Origin',(-20.3892168856095,0.,18.9749923465883));
#8668=CARTESIAN_POINT('Origin',(-22.2433010190862,0.,23.0458777787469));
#8669=CARTESIAN_POINT('Origin',(-29.4337689810148,18.7480262534142,2.21297987519127));
#8670=CARTESIAN_POINT('',(-26.5587689810148,18.7480262534142,1.71297987519127));
#8671=CARTESIAN_POINT('',(-26.5587689810148,18.7480262534142,2.71297987519127));
#8672=CARTESIAN_POINT('',(-32.3087689810148,18.7480262534142,1.71297987519127));
#8673=CARTESIAN_POINT('Origin',(-26.5587689810148,16.2480262534142,1.71297987519127));
#8674=CARTESIAN_POINT('',(-26.5587689810148,-4.25197374658576,1.71297987519124));
#8675=CARTESIAN_POINT('',(-26.5587689810148,-4.25197374658576,1.71297987519124));
#8676=CARTESIAN_POINT('',(-26.5587689810148,16.2480262534142,1.71297987519127));
#8677=CARTESIAN_POINT('Origin',(-32.3087689810148,16.2480262534142,1.71297987519127));
#8678=CARTESIAN_POINT('',(-32.3087689810148,-4.25197374658576,1.71297987519124));
#8679=CARTESIAN_POINT('Origin',(-29.4337689810148,-4.25197374658576,2.21297987519124));
#8680=CARTESIAN_POINT('Origin',(-11.8299998509884,35.0000005215406,12.));
#8681=CARTESIAN_POINT('',(-14.8299998509884,35.0000005215406,-2.));
#8682=CARTESIAN_POINT('',(-14.8299998509884,35.0000005215406,-0.999999999999999));
#8683=CARTESIAN_POINT('',(-14.8299998509884,35.0000005215406,12.));
#8684=CARTESIAN_POINT('',(-11.8299998509884,38.0000005960464,-2.));
#8685=CARTESIAN_POINT('Origin',(-11.8299998509884,35.0000005215406,-2.));
#8686=CARTESIAN_POINT('',(-11.8299998509884,38.0000005960464,-1.));
#8687=CARTESIAN_POINT('',(-11.8299998509884,38.0000005960464,12.));
#8688=CARTESIAN_POINT('Origin',(-11.8299998509884,35.0000005215406,-0.999999999999999));
#8689=CARTESIAN_POINT('Origin',(-11.8299998509884,-20.0000002980232,12.));
#8690=CARTESIAN_POINT('',(-14.8299998509884,-20.0000002980232,-2.));
#8691=CARTESIAN_POINT('',(-14.8299998509884,-20.0000002980232,-0.999999999999999));
#8692=CARTESIAN_POINT('',(-14.8299998509884,-20.0000002980232,12.));
#8693=CARTESIAN_POINT('',(-11.8299998509884,-23.000000372529,-2.));
#8694=CARTESIAN_POINT('Origin',(-11.8299998509884,-20.0000002980232,-2.));
#8695=CARTESIAN_POINT('',(-11.8299998509884,-23.000000372529,-1.));
#8696=CARTESIAN_POINT('',(-11.8299998509884,-23.000000372529,12.));
#8697=CARTESIAN_POINT('Origin',(-11.8299998509884,-20.0000002980232,-0.999999999999999));
#8698=CARTESIAN_POINT('Origin',(-8.16999999999999,7.50000011175871,-1.4));
#8699=CARTESIAN_POINT('',(-7.75876898101479,-0.851973746585697,-1.4));
#8700=CARTESIAN_POINT('',(-25.5587689810148,-0.851973746585694,-1.4));
#8701=CARTESIAN_POINT('',(-16.8643844905074,-0.851973746585696,-1.4));
#8702=CARTESIAN_POINT('',(-7.75876898101478,15.1480262534143,-1.4));
#8703=CARTESIAN_POINT('',(-7.75876898101479,3.32401318258651,-1.4));
#8704=CARTESIAN_POINT('',(-25.5587689810148,15.1480262534143,-1.4));
#8705=CARTESIAN_POINT('',(-7.96438449050739,15.1480262534143,-1.4));
#8706=CARTESIAN_POINT('',(-25.5587689810148,11.3240131825865,-1.4));
#8707=CARTESIAN_POINT('Origin',(-7.75876898101478,15.1480262534143,0.));
#8708=CARTESIAN_POINT('',(-7.75876898101478,15.1480262534143,0.8));
#8709=CARTESIAN_POINT('',(-7.75876898101478,15.1480262534143,0.));
#8710=CARTESIAN_POINT('',(-25.5587689810148,15.1480262534143,0.8));
#8711=CARTESIAN_POINT('',(-25.5587689810148,15.1480262534143,0.8));
#8712=CARTESIAN_POINT('',(-25.5587689810148,15.1480262534143,0.));
#8713=CARTESIAN_POINT('Origin',(-7.75876898101479,-0.851973746585697,0.));
#8714=CARTESIAN_POINT('',(-7.75876898101479,-0.851973746585697,0.8));
#8715=CARTESIAN_POINT('',(-7.75876898101479,-0.851973746585697,0.));
#8716=CARTESIAN_POINT('',(-7.75876898101478,15.1480262534143,0.8));
#8717=CARTESIAN_POINT('Origin',(24.83,7.26024253666585,-2.));
#8718=CARTESIAN_POINT('',(24.83,7.26024253666585,1.00000013411045));
#8719=CARTESIAN_POINT('',(24.83,7.26024253666585,-2.));
#8720=CARTESIAN_POINT('',(24.83,7.26024253666585,-3.));
#8721=CARTESIAN_POINT('',(17.33,7.26024253666585,1.00000013411045));
#8722=CARTESIAN_POINT('',(24.83,7.26024253666585,1.00000013411045));
#8723=CARTESIAN_POINT('',(17.33,7.26024253666585,-2.));
#8724=CARTESIAN_POINT('',(17.33,7.26024253666585,1.00000013411045));
#8725=CARTESIAN_POINT('',(8.33000000000001,7.26024253666585,-2.));
#8726=CARTESIAN_POINT('Origin',(24.83,18.5000002756715,1.00000001490116));
#8727=CARTESIAN_POINT('',(24.83,18.5000002756715,-2.));
#8728=CARTESIAN_POINT('',(24.83,18.5000002756715,1.00000001490116));
#8729=CARTESIAN_POINT('',(24.83,18.5000002756715,-1.49999999254942));
#8730=CARTESIAN_POINT('',(17.33,18.5000002756715,-2.));
#8731=CARTESIAN_POINT('',(8.33000000000001,18.5000002756715,-2.));
#8732=CARTESIAN_POINT('',(17.33,18.5000002756715,1.00000001490116));
#8733=CARTESIAN_POINT('',(17.33,18.5000002756715,1.00000001490116));
#8734=CARTESIAN_POINT('',(24.83,18.5000002756715,1.00000001490116));
#8735=CARTESIAN_POINT('Origin',(17.33,12.8801214061687,-0.499999932944776));
#8736=CARTESIAN_POINT('',(17.33,8.3492449898365,0.365579875191284));
#8737=CARTESIAN_POINT('',(17.33,8.3492449898365,-0.203620124808714));
#8738=CARTESIAN_POINT('',(17.33,8.3492449898365,0.365579875191284));
#8739=CARTESIAN_POINT('',(17.33,9.7446449898365,-1.59902012480871));
#8740=CARTESIAN_POINT('Origin',(17.33,9.7446449898365,-0.203620124808713));
#8741=CARTESIAN_POINT('',(17.33,16.0938449898365,-1.5990201248087));
#8742=CARTESIAN_POINT('',(17.33,9.7446449898365,-1.59902012480871));
#8743=CARTESIAN_POINT('',(17.33,17.4892449898365,-0.203620124808699));
#8744=CARTESIAN_POINT('Origin',(17.33,16.0938449898365,-0.203620124808701));
#8745=CARTESIAN_POINT('',(17.33,17.4892449898365,0.365579875191298));
#8746=CARTESIAN_POINT('',(17.33,17.4892449898365,-0.203620124808699));
#8747=CARTESIAN_POINT('',(17.33,17.3366853235371,1.00000013411045));
#8748=CARTESIAN_POINT('Origin',(17.33,16.0938449898365,0.365579875191306));
#8749=CARTESIAN_POINT('',(17.33,17.3366853235371,1.00000013411045));
#8750=CARTESIAN_POINT('',(17.33,10.1900607589637,-2.));
#8751=CARTESIAN_POINT('',(17.33,8.50180465613593,1.00000013411045));
#8752=CARTESIAN_POINT('',(17.33,-23.000000372529,1.00000013411045));
#8753=CARTESIAN_POINT('Origin',(17.33,9.74464498983652,0.365579875191281));
#8754=CARTESIAN_POINT('Origin',(24.83,-25.000000372529,-4.));
#8755=CARTESIAN_POINT('',(24.83,-20.0000002980232,-2.));
#8756=CARTESIAN_POINT('',(24.83,-8.75000013038516,-2.));
#8757=CARTESIAN_POINT('',(24.83,-20.0000002980232,-1.));
#8758=CARTESIAN_POINT('',(24.83,-20.0000002980232,12.));
#8759=CARTESIAN_POINT('',(24.83,-23.000000372529,-2.));
#8760=CARTESIAN_POINT('',(24.83,-8.75000013038516,-2.));
#8761=CARTESIAN_POINT('',(24.83,-23.000000372529,1.00000013411045));
#8762=CARTESIAN_POINT('',(24.83,-23.000000372529,5.00000013411045));
#8763=CARTESIAN_POINT('',(24.83,-8.75000013038516,1.00000013411045));
#8764=CARTESIAN_POINT('Origin',(-16.6587689810148,7.14802625341428,0.8));
#8765=CARTESIAN_POINT('',(-26.5587689810148,16.1480262534143,0.8));
#8766=CARTESIAN_POINT('',(-26.5587689810148,-1.85197374658569,0.8));
#8767=CARTESIAN_POINT('',(-26.5587689810148,-1.85197374658569,0.8));
#8768=CARTESIAN_POINT('',(-6.75876898101479,-1.8519737465857,0.8));
#8769=CARTESIAN_POINT('',(-6.75876898101479,-1.8519737465857,0.8));
#8770=CARTESIAN_POINT('',(-6.75876898101478,16.1480262534143,0.8));
#8771=CARTESIAN_POINT('',(-6.75876898101478,16.1480262534143,0.8));
#8772=CARTESIAN_POINT('',(-26.5587689810148,16.1480262534143,0.8));
#8773=CARTESIAN_POINT('',(-25.5587689810148,-0.851973746585695,0.8));
#8774=CARTESIAN_POINT('',(-7.75876898101479,-0.851973746585697,0.8));
#8775=CARTESIAN_POINT('',(-25.5587689810148,-0.851973746585694,0.8));
#8776=CARTESIAN_POINT('Origin',(-25.5587689810148,-0.851973746585694,0.));
#8777=CARTESIAN_POINT('',(-25.5587689810148,-0.851973746585694,0.));
#8778=CARTESIAN_POINT('Origin',(-26.5587689810148,-1.85197374658569,0.));
#8779=CARTESIAN_POINT('',(-26.5587689810148,-1.85197374658569,-2.));
#8780=CARTESIAN_POINT('',(-26.5587689810148,16.1480262534143,-2.));
#8781=CARTESIAN_POINT('',(-26.5587689810148,2.82401318258651,-2.));
#8782=CARTESIAN_POINT('',(-26.5587689810148,-1.85197374658569,0.));
#8783=CARTESIAN_POINT('',(-26.5587689810148,16.1480262534143,0.));
#8784=CARTESIAN_POINT('Origin',(-6.75876898101479,-1.8519737465857,0.));
#8785=CARTESIAN_POINT('',(-6.75876898101479,-1.8519737465857,-2.));
#8786=CARTESIAN_POINT('',(-7.46438449050739,-1.8519737465857,-2.));
#8787=CARTESIAN_POINT('',(-6.75876898101479,-1.8519737465857,0.));
#8788=CARTESIAN_POINT('Origin',(-25.5587689810148,15.1480262534143,0.));
#8789=CARTESIAN_POINT('Origin',(-6.75876898101478,16.1480262534143,0.));
#8790=CARTESIAN_POINT('',(-6.75876898101478,16.1480262534143,-2.));
#8791=CARTESIAN_POINT('',(-6.75876898101478,11.8240131825865,-2.));
#8792=CARTESIAN_POINT('',(-6.75876898101478,16.1480262534143,0.));
#8793=CARTESIAN_POINT('Origin',(-26.5587689810148,16.1480262534143,0.));
#8794=CARTESIAN_POINT('',(-17.3643844905074,16.1480262534143,-2.));
#8795=CARTESIAN_POINT('Origin',(-8.16999999999999,7.50000011175871,-2.));
#8796=CARTESIAN_POINT('',(24.83,35.0000005215406,-2.));
#8797=CARTESIAN_POINT('',(24.83,-8.75000013038516,-2.));
#8798=CARTESIAN_POINT('',(21.83,38.0000005960464,-2.));
#8799=CARTESIAN_POINT('Origin',(21.83,35.0000005215406,-2.));
#8800=CARTESIAN_POINT('',(9.33000000000001,38.0000005960464,-2.));
#8801=CARTESIAN_POINT('Origin',(-11.8299998509884,35.0000005215406,-2.));
#8802=CARTESIAN_POINT('',(-41.17,38.0000005960464,-2.));
#8803=CARTESIAN_POINT('',(9.33000000000001,38.0000005960464,-2.));
#8804=CARTESIAN_POINT('',(-41.17,7.50000011175871,-2.));
#8805=CARTESIAN_POINT('',(-41.17,23.7500003539026,-2.));
#8806=CARTESIAN_POINT('Origin',(-38.17,7.50000011175871,-2.));
#8807=CARTESIAN_POINT('',(-41.17,-23.000000372529,-2.));
#8808=CARTESIAN_POINT('',(-41.17,23.7500003539026,-2.));
#8809=CARTESIAN_POINT('',(-25.67,-23.000000372529,-2.));
#8810=CARTESIAN_POINT('Origin',(-11.8299998509884,-20.0000002980232,-2.));
#8811=CARTESIAN_POINT('',(21.83,-23.000000372529,-2.));
#8812=CARTESIAN_POINT('',(-25.67,-23.000000372529,-2.));
#8813=CARTESIAN_POINT('Origin',(21.83,-20.0000002980232,-2.));
#8814=CARTESIAN_POINT('Origin',(-38.17,7.50000011175871,1.));
#8815=CARTESIAN_POINT('',(-40.17,7.50000011175871,1.));
#8816=CARTESIAN_POINT('Origin',(-38.17,7.50000011175871,1.));
#8817=CARTESIAN_POINT('',(-39.17,7.50000011175871,1.));
#8818=CARTESIAN_POINT('Origin',(-38.17,7.50000011175871,1.));
#8819=CARTESIAN_POINT('Origin',(21.83,35.0000005215406,12.));
#8820=CARTESIAN_POINT('',(19.73,35.0000005215406,1.));
#8821=CARTESIAN_POINT('Origin',(21.83,35.0000005215406,1.));
#8822=CARTESIAN_POINT('',(19.73,35.0000005215406,-0.999999999999999));
#8823=CARTESIAN_POINT('',(19.73,35.0000005215406,12.));
#8824=CARTESIAN_POINT('Origin',(21.83,35.0000005215406,-0.999999999999999));
#8825=CARTESIAN_POINT('Origin',(21.83,35.0000005215406,-0.999999999999999));
#8826=CARTESIAN_POINT('',(24.83,35.0000005215406,-1.));
#8827=CARTESIAN_POINT('',(21.83,38.0000005960464,-1.));
#8828=CARTESIAN_POINT('Origin',(21.83,35.0000005215406,-0.999999999999999));
#8829=CARTESIAN_POINT('Origin',(21.83,35.0000005215406,-0.999999999999999));
#8830=CARTESIAN_POINT('Origin',(-11.8299998509884,35.0000005215406,12.));
#8831=CARTESIAN_POINT('',(-13.9299998509884,35.0000005215406,1.));
#8832=CARTESIAN_POINT('Origin',(-11.8299998509884,35.0000005215406,1.));
#8833=CARTESIAN_POINT('',(-13.9299998509884,35.0000005215406,-0.999999999999999));
#8834=CARTESIAN_POINT('',(-13.9299998509884,35.0000005215406,12.));
#8835=CARTESIAN_POINT('Origin',(-11.8299998509884,35.0000005215406,-0.999999999999999));
#8836=CARTESIAN_POINT('Origin',(-11.8299998509884,35.0000005215406,-0.999999999999999));
#8837=CARTESIAN_POINT('Origin',(-11.8299998509884,35.0000005215406,-0.999999999999999));
#8838=CARTESIAN_POINT('Origin',(21.83,-20.0000002980232,12.));
#8839=CARTESIAN_POINT('',(19.73,-20.0000002980232,1.));
#8840=CARTESIAN_POINT('Origin',(21.83,-20.0000002980232,1.));
#8841=CARTESIAN_POINT('',(19.73,-20.0000002980232,-0.999999999999999));
#8842=CARTESIAN_POINT('',(19.73,-20.0000002980232,12.));
#8843=CARTESIAN_POINT('Origin',(21.83,-20.0000002980232,-0.999999999999999));
#8844=CARTESIAN_POINT('Origin',(21.83,-20.0000002980232,-0.999999999999999));
#8845=CARTESIAN_POINT('',(21.83,-23.000000372529,-1.));
#8846=CARTESIAN_POINT('Origin',(21.83,-20.0000002980232,-0.999999999999999));
#8847=CARTESIAN_POINT('Origin',(21.83,-20.0000002980232,-0.999999999999999));
#8848=CARTESIAN_POINT('Origin',(-38.17,7.50000011175871,12.));
#8849=CARTESIAN_POINT('',(-40.17,7.50000011175871,-0.999999999999999));
#8850=CARTESIAN_POINT('',(-40.17,7.50000011175871,12.));
#8851=CARTESIAN_POINT('Origin',(-38.17,7.50000011175871,-0.999999999999999));
#8852=CARTESIAN_POINT('Origin',(-38.17,7.50000011175871,-0.999999999999999));
#8853=CARTESIAN_POINT('',(-41.17,7.50000011175871,-0.999999999999999));
#8854=CARTESIAN_POINT('Origin',(-38.17,7.50000011175871,-0.999999999999999));
#8855=CARTESIAN_POINT('Origin',(-11.8299998509884,-20.0000002980232,12.));
#8856=CARTESIAN_POINT('',(-13.9299998509884,-20.0000002980232,1.));
#8857=CARTESIAN_POINT('Origin',(-11.8299998509884,-20.0000002980232,1.));
#8858=CARTESIAN_POINT('',(-13.9299998509884,-20.0000002980232,-0.999999999999999));
#8859=CARTESIAN_POINT('',(-13.9299998509884,-20.0000002980232,12.));
#8860=CARTESIAN_POINT('Origin',(-11.8299998509884,-20.0000002980232,-0.999999999999999));
#8861=CARTESIAN_POINT('Origin',(-11.8299998509884,-20.0000002980232,-0.999999999999999));
#8862=CARTESIAN_POINT('Origin',(-11.8299998509884,-20.0000002980232,-0.999999999999999));
#8863=CARTESIAN_POINT('Origin',(21.83,35.0000005215406,12.));
#8864=CARTESIAN_POINT('',(24.83,35.0000005215406,12.));
#8865=CARTESIAN_POINT('Origin',(21.83,35.0000005215406,-2.));
#8866=CARTESIAN_POINT('',(21.83,38.0000005960464,12.));
#8867=CARTESIAN_POINT('Origin',(21.83,-20.0000002980232,12.));
#8868=CARTESIAN_POINT('',(24.83,-20.0000002980232,12.));
#8869=CARTESIAN_POINT('',(21.83,-23.000000372529,12.));
#8870=CARTESIAN_POINT('Origin',(-38.17,7.50000011175871,12.));
#8871=CARTESIAN_POINT('',(-41.17,7.50000011175871,12.));
#8872=CARTESIAN_POINT('Origin',(-11.8299998509884,-20.0000002980232,12.));
#8873=CARTESIAN_POINT('Origin',(-43.17,-23.000000372529,-4.));
#8874=CARTESIAN_POINT('',(-11.8299998509884,-23.000000372529,12.));
#8875=CARTESIAN_POINT('',(-41.17,-23.000000372529,1.00000013411045));
#8876=CARTESIAN_POINT('',(-41.17,-23.000000372529,-4.));
#8877=CARTESIAN_POINT('',(-25.67,-23.000000372529,1.00000013411045));
#8878=CARTESIAN_POINT('',(-25.67,-23.000000372529,-2.));
#8879=CARTESIAN_POINT('',(21.83,-23.000000372529,12.));
#8880=CARTESIAN_POINT('Origin',(-11.8299998509884,35.0000005215406,12.));
#8881=CARTESIAN_POINT('Origin',(21.83,-20.0000002980232,12.));
#8882=CARTESIAN_POINT('Origin',(21.83,-20.0000002980232,-2.));
#8883=CARTESIAN_POINT('Origin',(-8.16999999999999,7.50000011175871,-2.));
#8884=CARTESIAN_POINT('Origin',(21.83,35.0000005215406,12.));
#8885=CARTESIAN_POINT('Origin',(26.83,38.0000005960464,-4.));
#8886=CARTESIAN_POINT('',(21.83,38.0000005960464,12.));
#8887=CARTESIAN_POINT('',(24.83,38.0000005960464,-2.));
#8888=CARTESIAN_POINT('',(9.33000000000001,38.0000005960464,-2.));
#8889=CARTESIAN_POINT('',(24.83,38.0000005960464,1.00000013411045));
#8890=CARTESIAN_POINT('',(24.83,38.0000005960464,5.00000013411045));
#8891=CARTESIAN_POINT('',(-41.17,38.0000005960464,1.00000013411045));
#8892=CARTESIAN_POINT('',(9.33000000000001,38.0000005960464,1.00000013411045));
#8893=CARTESIAN_POINT('',(-41.17,38.0000005960464,5.00000013411045));
#8894=CARTESIAN_POINT('',(-11.8299998509884,38.0000005960464,12.));
#8895=CARTESIAN_POINT('Origin',(24.83,-25.000000372529,-4.));
#8896=CARTESIAN_POINT('',(24.83,-8.75000013038516,1.00000013411045));
#8897=CARTESIAN_POINT('',(24.83,-8.75000013038516,-2.));
#8898=CARTESIAN_POINT('',(24.83,35.0000005215406,12.));
#8899=CARTESIAN_POINT('Origin',(-8.16999999999999,7.50000011175871,-2.));
#8900=CARTESIAN_POINT('Origin',(-38.17,7.50000011175871,12.));
#8901=CARTESIAN_POINT('',(-39.17,7.50000011175871,-2.));
#8902=CARTESIAN_POINT('Origin',(-38.17,7.50000011175871,-2.));
#8903=CARTESIAN_POINT('',(-39.17,7.50000011175871,12.));
#8904=CARTESIAN_POINT('Origin',(-38.17,7.50000011175871,-2.));
#8905=CARTESIAN_POINT('',(-40.17,7.50000011175871,-2.));
#8906=CARTESIAN_POINT('Origin',(-38.17,7.50000011175871,-2.));
#8907=CARTESIAN_POINT('Origin',(-38.17,7.50000011175871,12.));
#8908=CARTESIAN_POINT('',(-40.17,7.50000011175871,-4.));
#8909=CARTESIAN_POINT('',(-40.17,7.50000011175871,12.));
#8910=CARTESIAN_POINT('Origin',(-38.17,7.50000011175871,-4.));
#8911=CARTESIAN_POINT('Origin',(-11.8299998509884,-20.0000002980232,1.));
#8912=CARTESIAN_POINT('',(-12.8299998509884,-20.0000002980232,1.));
#8913=CARTESIAN_POINT('Origin',(-11.8299998509884,-20.0000002980232,1.));
#8914=CARTESIAN_POINT('Origin',(-11.8299998509884,35.0000005215406,1.));
#8915=CARTESIAN_POINT('',(-12.8299998509884,35.0000005215406,1.));
#8916=CARTESIAN_POINT('Origin',(-11.8299998509884,35.0000005215406,1.));
#8917=CARTESIAN_POINT('Origin',(21.83,-20.0000002980232,1.));
#8918=CARTESIAN_POINT('',(20.83,-20.0000002980232,1.));
#8919=CARTESIAN_POINT('Origin',(21.83,-20.0000002980232,1.));
#8920=CARTESIAN_POINT('Origin',(21.83,35.0000005215406,1.));
#8921=CARTESIAN_POINT('',(20.83,35.0000005215406,1.));
#8922=CARTESIAN_POINT('Origin',(21.83,35.0000005215406,1.));
#8923=CARTESIAN_POINT('Origin',(21.83,35.0000005215406,12.));
#8924=CARTESIAN_POINT('',(20.83,35.0000005215406,-2.));
#8925=CARTESIAN_POINT('Origin',(21.83,35.0000005215406,-2.));
#8926=CARTESIAN_POINT('',(20.83,35.0000005215406,12.));
#8927=CARTESIAN_POINT('Origin',(21.83,35.0000005215406,-2.));
#8928=CARTESIAN_POINT('',(19.73,35.0000005215406,-2.));
#8929=CARTESIAN_POINT('Origin',(21.83,35.0000005215406,-2.));
#8930=CARTESIAN_POINT('Origin',(-11.8299998509884,-20.0000002980232,12.));
#8931=CARTESIAN_POINT('',(-12.8299998509884,-20.0000002980232,-2.));
#8932=CARTESIAN_POINT('Origin',(-11.8299998509884,-20.0000002980232,-2.));
#8933=CARTESIAN_POINT('',(-12.8299998509884,-20.0000002980232,12.));
#8934=CARTESIAN_POINT('Origin',(-11.8299998509884,-20.0000002980232,-2.));
#8935=CARTESIAN_POINT('',(-13.9299998509884,-20.0000002980232,-2.));
#8936=CARTESIAN_POINT('Origin',(-11.8299998509884,-20.0000002980232,-2.));
#8937=CARTESIAN_POINT('Origin',(-11.8299998509884,35.0000005215406,12.));
#8938=CARTESIAN_POINT('',(-12.8299998509884,35.0000005215406,-2.));
#8939=CARTESIAN_POINT('Origin',(-11.8299998509884,35.0000005215406,-2.));
#8940=CARTESIAN_POINT('',(-12.8299998509884,35.0000005215406,12.));
#8941=CARTESIAN_POINT('Origin',(-11.8299998509884,35.0000005215406,-2.));
#8942=CARTESIAN_POINT('',(-13.9299998509884,35.0000005215406,-2.));
#8943=CARTESIAN_POINT('Origin',(-11.8299998509884,35.0000005215406,-2.));
#8944=CARTESIAN_POINT('Origin',(21.83,-20.0000002980232,12.));
#8945=CARTESIAN_POINT('',(20.83,-20.0000002980232,-2.));
#8946=CARTESIAN_POINT('Origin',(21.83,-20.0000002980232,-2.));
#8947=CARTESIAN_POINT('',(20.83,-20.0000002980232,12.));
#8948=CARTESIAN_POINT('Origin',(21.83,-20.0000002980232,-2.));
#8949=CARTESIAN_POINT('',(19.73,-20.0000002980232,-2.));
#8950=CARTESIAN_POINT('Origin',(21.83,-20.0000002980232,-2.));
#8951=CARTESIAN_POINT('Origin',(-8.16999999999999,7.50000011175871,-4.));
#8952=CARTESIAN_POINT('',(26.83,39.5000005960464,-4.));
#8953=CARTESIAN_POINT('',(26.33,40.0000005960464,-4.));
#8954=CARTESIAN_POINT('Origin',(26.33,39.5000005960464,-4.));
#8955=CARTESIAN_POINT('',(26.83,-24.500000372529,-4.));
#8956=CARTESIAN_POINT('',(26.83,-25.000000372529,-4.));
#8957=CARTESIAN_POINT('',(26.33,-25.000000372529,-4.));
#8958=CARTESIAN_POINT('Origin',(26.33,-24.500000372529,-4.));
#8959=CARTESIAN_POINT('',(-43.17,-25.000000372529,-4.));
#8960=CARTESIAN_POINT('',(-43.17,-25.000000372529,-4.));
#8961=CARTESIAN_POINT('',(-43.17,40.0000005960464,-4.));
#8962=CARTESIAN_POINT('',(-43.17,40.0000005960464,-4.));
#8963=CARTESIAN_POINT('',(26.83,40.0000005960464,-4.));
#8964=CARTESIAN_POINT('',(19.73,35.0000005215406,-4.));
#8965=CARTESIAN_POINT('Origin',(21.83,35.0000005215406,-4.));
#8966=CARTESIAN_POINT('',(19.73,-20.0000002980232,-4.));
#8967=CARTESIAN_POINT('Origin',(21.83,-20.0000002980232,-4.));
#8968=CARTESIAN_POINT('',(-13.9299998509884,35.0000005215406,-4.));
#8969=CARTESIAN_POINT('Origin',(-11.8299998509884,35.0000005215406,-4.));
#8970=CARTESIAN_POINT('',(-13.9299998509884,-20.0000002980232,-4.));
#8971=CARTESIAN_POINT('Origin',(-11.8299998509884,-20.0000002980232,-4.));
#8972=CARTESIAN_POINT('Origin',(-41.17,40.0000005960464,-4.));
#8973=CARTESIAN_POINT('',(-41.17,7.50000011175871,12.));
#8974=CARTESIAN_POINT('',(-41.17,23.7500003539026,1.00000013411045));
#8975=CARTESIAN_POINT('Origin',(26.33,-24.500000372529,-4.));
#8976=CARTESIAN_POINT('',(26.83,-24.500000372529,1.00000013411045));
#8977=CARTESIAN_POINT('',(26.33,-25.000000372529,1.00000013411045));
#8978=CARTESIAN_POINT('Origin',(26.33,-24.500000372529,1.00000013411045));
#8979=CARTESIAN_POINT('',(26.33,-25.000000372529,-4.));
#8980=CARTESIAN_POINT('',(26.83,-24.500000372529,-4.));
#8981=CARTESIAN_POINT('Origin',(0.,9.7446449898365,-1.59902012480871));
#8982=CARTESIAN_POINT('',(26.83,16.0938449898365,-1.5990201248087));
#8983=CARTESIAN_POINT('',(26.83,9.7446449898365,-1.59902012480871));
#8984=CARTESIAN_POINT('',(26.83,-7.62767769134627,-1.59902012480873));
#8985=CARTESIAN_POINT('',(0.,16.0938449898365,-1.5990201248087));
#8986=CARTESIAN_POINT('',(0.,9.7446449898365,-1.59902012480871));
#8987=CARTESIAN_POINT('Origin',(0.,16.0938449898365,-0.203620124808701));
#8988=CARTESIAN_POINT('',(26.83,17.4892449898365,-0.203620124808699));
#8989=CARTESIAN_POINT('Origin',(26.83,16.0938449898365,-0.203620124808701));
#8990=CARTESIAN_POINT('',(0.,17.4892449898365,-0.203620124808699));
#8991=CARTESIAN_POINT('Origin',(0.,17.4892449898365,-0.203620124808699));
#8992=CARTESIAN_POINT('',(26.83,17.4892449898365,0.365579875191298));
#8993=CARTESIAN_POINT('',(26.83,17.4892449898365,-2.10181006240435));
#8994=CARTESIAN_POINT('',(0.,17.4892449898365,0.365579875191298));
#8995=CARTESIAN_POINT('Origin',(0.,16.0938449898365,0.365579875191298));
#8996=CARTESIAN_POINT('',(26.83,17.3366853235371,1.00000013411045));
#8997=CARTESIAN_POINT('',(0.,17.3366853235371,1.00000013411045));
#8998=CARTESIAN_POINT('Origin',(26.83,16.0938449898365,0.365579875191298));
#8999=CARTESIAN_POINT('Origin',(0.,8.3492449898365,0.365579875191284));
#9000=CARTESIAN_POINT('',(26.83,8.3492449898365,-0.203620124808714));
#9001=CARTESIAN_POINT('',(26.83,8.3492449898365,0.365579875191284));
#9002=CARTESIAN_POINT('',(26.83,8.34924498983651,-1.81721006240429));
#9003=CARTESIAN_POINT('',(0.,8.3492449898365,-0.203620124808714));
#9004=CARTESIAN_POINT('',(0.,8.3492449898365,0.365579875191284));
#9005=CARTESIAN_POINT('Origin',(0.,9.7446449898365,-0.203620124808712));
#9006=CARTESIAN_POINT('Origin',(26.83,9.7446449898365,-0.203620124808712));
#9007=CARTESIAN_POINT('Origin',(26.33,39.5000005960464,-4.));
#9008=CARTESIAN_POINT('',(26.33,40.0000005960464,1.00000013411045));
#9009=CARTESIAN_POINT('',(26.83,39.5000005960464,1.00000013411045));
#9010=CARTESIAN_POINT('Origin',(26.33,39.5000005960464,1.00000013411045));
#9011=CARTESIAN_POINT('',(26.83,39.5000005960464,-4.));
#9012=CARTESIAN_POINT('',(26.33,40.0000005960464,-4.));
#9013=CARTESIAN_POINT('Origin',(26.83,-25.000000372529,-4.));
#9014=CARTESIAN_POINT('',(26.83,8.50180465613593,1.00000013411045));
#9015=CARTESIAN_POINT('',(26.83,-8.75000013038516,1.00000013411045));
#9016=CARTESIAN_POINT('',(26.83,-8.75000013038516,1.00000013411045));
#9017=CARTESIAN_POINT('Origin',(26.83,9.7446449898365,0.365579875191286));
#9018=CARTESIAN_POINT('Origin',(26.83,40.0000005960464,-4.));
#9019=CARTESIAN_POINT('',(-43.17,40.0000005960464,1.00000013411045));
#9020=CARTESIAN_POINT('',(9.33000000000001,40.0000005960464,1.00000013411045));
#9021=CARTESIAN_POINT('',(-43.17,40.0000005960464,-4.));
#9022=CARTESIAN_POINT('Origin',(-43.17,40.0000005960464,-4.));
#9023=CARTESIAN_POINT('',(-43.17,-25.000000372529,1.00000013411045));
#9024=CARTESIAN_POINT('',(-43.17,23.7500003539026,1.00000013411045));
#9025=CARTESIAN_POINT('',(-43.17,-25.000000372529,5.00000013411045));
#9026=CARTESIAN_POINT('Origin',(-43.17,-25.000000372529,-4.));
#9027=CARTESIAN_POINT('',(-25.67,-25.000000372529,1.00000013411045));
#9028=CARTESIAN_POINT('Origin',(0.,9.7446449898365,0.365579875191286));
#9029=CARTESIAN_POINT('',(0.,8.50180465613593,1.00000013411045));
#9030=CARTESIAN_POINT('Origin',(-8.17,7.50000011175871,1.00000013411045));
#9031=CARTESIAN_POINT('Origin',(21.83,-20.0000002980232,12.));
#9032=CARTESIAN_POINT('',(19.73,-20.0000002980232,12.));
#9033=CARTESIAN_POINT('Origin',(-11.8299998509884,35.0000005215406,12.));
#9034=CARTESIAN_POINT('',(-13.9299998509884,35.0000005215406,12.));
#9035=CARTESIAN_POINT('Origin',(-11.8299998509884,-20.0000002980232,12.));
#9036=CARTESIAN_POINT('',(-13.9299998509884,-20.0000002980232,12.));
#9037=CARTESIAN_POINT('Origin',(21.83,35.0000005215406,12.));
#9038=CARTESIAN_POINT('',(19.73,35.0000005215406,12.));
#9039=UNCERTAINTY_MEASURE_WITH_UNIT(LENGTH_MEASURE(0.01),#9043,
'DISTANCE_ACCURACY_VALUE',
'Maximum model space distance between geometric entities at asserted c
onnectivities');
#9040=UNCERTAINTY_MEASURE_WITH_UNIT(LENGTH_MEASURE(0.01),#9043,
'DISTANCE_ACCURACY_VALUE',
'Maximum model space distance between geometric entities at asserted c
onnectivities');
#9041=(
GEOMETRIC_REPRESENTATION_CONTEXT(3)
GLOBAL_UNCERTAINTY_ASSIGNED_CONTEXT((#9039))
GLOBAL_UNIT_ASSIGNED_CONTEXT((#9043,#9044,#9045))
REPRESENTATION_CONTEXT('','3D')
);
#9042=(
GEOMETRIC_REPRESENTATION_CONTEXT(3)
GLOBAL_UNCERTAINTY_ASSIGNED_CONTEXT((#9040))
GLOBAL_UNIT_ASSIGNED_CONTEXT((#9043,#9044,#9045))
REPRESENTATION_CONTEXT('','3D')
);
#9043=(
LENGTH_UNIT()
NAMED_UNIT(*)
SI_UNIT(.MILLI.,.METRE.)
);
#9044=(
NAMED_UNIT(*)
PLANE_ANGLE_UNIT()
SI_UNIT($,.RADIAN.)
);
#9045=(
NAMED_UNIT(*)
SI_UNIT($,.STERADIAN.)
SOLID_ANGLE_UNIT()
);
#9046=SHAPE_DEFINITION_REPRESENTATION(#9047,#9048);
#9047=PRODUCT_DEFINITION_SHAPE('',$,#9050);
#9048=SHAPE_REPRESENTATION('',(#5303),#9041);
#9049=PRODUCT_DEFINITION_CONTEXT('part definition',#9054,'design');
#9050=PRODUCT_DEFINITION('2026-09-21-10-24-17-359','Untitled',#9051,#9049);
#9051=PRODUCT_DEFINITION_FORMATION('',$,#9056);
#9052=PRODUCT_RELATED_PRODUCT_CATEGORY('Untitled','Untitled',(#9056));
#9053=APPLICATION_PROTOCOL_DEFINITION('international standard',
'automotive_design',2009,#9054);
#9054=APPLICATION_CONTEXT(
'Core Data for Automotive Mechanical Design Process');
#9055=PRODUCT_CONTEXT('part definition',#9054,'mechanical');
#9056=PRODUCT('2026-09-21-10-24-17-359','Untitled',$,(#9055));
#9057=PRESENTATION_STYLE_ASSIGNMENT((#9058));
#9058=SURFACE_STYLE_USAGE(.BOTH.,#9059);
#9059=SURFACE_SIDE_STYLE('',(#9060));
#9060=SURFACE_STYLE_FILL_AREA(#9061);
#9061=FILL_AREA_STYLE('Steel - Satin',(#9062));
#9062=FILL_AREA_STYLE_COLOUR('Steel - Satin',#9063);
#9063=COLOUR_RGB('Steel - Satin',0.627450980392157,0.627450980392157,0.627450980392157);
ENDSEC;
END-ISO-10303-21;
